repo,status,verified,stages_present,dockerfiles_found,entry_points_resolved,entry_files,entry_route,reachable_files,total_functions,max_depth,parse_errors,dynamic_imports,data_acquisition,data_acquisition_evidence,data_preparation,data_preparation_evidence,modeling,modeling_evidence,training,training_evidence,evaluation,evaluation_evidence,inference,inference_evidence,detail
https://github.com/federico-terzi/pygarl,ok,True,6,0,1,pygarl\__main__.py,fallback_nested,14,134,3,0,2,True,pygarl/base.py:46 json.load [matched json.load],True,pygarl/classifiers.py:62 sklearn.model_selection.train_test_split [matched train_test_split],True,pygarl/plugins/train.py:54 pygarl.classifiers.MLPClassifier [matched MLPClassifier],True,pygarl/__main__.py:95 trainer.train [matched trainer.train],True,pygarl/classifiers.py:76 sklearn.metrics.confusion_matrix [matched confusion_matrix],True,pygarl/classifiers.py:75 self.clf.predict [matched clf.predict],verified: all 6 stages present
https://github.com/CS-433/ml-project-2-amg66,ok,True,6,0,1,train.py,fallback_root,6,17,1,0,0,True,dataset/data_loader.py:30 pd.read_csv [matched pd.read_csv],True,dataset/data_loader.py:88 torchvision.transforms.Compose [matched torchvision.transforms.*],True,f1_loss.py:0 class F1_Loss [matched <class subclasses model base>],True,train.py:117 lr_scheduler.step [matched lr_scheduler.step],True,train.py:252 f1_loss.f1_score [matched f1_score],True,train.py:207 model.eval [matched model.eval],verified: all 6 stages present
https://github.com/Walpolen/YOLO-V5-Top-view-detect,ok,True,6,2,1,train.py,fallback_root,17,323,2,0,0,True,train.py:73 yaml.safe_load [matched yaml.safe_load],True,utils/augmentations.py:25 A.Compose [matched A.Compose],True,train.py:113 models.yolo.Model [matched Model],True,train.py:238 nn.parallel.DistributedDataParallel [matched DistributedDataParallel],True,utils/loggers/wandb/wandb_utils.py:484 wandb.log [matched wandb.log],True,val.py:136 model.eval [matched model.eval],verified: all 6 stages present
https://github.com/Chumsy0725/logit-adj-pytorch,ok,True,6,0,1,main.py,fallback_root,7,50,3,0,0,True,utils.py:145 torch.utils.data.DataLoader [matched DataLoader],True,dataset/transforms.py:4 torchvision.transforms.Normalize [matched torchvision.transforms.*],True,model.py:0 class IdentityBlock [matched <class subclasses model base>],True,main.py:20 torch.utils.tensorboard.SummaryWriter [matched tensorboard.SummaryWriter],True,main.py:70 writer.add_scalar [matched writer.add_scalar],True,main.py:138 model.eval [matched model.eval],verified: all 6 stages present
https://github.com/Diane10/mlawesome,ok,True,6,0,1,app.py,fallback_root,1,12,0,0,0,True,app.py:56 sqlite3.connect [matched sqlite3.connect],True,app.py:210 df.groupby [matched df.groupby],True,app.py:353 sklearn.cluster.KMeans [matched KMeans],True,app.py:393 model.fit [matched model.fit],True,app.py:394 model.evaluate [matched model.evaluate],True,app.py:134 st.write [matched st.write],verified: all 6 stages present
https://github.com/rknaebel/discopy,ok,True,6,2,1,app\run_bert.py,dockerfile,23,248,4,0,0,True,discopy/parsers/pipeline.py:54 json.load [matched json.load],True,discopy/components/argument/base.py:150 sklearn.pipeline.Pipeline [matched sklearn.pipeline.Pipeline],True,discopy/components/connective/bert.py:29 tf.keras.layers.Input [matched tf.keras.layers.*],True,discopy/components/argument/base.py:341 clf.fit [matched clf.fit],True,discopy/components/argument/base.py:185 sklearn.metrics.accuracy_score [matched accuracy_score],True,app/run_bert.py:19 fastapi.FastAPI [matched FastAPI],verified: all 6 stages present
https://github.com/arcaorm00/stock_psychic_api,ok,True,6,0,1,main.py,fallback_root,20,437,2,0,0,True,com_stock_api/ext/db.py:30 sqlalchemy.create_engine [matched sqlalchemy.create_engine],True,com_stock_api/resources/member.py:238 pd.concat [matched pd.concat],True,com_stock_api/resources/member.py:0 class MemberDto [matched <class subclasses model base>],True,com_stock_api/resources/member.py:755 self.model.fit [matched model.fit],True,com_stock_api/resources/member.py:766 self.model.evaluate [matched model.evaluate],True,main.py:25 flask.Flask [matched Flask],verified: all 6 stages present
https://github.com/ngminhhieu/ai_platform,ok,True,6,0,1,main.py,fallback_root,11,47,2,0,0,True,main.py:67 yaml.safe_load [matched yaml.safe_load],True,model/cnn/supervisor.py:170 sklearn.model_selection.KFold [matched KFold],True,model/cnn/supervisor.py:45 tf.keras.layers.Conv2D [matched tf.keras.layers.*],True,model/cnn/supervisor.py:118 self.model.fit [matched model.fit],True,model/ae_lstm/utils.py:87 sklearn.metrics.mean_absolute_error [matched mean_absolute_error],True,model/lstm/supervisor.py:92 self.model.predict [matched model.predict],verified: all 6 stages present
https://github.com/nemaher/stocks,ok,True,6,1,1,stocks\cli.py,fallback_console_script,2,10,1,0,0,True,stocks/cli.py:114 pickle.load [matched pickle.load],True,stocks/stocks.py:15 sklearn.preprocessing.MinMaxScaler [matched MinMaxScaler],True,stocks/stocks.py:120 tf.keras.layers.Dense [matched tf.keras.layers.*],True,stocks/stocks.py:134 model.fit [matched model.fit],True,stocks/stocks.py:160 sklearn.metrics.mean_absolute_error [matched mean_absolute_error],True,stocks/stocks.py:158 model.predict [matched model.predict],verified: all 6 stages present
https://github.com/isabellagc/recipes,ok,True,6,0,1,main.py,fallback_root,2,24,1,0,0,True,main.py:120 json.load [matched json.load],True,main.py:153 sklearn.model_selection.train_test_split [matched train_test_split],True,main.py:169 sklearn.svm.SVC [matched SVC],True,main.py:224 sklearn.model_selection.GridSearchCV [matched GridSearchCV],True,main.py:172 sklearn.metrics.confusion_matrix [matched confusion_matrix],True,main.py:709 model.predict [matched model.predict],verified: all 6 stages present
https://github.com/robertvunabandi/mit-smart-confessions-data,ok,True,6,0,1,main.py,fallback_root,10,84,4,0,0,True,data/data_util.py:235 json.load [matched json.load],True,models/parsing/tokenizer.py:39 keras.preprocessing.text.Tokenizer [matched Tokenizer],True,models/bucket_classification.py:110 keras.Sequential [matched keras.Sequential],True,models/base_model.py:153 self.model.fit [matched model.fit],True,models/base_model.py:172 self.model.evaluate [matched model.evaluate],True,main.py:46 flask.Flask [matched Flask],verified: all 6 stages present
https://github.com/SamuelPecar/nl-fiit-wassa-emotion,ok,True,6,1,1,main.py,fallback_root,11,63,2,0,0,True,main.py:16 utils.load_dataset [matched load_dataset],True,utils.py:10 keras.preprocessing.text.Tokenizer [matched Tokenizer],True,model_utils.py:34 keras.layers.Embedding [matched layers.Embedding],True,main.py:75 model.fit [matched model.fit],True,SMApproach.py:291 model.evaluate [matched model.evaluate],True,main.py:86 model.predict [matched model.predict],verified: all 6 stages present
https://github.com/nginyc/trash-classifier,ok,True,6,0,1,__main__.py,fallback_root,12,25,4,0,0,True,common/load_images.py:59 cv2.imread [matched cv2.imread],True,svm/svm_classifiers.py:39 sklearn.model_selection.train_test_split [matched train_test_split],True,svm/svm_classifiers.py:55 sklearn.svm.SVC [matched SVC],True,svm/svm_classifiers.py:56 model.fit [matched model.fit],True,svm/svm_classifiers.py:81 sklearn.metrics.confusion_matrix [matched confusion_matrix],True,svm/svm_classifiers.py:59 model.predict_proba [matched model.predict_proba],verified: all 6 stages present
