scope,n,agreement_pct,cohens_kappa
overall,139,99.3,0.000
adversarial_robustness_testing,10,100.0,1.000
backdoor_or_trigger_detection,11,100.0,1.000
data_poisoning_defenses,10,90.0,0.000
differential_privacy,11,100.0,1.000
input_sanitization,10,100.0,1.000
input_validation,11,100.0,1.000
label_distribution_validation,11,100.0,1.000
label_flipping_detection,10,100.0,1.000
metric_tampering_protection,11,100.0,1.000
model_integrity_verification,11,100.0,1.000
output_bounds_checks,11,100.0,1.000
prompt_injection_defenses,11,100.0,1.000
untrusted_source_handling,11,100.0,1.000
