finding_key,repo,stage,category,severity,claude_present,gpt_present,agreement,gpt_justification,error
https://github.com/randilu/Impact-Analysis-Module-codebase|evaluation|absent_control.adversarial_robustness_testing,https://github.com/randilu/Impact-Analysis-Module-codebase,evaluation,adversarial_robustness_testing,medium,False,False,agree,The code does not include any adversarial robustness testing or related libraries.,
https://github.com/Larkinnjm1/GLCM_svm_model|evaluation|absent_control.adversarial_robustness_testing,https://github.com/Larkinnjm1/GLCM_svm_model,evaluation,adversarial_robustness_testing,medium,False,False,agree,The code does not include any adversarial robustness testing methods or libraries.,
https://github.com/AnetaKaczynska/ProtoPNet|evaluation|absent_control.adversarial_robustness_testing,https://github.com/AnetaKaczynska/ProtoPNet,evaluation,adversarial_robustness_testing,medium,False,False,agree,The code does not include any adversarial robustness testing methods or libraries.,
https://github.com/tomerkeren42/MetabolicRate|evaluation|absent_control.adversarial_robustness_testing,https://github.com/tomerkeren42/MetabolicRate,evaluation,adversarial_robustness_testing,medium,False,False,agree,The code does not include any adversarial robustness testing methods or libraries.,
https://github.com/apoorvjha/SmokeFireDetection|evaluation|absent_control.adversarial_robustness_testing,https://github.com/apoorvjha/SmokeFireDetection,evaluation,adversarial_robustness_testing,medium,False,False,agree,The code does not include any adversarial robustness testing methods or libraries.,
https://github.com/alessiosavi/PyRecognizer|evaluation|absent_control.adversarial_robustness_testing,https://github.com/alessiosavi/PyRecognizer,evaluation,adversarial_robustness_testing,medium,False,False,agree,The code does not include any adversarial robustness testing or related libraries.,
https://github.com/alessiosavi/PyRecognizer|training|absent_control.label_distribution_validation,https://github.com/alessiosavi/PyRecognizer,training,label_distribution_validation,medium,False,False,agree,The code does not include any checks for label distribution or anomalous training samples before training.,
https://github.com/alessiosavi/PyRecognizer|inference|absent_control.prompt_injection_defenses,https://github.com/alessiosavi/PyRecognizer,inference,prompt_injection_defenses,high,False,False,agree,"The code does not include any prompt-injection defenses such as input filtering, system-prompt isolation, output content moderation, or jailbreak detection.",
https://github.com/Zerkles/SRUDA|evaluation|absent_control.adversarial_robustness_testing,https://github.com/Zerkles/SRUDA,evaluation,adversarial_robustness_testing,medium,False,False,agree,The code does not include any adversarial robustness testing or related libraries.,
https://github.com/PJvanderLaan/IR-user-intent|evaluation|absent_control.adversarial_robustness_testing,https://github.com/PJvanderLaan/IR-user-intent,evaluation,adversarial_robustness_testing,medium,False,False,agree,The code does not include any adversarial robustness testing or related libraries.,
https://github.com/tmcphee/Hotel-Review-Analyzer|evaluation|absent_control.adversarial_robustness_testing,https://github.com/tmcphee/Hotel-Review-Analyzer,evaluation,adversarial_robustness_testing,medium,False,,,,clone_failed: clone timeout 180s
https://github.com/tmcphee/Hotel-Review-Analyzer|data_preparation|absent_control.data_poisoning_defenses,https://github.com/tmcphee/Hotel-Review-Analyzer,data_preparation,data_poisoning_defenses,high,False,,,,clone_failed: clone timeout 180s
https://github.com/KDD-OpenSource/DeepADoTS|evaluation|absent_control.adversarial_robustness_testing,https://github.com/KDD-OpenSource/DeepADoTS,evaluation,adversarial_robustness_testing,medium,False,False,agree,The code does not include any adversarial robustness testing methods or libraries.,
https://github.com/shalomma/ToBark|evaluation|absent_control.adversarial_robustness_testing,https://github.com/shalomma/ToBark,evaluation,adversarial_robustness_testing,medium,False,False,agree,The code does not include any adversarial robustness testing methods or libraries.,
https://github.com/todatech/csda-lab|training|absent_control.backdoor_or_trigger_detection,https://github.com/todatech/csda-lab,training,backdoor_or_trigger_detection,high,False,False,agree,"The code does not include any backdoor or trigger detection mechanisms such as neural-cleanse, activation-pattern analysis, or anomaly detection on training gradients.",
https://github.com/mcps5601/TimeGAN-tensorflow2|training|absent_control.backdoor_or_trigger_detection,https://github.com/mcps5601/TimeGAN-tensorflow2,training,backdoor_or_trigger_detection,high,False,False,agree,"The code does not include any backdoor or trigger detection mechanisms such as neural cleanse, activation pattern analysis, or anomaly detection on training gradients.",
https://github.com/IAbda/FORESEE_ETHZ|training|absent_control.backdoor_or_trigger_detection,https://github.com/IAbda/FORESEE_ETHZ,training,backdoor_or_trigger_detection,high,False,False,agree,"The code does not include any backdoor or trigger detection mechanisms such as neural cleanse, activation pattern analysis, or anomaly detection on training gradients.",
https://github.com/nestoor22/apartmentML|training|absent_control.backdoor_or_trigger_detection,https://github.com/nestoor22/apartmentML,training,backdoor_or_trigger_detection,high,False,False,agree,"The code does not include any backdoor or trigger detection mechanisms such as neural-cleanse, activation-pattern analysis, or anomaly detection on training gradients.",
https://github.com/human-analysis/pytorchnet|training|absent_control.backdoor_or_trigger_detection,https://github.com/human-analysis/pytorchnet,training,backdoor_or_trigger_detection,high,False,False,agree,"The code does not include any backdoor or trigger detection mechanisms such as neural cleanse, activation pattern analysis, or anomaly detection on training gradients.",
https://github.com/human-analysis/pytorchnet|training|absent_control.differential_privacy,https://github.com/human-analysis/pytorchnet,training,differential_privacy,medium,False,False,agree,The code does not use any differential privacy libraries or mechanisms like Opacus or DP-SGD.,
https://github.com/BUPT-GAMMA/OpenHINE|training|absent_control.backdoor_or_trigger_detection,https://github.com/BUPT-GAMMA/OpenHINE,training,backdoor_or_trigger_detection,high,False,False,agree,"The code does not include any backdoor or trigger detection mechanisms such as neural cleanse, activation pattern analysis, or anomaly detection on training gradients.",
https://github.com/BUPT-GAMMA/OpenHINE|modeling|absent_control.model_integrity_verification,https://github.com/BUPT-GAMMA/OpenHINE,modeling,model_integrity_verification,medium,False,False,agree,The code does not show any mechanism for verifying the integrity of pretrained weights or serialized models.,
https://github.com/AxekA13/ModelTracking|training|absent_control.backdoor_or_trigger_detection,https://github.com/AxekA13/ModelTracking,training,backdoor_or_trigger_detection,high,False,False,agree,The code does not include any methods or functions for backdoor or trigger detection.,
https://github.com/Jason0917/Normalizing-Flow-Based-Defect-Detection|training|absent_control.backdoor_or_trigger_detection,https://github.com/Jason0917/Normalizing-Flow-Based-Defect-Detection,training,backdoor_or_trigger_detection,high,False,False,agree,"The code does not include any methods for backdoor or trigger detection such as neural cleanse, activation pattern analysis, or anomaly detection on training gradients.",
https://github.com/Youcef9797/CNN|training|absent_control.backdoor_or_trigger_detection,https://github.com/Youcef9797/CNN,training,backdoor_or_trigger_detection,high,False,False,agree,"The code does not include any backdoor or trigger detection mechanisms such as neural cleanse, activation pattern analysis, or anomaly detection on training gradients.",
https://github.com/a-luengen/anytimeDnn|training|absent_control.backdoor_or_trigger_detection,https://github.com/a-luengen/anytimeDnn,training,backdoor_or_trigger_detection,high,False,False,agree,"The code does not include any backdoor or trigger detection mechanisms such as neural cleanse, activation pattern analysis, or anomaly detection on training gradients.",
https://github.com/kolxy/cyber-security-analysis|training|absent_control.backdoor_or_trigger_detection,https://github.com/kolxy/cyber-security-analysis,training,backdoor_or_trigger_detection,high,False,False,agree,"The code does not include any backdoor or trigger detection mechanisms such as neural-cleanse, activation-pattern analysis, or anomaly detection on training gradients.",
https://github.com/pchampio/sentence-entailment|data_preparation|absent_control.data_poisoning_defenses,https://github.com/pchampio/sentence-entailment,data_preparation,data_poisoning_defenses,high,False,False,agree,"The code does not include any checks or filters for outliers, anomalies, or suspicious inputs.",
https://github.com/ArronHZG/cancer2.0|data_preparation|absent_control.data_poisoning_defenses,https://github.com/ArronHZG/cancer2.0,data_preparation,data_poisoning_defenses,high,False,True,disagree,"The code includes checks for completely dark or bright images, which can help filter out suspicious inputs.",
https://github.com/nananana-Banana/2021-nh-bigdata-competition|data_preparation|absent_control.data_poisoning_defenses,https://github.com/nananana-Banana/2021-nh-bigdata-competition,data_preparation,data_poisoning_defenses,high,False,False,agree,"The code lacks explicit checks for outliers, anomalies, or suspicious inputs.",
https://github.com/Tinusf/ml_cancer_screening|data_preparation|absent_control.data_poisoning_defenses,https://github.com/Tinusf/ml_cancer_screening,data_preparation,data_poisoning_defenses,high,False,False,agree,"The code does not include any outlier detection, statistical anomaly checks, or filtering mechanisms for suspicious inputs.",
https://github.com/sanghyeonp/MP-Net|data_preparation|absent_control.data_poisoning_defenses,https://github.com/sanghyeonp/MP-Net,data_preparation,data_poisoning_defenses,high,False,False,agree,"The code does not include any outlier detection, statistical anomaly checks, or filtering mechanisms for suspicious inputs.",
https://github.com/sanghyeonp/MP-Net|data_preparation|absent_control.label_flipping_detection,https://github.com/sanghyeonp/MP-Net,data_preparation,label_flipping_detection,medium,False,False,agree,The code does not include any checks for label-flipping anomalies or use tools like Cleanlab for label-noise detection.,
https://github.com/teotsi/Data_Mining_project|data_preparation|absent_control.data_poisoning_defenses,https://github.com/teotsi/Data_Mining_project,data_preparation,data_poisoning_defenses,high,False,False,agree,"The code does not include any outlier detection, statistical anomaly checks, or filtering of suspicious inputs.",
https://github.com/microsoft/robustdg|data_preparation|absent_control.data_poisoning_defenses,https://github.com/microsoft/robustdg,data_preparation,data_poisoning_defenses,high,False,False,agree,"The code does not include any outlier detection, statistical anomaly checks, or filtering mechanisms for suspicious inputs.",
https://github.com/icik251/HWR_group_5|data_preparation|absent_control.data_poisoning_defenses,https://github.com/icik251/HWR_group_5,data_preparation,data_poisoning_defenses,high,False,False,agree,"The code does not include any outlier detection, statistical anomaly checks, or filtering mechanisms for suspicious inputs.",
https://github.com/Yunnglin/GeoQA|data_preparation|absent_control.data_poisoning_defenses,https://github.com/Yunnglin/GeoQA,data_preparation,data_poisoning_defenses,high,False,False,agree,"The code does not include any outlier detection, statistical anomaly checks, or filtering mechanisms for suspicious inputs.",
https://github.com/joaopedromattos/GNEE|data_preparation|absent_control.data_poisoning_defenses,https://github.com/joaopedromattos/GNEE,data_preparation,data_poisoning_defenses,high,False,False,agree,"The code does not include any outlier detection, statistical anomaly checks, or filtering of suspicious inputs.",
https://github.com/nayeemrizve/invariance-equivariance|training|absent_control.differential_privacy,https://github.com/nayeemrizve/invariance-equivariance,training,differential_privacy,medium,False,False,agree,"The code does not include any differential privacy mechanisms like Opacus, TensorFlow Privacy, or DP-SGD.",
https://github.com/arpanadhikari1/CPLP|training|absent_control.differential_privacy,https://github.com/arpanadhikari1/CPLP,training,differential_privacy,medium,False,False,agree,The code does not use any differential privacy libraries or mechanisms.,
https://github.com/A6a7H/Rich|training|absent_control.differential_privacy,https://github.com/A6a7H/Rich,training,differential_privacy,medium,False,False,agree,The code does not use any differential privacy libraries or mechanisms like Opacus or DP-SGD.,
https://github.com/vietdung126/BankClassify|training|absent_control.differential_privacy,https://github.com/vietdung126/BankClassify,training,differential_privacy,medium,False,False,agree,"The code does not use any differential privacy libraries or mechanisms like Opacus, TensorFlow Privacy, or DP-SGD.",
https://github.com/QVPR/Patch-NetVLAD|training|absent_control.differential_privacy,https://github.com/QVPR/Patch-NetVLAD,training,differential_privacy,medium,False,False,agree,The code does not use any differential privacy libraries or mechanisms like Opacus or DP-SGD.,
https://github.com/svenkilian/Financial|training|absent_control.differential_privacy,https://github.com/svenkilian/Financial,training,differential_privacy,medium,False,False,agree,"The code does not include any differential privacy libraries or mechanisms like Opacus, TensorFlow Privacy, or DP-SGD.",
https://github.com/dmcinerney/ehr-extraction-models|training|absent_control.differential_privacy,https://github.com/dmcinerney/ehr-extraction-models,training,differential_privacy,medium,False,False,agree,The code does not use any differential privacy libraries or mechanisms like Opacus or DP-SGD.,
https://github.com/Preeti24/Youtube-comments|training|absent_control.differential_privacy,https://github.com/Preeti24/Youtube-comments,training,differential_privacy,medium,False,False,agree,"The code does not use any differential privacy libraries or mechanisms like Opacus, TensorFlow Privacy, or DP-SGD.",
https://github.com/YefanZhou/dispersion-score|training|absent_control.differential_privacy,https://github.com/YefanZhou/dispersion-score,training,differential_privacy,medium,False,False,agree,The code does not include any differential privacy libraries or mechanisms.,
https://github.com/vita-epfl/looking|training|absent_control.differential_privacy,https://github.com/vita-epfl/looking,training,differential_privacy,medium,False,False,agree,The code does not use any differential privacy libraries or mechanisms like Opacus or DP-SGD.,
https://github.com/fedem96/predict-cancer-variables|inference|absent_control.input_sanitization,https://github.com/fedem96/predict-cancer-variables,inference,input_sanitization,medium,False,False,agree,The provided code does not include any input sanitization or validation logic for inference.,
https://github.com/fedem96/predict-cancer-variables|data_preparation|absent_control.label_flipping_detection,https://github.com/fedem96/predict-cancer-variables,data_preparation,label_flipping_detection,medium,False,False,agree,The code does not include any checks or tools for detecting label-flipping anomalies.,
https://github.com/KostyaRyabov/phishDetect|inference|absent_control.input_sanitization,https://github.com/KostyaRyabov/phishDetect,inference,input_sanitization,medium,False,,,,clone_failed: clone timeout 180s
https://github.com/JonasStankevicius/ConvPoint_Keras|inference|absent_control.input_sanitization,https://github.com/JonasStankevicius/ConvPoint_Keras,inference,input_sanitization,medium,False,False,agree,The code does not include any input sanitization or validation checks before passing data to the model.,
https://github.com/hojunroks/label2vec|inference|absent_control.input_sanitization,https://github.com/hojunroks/label2vec,inference,input_sanitization,medium,False,False,agree,The code does not include any input sanitization or validation checks before passing data to the model.,
https://github.com/KIT-ISAS/TrackSort_Neural_Public|inference|absent_control.input_sanitization,https://github.com/KIT-ISAS/TrackSort_Neural_Public,inference,input_sanitization,medium,False,False,agree,The code does not include any input sanitization or validation mechanisms such as input shape/range checks or schema validation.,
https://github.com/grant-pittman/ML-FIFA-Stats|inference|absent_control.input_sanitization,https://github.com/grant-pittman/ML-FIFA-Stats,inference,input_sanitization,medium,False,False,agree,The code does not include any input sanitization or validation checks before using inputs in the model.,
https://github.com/grant-pittman/ML-FIFA-Stats|evaluation|absent_control.metric_tampering_protection,https://github.com/grant-pittman/ML-FIFA-Stats,evaluation,metric_tampering_protection,medium,False,False,agree,The code does not show any protection against metric manipulation such as isolation of test data or use of multiple independent metrics.,
https://github.com/grant-pittman/ML-FIFA-Stats|inference|absent_control.output_bounds_checks,https://github.com/grant-pittman/ML-FIFA-Stats,inference,output_bounds_checks,medium,False,False,agree,The code does not include any checks on the model's outputs before returning them.,
https://github.com/fznsakib/great-ape-behaviour-detector|inference|absent_control.input_sanitization,https://github.com/fznsakib/great-ape-behaviour-detector,inference,input_sanitization,medium,False,False,agree,The code does not include any input sanitization or validation mechanisms such as input shape/range checks or schema validation.,
https://github.com/samantamrityunjay/Automatic-assignment-of-ICD10-codes|inference|absent_control.input_sanitization,https://github.com/samantamrityunjay/Automatic-assignment-of-ICD10-codes,inference,input_sanitization,medium,False,False,agree,The code does not include any input sanitization or validation checks before passing data to the model.,
https://github.com/awarenessxz/acoustic-scene-classification|inference|absent_control.input_sanitization,https://github.com/awarenessxz/acoustic-scene-classification,inference,input_sanitization,medium,False,False,agree,The code does not perform any input validation or sanitization on incoming requests before using them.,
https://github.com/CS-433/ml-project-2-abs|inference|absent_control.input_sanitization,https://github.com/CS-433/ml-project-2-abs,inference,input_sanitization,medium,False,False,agree,The code does not include any input sanitization or validation checks before passing inputs to the model.,
https://github.com/CS-433/ml-project-2-abs|data_acquisition|absent_control.untrusted_source_handling,https://github.com/CS-433/ml-project-2-abs,data_acquisition,untrusted_source_handling,medium,False,False,agree,The code does not fetch data from a remote source; it loads data from local file paths without verifying integrity or authenticating the source.,
https://github.com/kumatheworld/niaoge|inference|absent_control.input_sanitization,https://github.com/kumatheworld/niaoge,inference,input_sanitization,medium,False,False,agree,The code does not include any input sanitization or validation checks for incoming requests before passing them to the model.,
https://github.com/kumatheworld/niaoge|data_acquisition|absent_control.untrusted_source_handling,https://github.com/kumatheworld/niaoge,data_acquisition,untrusted_source_handling,medium,False,False,agree,The code reads data from local files and does not fetch data from remote sources.,
https://github.com/samsudinng/speech_accent_recognition|data_acquisition|absent_control.input_validation,https://github.com/samsudinng/speech_accent_recognition,data_acquisition,input_validation,medium,False,False,agree,"The code does not include any explicit checks for data structure, type, or value ranges.",
https://github.com/samsudinng/speech_accent_recognition|evaluation|absent_control.metric_tampering_protection,https://github.com/samsudinng/speech_accent_recognition,evaluation,metric_tampering_protection,medium,False,False,agree,The code does not show any specific measures to protect against metric manipulation such as using a held-out test set or hashing evaluation data.,
https://github.com/PhilippKrueger/ml-many-body-localization|data_acquisition|absent_control.input_validation,https://github.com/PhilippKrueger/ml-many-body-localization,data_acquisition,input_validation,medium,False,False,agree,"The code does not include any checks or assertions for input data types, structures, or value ranges.",
https://github.com/jtbricker/aidp|data_acquisition|absent_control.input_validation,https://github.com/jtbricker/aidp,data_acquisition,input_validation,medium,False,False,agree,"The code does not include any checks or assertions for data structure, type, or value ranges.",
https://github.com/ITU-AI-ML-in-5G-Challenge/fedipc-spatial-reuse|data_acquisition|absent_control.input_validation,https://github.com/ITU-AI-ML-in-5G-Challenge/fedipc-spatial-reuse,data_acquisition,input_validation,medium,False,False,agree,"The code does not include any explicit checks or validations for the structure, type, or range of incoming data.",
https://github.com/ITU-AI-ML-in-5G-Challenge/fedipc-spatial-reuse|data_acquisition|absent_control.untrusted_source_handling,https://github.com/ITU-AI-ML-in-5G-Challenge/fedipc-spatial-reuse,data_acquisition,untrusted_source_handling,medium,False,False,agree,The code fetches data using DataDownloader but does not verify integrity or authenticate the source.,
https://github.com/songwan/HTPPs|data_acquisition|absent_control.input_validation,https://github.com/songwan/HTPPs,data_acquisition,input_validation,medium,False,False,agree,"The code does not include any explicit checks or validations for the structure, type, or range of incoming data.",
https://github.com/elenamer/ecg_classification_DL|data_acquisition|absent_control.input_validation,https://github.com/elenamer/ecg_classification_DL,data_acquisition,input_validation,medium,False,False,agree,"The code does not include any checks for data structure, type, or value ranges.",
https://github.com/yyh0806/Ameme_public|data_acquisition|absent_control.input_validation,https://github.com/yyh0806/Ameme_public,data_acquisition,input_validation,medium,False,False,agree,"The code does not include any checks for data structure, type, or value ranges.",
https://github.com/jforbis/make-that-bread|data_acquisition|absent_control.input_validation,https://github.com/jforbis/make-that-bread,data_acquisition,input_validation,medium,False,False,agree,"The code uses ast.literal_eval on incoming data without validating its structure, type, or range.",
https://github.com/taylorplumer/classifiers-dash|data_acquisition|absent_control.input_validation,https://github.com/taylorplumer/classifiers-dash,data_acquisition,input_validation,medium,False,False,agree,"The code does not include any checks or assertions for data structure, types, or value ranges.",
https://github.com/ZihengZZH/bipolar-disorder|data_acquisition|absent_control.input_validation,https://github.com/ZihengZZH/bipolar-disorder,data_acquisition,input_validation,medium,False,False,agree,The code does not perform any validation on user inputs or data loaded from files.,
https://github.com/ZihengZZH/bipolar-disorder|modeling|absent_control.model_integrity_verification,https://github.com/ZihengZZH/bipolar-disorder,modeling,model_integrity_verification,medium,False,False,agree,The code does not show any verification of pretrained weights or serialized models for integrity.,
https://github.com/Garfounkel/emotion_analysis|data_acquisition|absent_control.input_validation,https://github.com/Garfounkel/emotion_analysis,data_acquisition,input_validation,medium,False,False,agree,"The code does not include any explicit checks for data structure, type, or value ranges.",
https://github.com/ChelseaGuan/Improving-Phishing-Detection-Models|training|absent_control.label_distribution_validation,https://github.com/ChelseaGuan/Improving-Phishing-Detection-Models,training,label_distribution_validation,medium,False,False,agree,The code does not include any checks or validations for label distribution or class balance before training.,
https://github.com/skywalker0803r/Tomofun-Dog-Voice-Recognition-AI-Million-Challenge|training|absent_control.label_distribution_validation,https://github.com/skywalker0803r/Tomofun-Dog-Voice-Recognition-AI-Million-Challenge,training,label_distribution_validation,medium,False,False,agree,The code does not include any checks for label distribution or class balance before training.,
https://github.com/skywalker0803r/Tomofun-Dog-Voice-Recognition-AI-Million-Challenge|modeling|absent_control.model_integrity_verification,https://github.com/skywalker0803r/Tomofun-Dog-Voice-Recognition-AI-Million-Challenge,modeling,model_integrity_verification,medium,False,False,agree,"The code does not show any loading of pretrained weights or serialized models, nor any integrity verification mechanisms.",
https://github.com/adeshkin/road_segment|training|absent_control.label_distribution_validation,https://github.com/adeshkin/road_segment,training,label_distribution_validation,medium,False,False,agree,The code does not include any checks for label distribution or anomalous training samples before training.,
https://github.com/boostcampaitech2/final-project-level3-nlp-12|training|absent_control.label_distribution_validation,https://github.com/boostcampaitech2/final-project-level3-nlp-12,training,label_distribution_validation,medium,False,False,agree,The code does not include any checks for label distribution or anomalous training samples before training.,
https://github.com/IShengFang/Digital_Medicine_2020Fall_RSNA_ICH_Detection|training|absent_control.label_distribution_validation,https://github.com/IShengFang/Digital_Medicine_2020Fall_RSNA_ICH_Detection,training,label_distribution_validation,medium,False,False,agree,The code does not include any checks for label distribution or validation of class balance before training.,
https://github.com/Keredu/Intracranial-Hemorrhage-Detection|training|absent_control.label_distribution_validation,https://github.com/Keredu/Intracranial-Hemorrhage-Detection,training,label_distribution_validation,medium,False,False,agree,The code does not include any checks for label distribution or anomalous training samples before training.,
https://github.com/gsq7474741/Paddle-NCR|training|absent_control.label_distribution_validation,https://github.com/gsq7474741/Paddle-NCR,training,label_distribution_validation,medium,False,False,agree,The code does not include any checks or validations for label distribution or anomalies in training samples.,
https://github.com/gsq7474741/Paddle-NCR|data_acquisition|absent_control.untrusted_source_handling,https://github.com/gsq7474741/Paddle-NCR,data_acquisition,untrusted_source_handling,medium,False,False,agree,The code does not include any integrity verification or source authentication for remote data fetching.,
https://github.com/benjides/MusicGenreClassifier|training|absent_control.label_distribution_validation,https://github.com/benjides/MusicGenreClassifier,training,label_distribution_validation,medium,False,False,agree,The code does not include any checks for label distribution or validation of class balance before training.,
https://github.com/julsunny/darthradar|training|absent_control.label_distribution_validation,https://github.com/julsunny/darthradar,training,label_distribution_validation,medium,False,False,agree,The code does not include any checks for label distribution or validation of class balance before training.,
https://github.com/saif-mahmud/self-attention-HAR|training|absent_control.label_distribution_validation,https://github.com/saif-mahmud/self-attention-HAR,training,label_distribution_validation,medium,False,False,agree,The code does not include any checks for label distribution or anomalous training samples before training.,
https://github.com/RayRuizhiLiao/resnet_chestxray|data_preparation|absent_control.label_flipping_detection,https://github.com/RayRuizhiLiao/resnet_chestxray,data_preparation,label_flipping_detection,medium,False,False,agree,The code does not include any checks for label-flipping anomalies or use tools like Cleanlab for label-noise detection.,
https://github.com/flawnson/Generic_GNN|data_preparation|absent_control.label_flipping_detection,https://github.com/flawnson/Generic_GNN,data_preparation,label_flipping_detection,medium,False,False,agree,The code does not include any checks for label-flipping anomalies or use tools like Cleanlab for label-noise detection.,
https://github.com/elBichon/online_machine_learning|data_preparation|absent_control.label_flipping_detection,https://github.com/elBichon/online_machine_learning,data_preparation,label_flipping_detection,medium,False,False,agree,The code does not include any checks or tools for detecting label-flipping anomalies before training.,
https://github.com/VineetKT/ML_fastapi_on_Heroku_CI-CD|data_preparation|absent_control.label_flipping_detection,https://github.com/VineetKT/ML_fastapi_on_Heroku_CI-CD,data_preparation,label_flipping_detection,medium,False,False,agree,The code does not include any checks for label-flipping anomalies or use any tools for label-noise detection.,
https://github.com/anik-jha/tnp|data_preparation|absent_control.label_flipping_detection,https://github.com/anik-jha/tnp,data_preparation,label_flipping_detection,medium,False,False,agree,The code does not include any checks or tools for detecting label-flipping anomalies.,
https://github.com/swapnanildutta/Mushroom-Classification-Web-App|data_preparation|absent_control.label_flipping_detection,https://github.com/swapnanildutta/Mushroom-Classification-Web-App,data_preparation,label_flipping_detection,medium,False,False,agree,The code does not include any checks or tools for detecting label-flipping anomalies before training.,
https://github.com/silencedsre/Fusemachines-AI-Training|data_preparation|absent_control.label_flipping_detection,https://github.com/silencedsre/Fusemachines-AI-Training,data_preparation,label_flipping_detection,medium,False,False,agree,The code does not include any checks for label-flipping anomalies or use any tools for label-noise detection.,
https://github.com/rurusasu/OrigNet|data_preparation|absent_control.label_flipping_detection,https://github.com/rurusasu/OrigNet,data_preparation,label_flipping_detection,medium,False,False,agree,The code does not include any checks for label-flipping anomalies or use tools like Cleanlab for label-noise detection.,
https://github.com/Fosso/trackdecpred|data_preparation|absent_control.label_flipping_detection,https://github.com/Fosso/trackdecpred,data_preparation,label_flipping_detection,medium,False,,,,clone_failed: clone timeout 180s
https://github.com/pyyush/GraphML|evaluation|absent_control.metric_tampering_protection,https://github.com/pyyush/GraphML,evaluation,metric_tampering_protection,medium,False,False,agree,The code does not show any specific measures to protect against metric manipulation such as isolation of the test set or use of signed/hashed evaluation data.,
https://github.com/samarthbhargav/hackathon4good|evaluation|absent_control.metric_tampering_protection,https://github.com/samarthbhargav/hackathon4good,evaluation,metric_tampering_protection,medium,False,False,agree,"The code does not show any specific measures like data isolation, hashing, or multiple metrics to prevent metric tampering.",
https://github.com/Supreeth-Shetty/Projectathon---Simplified-AI|evaluation|absent_control.metric_tampering_protection,https://github.com/Supreeth-Shetty/Projectathon---Simplified-AI,evaluation,metric_tampering_protection,medium,False,False,agree,The code does not show any evidence of protections against metric manipulation such as isolated test sets or hashed evaluation data.,
https://github.com/michi-d/bundestweets|evaluation|absent_control.metric_tampering_protection,https://github.com/michi-d/bundestweets,evaluation,metric_tampering_protection,medium,False,False,agree,The code does not show any evidence of protections against metric manipulation such as isolated test sets or hashed evaluation data.,
https://github.com/wjensheng/recursion|evaluation|absent_control.metric_tampering_protection,https://github.com/wjensheng/recursion,evaluation,metric_tampering_protection,medium,False,False,agree,The code does not show any specific measures to protect against metric manipulation such as isolating a held-out test set or using signed/hashed evaluation data.,
https://github.com/wjensheng/recursion|modeling|absent_control.model_integrity_verification,https://github.com/wjensheng/recursion,modeling,model_integrity_verification,medium,False,False,agree,The code loads checkpoints using torch.load without any integrity verification or controlled source checks.,
https://github.com/amirrassafi/PFSBS|evaluation|absent_control.metric_tampering_protection,https://github.com/amirrassafi/PFSBS,evaluation,metric_tampering_protection,medium,False,False,agree,"The code does not show any specific measures to protect against metric manipulation such as isolation of test data, hashing, or using multiple independent metrics.",
https://github.com/Shaza-Is/Re-IDOL|evaluation|absent_control.metric_tampering_protection,https://github.com/Shaza-Is/Re-IDOL,evaluation,metric_tampering_protection,medium,False,False,agree,The code does not show any specific measures to protect against metric manipulation such as using a held-out test set or hashing evaluation data.,
https://github.com/kaist-dmlab/Time-CAD|evaluation|absent_control.metric_tampering_protection,https://github.com/kaist-dmlab/Time-CAD,evaluation,metric_tampering_protection,medium,False,False,agree,"The code does not show any specific measures to protect against metric manipulation such as using a held-out test set, signing or hashing evaluation data, or employing multiple independent metrics.",
https://github.com/auto-flow/auto-flow|evaluation|absent_control.metric_tampering_protection,https://github.com/auto-flow/auto-flow,evaluation,metric_tampering_protection,medium,False,False,agree,The code does not show any specific measures for protecting against metric manipulation such as isolation of test data or use of multiple metrics.,
https://github.com/soni-ratnesh/Deploying-a-Machine-Learning-Model-on-Heroku-with-FastAPI|modeling|absent_control.model_integrity_verification,https://github.com/soni-ratnesh/Deploying-a-Machine-Learning-Model-on-Heroku-with-FastAPI,modeling,model_integrity_verification,medium,False,False,agree,The code loads models using joblib without any integrity verification or controlled source checks.,
https://github.com/micqu/hotel-challenge|modeling|absent_control.model_integrity_verification,https://github.com/micqu/hotel-challenge,modeling,model_integrity_verification,medium,False,False,agree,The code loads models using torch.load without any integrity verification or controlled source checks.,
https://github.com/YuehuaZhu/ProxyGML|modeling|absent_control.model_integrity_verification,https://github.com/YuehuaZhu/ProxyGML,modeling,model_integrity_verification,medium,False,False,agree,The code does not include any integrity verification mechanisms for loading pretrained weights or serialized models.,
https://github.com/YuehuaZhu/ProxyGML|data_acquisition|absent_control.untrusted_source_handling,https://github.com/YuehuaZhu/ProxyGML,data_acquisition,untrusted_source_handling,medium,False,False,agree,The code does not fetch data from a remote source; it loads data from a local directory without integrity checks or authentication.,
https://github.com/daniel235/RNAmodificationClassifier|modeling|absent_control.model_integrity_verification,https://github.com/daniel235/RNAmodificationClassifier,modeling,model_integrity_verification,medium,False,False,agree,The code loads a serialized model using pickle without any integrity verification or controlled source checks.,
https://github.com/waterwheel31/scalableMLpipeline|modeling|absent_control.model_integrity_verification,https://github.com/waterwheel31/scalableMLpipeline,modeling,model_integrity_verification,medium,False,False,agree,The code loads models using joblib.load without any integrity verification or controlled source checks.,
https://github.com/DWhistle/virus-hack|modeling|absent_control.model_integrity_verification,https://github.com/DWhistle/virus-hack,modeling,model_integrity_verification,medium,False,False,agree,"The code does not show any loading of pretrained weights or serialized models, nor any integrity verification mechanisms.",
https://github.com/chen-jimmy/AutoBot|modeling|absent_control.model_integrity_verification,https://github.com/chen-jimmy/AutoBot,modeling,model_integrity_verification,medium,False,False,agree,The code does not include any integrity verification mechanisms for loading pretrained weights or serialized models.,
https://github.com/hagairavid18/OCT_project|inference|absent_control.output_bounds_checks,https://github.com/hagairavid18/OCT_project,inference,output_bounds_checks,medium,False,False,agree,"The code does not include any checks on the model's outputs for probability bounds, NaN values, or calibrated thresholds before returning them.",
https://github.com/anisurahaman/First|inference|absent_control.output_bounds_checks,https://github.com/anisurahaman/First,inference,output_bounds_checks,medium,False,False,agree,The code does not include any checks on the model's outputs before returning them.,
https://github.com/DuoJiang/Importance-Weighting-in-Deep-Learning|inference|absent_control.output_bounds_checks,https://github.com/DuoJiang/Importance-Weighting-in-Deep-Learning,inference,output_bounds_checks,medium,False,False,agree,"The code does not include any checks on the model's outputs for probability bounds, NaN values, or calibrated thresholds before returning them.",
https://github.com/VumBleBot/odqa_baseline_code|inference|absent_control.output_bounds_checks,https://github.com/VumBleBot/odqa_baseline_code,inference,output_bounds_checks,medium,False,False,agree,"The code does not include any checks on the model's outputs for probability bounds, NaN values, or calibrated thresholds.",
https://github.com/mlai-student/Lab2020-21ClusteringCovidData|inference|absent_control.output_bounds_checks,https://github.com/mlai-student/Lab2020-21ClusteringCovidData,inference,output_bounds_checks,medium,False,False,agree,"The code does not include any checks on the model's outputs for probability bounds, NaN values, or calibrated thresholds before returning them.",
https://github.com/tdeng-zuel/scRNA-FeatureSelection|inference|absent_control.output_bounds_checks,https://github.com/tdeng-zuel/scRNA-FeatureSelection,inference,output_bounds_checks,medium,False,False,agree,The code does not include any checks on the model's outputs before returning them.,
https://github.com/christinalchang/take-a-hike|inference|absent_control.output_bounds_checks,https://github.com/christinalchang/take-a-hike,inference,output_bounds_checks,medium,False,False,agree,The code does not include any checks on the model's outputs before returning them.,
https://github.com/sahivy13/clients_from_hell_heroku|inference|absent_control.output_bounds_checks,https://github.com/sahivy13/clients_from_hell_heroku,inference,output_bounds_checks,medium,False,False,agree,"The code does not include any checks on the model's outputs for probability bounds, NaN values, or calibrated thresholds before returning them.",
https://github.com/khalld/trashbin-classifier|inference|absent_control.output_bounds_checks,https://github.com/khalld/trashbin-classifier,inference,output_bounds_checks,medium,False,False,agree,"The inference function directly returns the model's softmax output without any checks for probability bounds, NaN values, or calibrated thresholds.",
https://github.com/rodrigorivera/mds20_returney|inference|absent_control.output_bounds_checks,https://github.com/rodrigorivera/mds20_returney,inference,output_bounds_checks,medium,False,False,agree,"The inference code does not include any checks for model outputs such as probability bounds, NaN guards, or calibrated thresholds.",
https://github.com/jhammarstedt/SLN-on-Sound|inference|absent_control.prompt_injection_defenses,https://github.com/jhammarstedt/SLN-on-Sound,inference,prompt_injection_defenses,high,False,False,agree,The code does not handle text data or include any prompt-injection defenses.,
https://github.com/PanyiDong/My_AutoML|inference|absent_control.prompt_injection_defenses,https://github.com/PanyiDong/My_AutoML,inference,prompt_injection_defenses,high,False,False,agree,"The code does not include any prompt-injection defenses such as input filtering, system-prompt isolation, output content moderation, or jailbreak detection.",
https://github.com/anhdhbn/facerec|inference|absent_control.prompt_injection_defenses,https://github.com/anhdhbn/facerec,inference,prompt_injection_defenses,high,False,False,agree,"The code does not include any prompt-injection defenses such as input filtering, system-prompt isolation, output content moderation, or jailbreak detection.",
https://github.com/OliverSaarela/ml-probability|inference|absent_control.prompt_injection_defenses,https://github.com/OliverSaarela/ml-probability,inference,prompt_injection_defenses,high,False,False,agree,"The code does not include any prompt-injection defenses such as input filtering, system-prompt isolation, output content moderation, or jailbreak detection.",
https://github.com/tyiannak/readys|inference|absent_control.prompt_injection_defenses,https://github.com/tyiannak/readys,inference,prompt_injection_defenses,high,False,False,agree,"The code does not include any input filtering, system-prompt isolation, output content moderation, or jailbreak detection mechanisms.",
https://github.com/microsoft/datadrivenmodel|inference|absent_control.prompt_injection_defenses,https://github.com/microsoft/datadrivenmodel,inference,prompt_injection_defenses,high,False,False,agree,"The code does not include any prompt-injection defenses such as input filtering, system-prompt isolation, output content moderation, or jailbreak detection.",
https://github.com/marcobenito/hipf|inference|absent_control.prompt_injection_defenses,https://github.com/marcobenito/hipf,inference,prompt_injection_defenses,high,False,False,agree,"The code does not include any prompt-injection defenses such as input filtering, system-prompt isolation, output content moderation, or jailbreak detection.",
https://github.com/angusev/SCGAN|inference|absent_control.prompt_injection_defenses,https://github.com/angusev/SCGAN,inference,prompt_injection_defenses,high,False,False,agree,"The code does not handle text inputs or outputs, so prompt-injection defenses are not applicable.",
https://github.com/uhh-lt/neural-coref|inference|absent_control.prompt_injection_defenses,https://github.com/uhh-lt/neural-coref,inference,prompt_injection_defenses,high,False,False,agree,"The code does not include any input filtering, system-prompt isolation, output content moderation, or jailbreak detection mechanisms.",
https://github.com/naver/claf|inference|absent_control.prompt_injection_defenses,https://github.com/naver/claf,inference,prompt_injection_defenses,high,False,False,agree,"The code does not include any input filtering, system-prompt isolation, output content moderation, or jailbreak detection mechanisms.",
https://github.com/iamraymondlow/poi-conflation-tool|data_acquisition|absent_control.untrusted_source_handling,https://github.com/iamraymondlow/poi-conflation-tool,data_acquisition,untrusted_source_handling,medium,False,False,agree,The code fetches data from remote sources using APIs but does not verify integrity or authenticate the source.,
https://github.com/national-basketball-association/NPS|data_acquisition|absent_control.untrusted_source_handling,https://github.com/national-basketball-association/NPS,data_acquisition,untrusted_source_handling,medium,False,False,agree,The code fetches data using the nba_api without verifying integrity or authenticating the source.,
https://github.com/esvs2202/Concrete-Compressive-Strength-Prediction|data_acquisition|absent_control.untrusted_source_handling,https://github.com/esvs2202/Concrete-Compressive-Strength-Prediction,data_acquisition,untrusted_source_handling,medium,False,False,agree,The code fetches data from a local CSV file without verifying integrity or authenticating the source.,
https://github.com/NouamaneTazi/ml_project_example|data_acquisition|absent_control.untrusted_source_handling,https://github.com/NouamaneTazi/ml_project_example,data_acquisition,untrusted_source_handling,medium,False,False,agree,"The code does not show any fetching of data from a remote source, nor any integrity verification or authentication mechanisms.",
https://github.com/kavko8/jiant_slovene|data_acquisition|absent_control.untrusted_source_handling,https://github.com/kavko8/jiant_slovene,data_acquisition,untrusted_source_handling,medium,False,False,agree,The code fetches models from HuggingFace but does not verify integrity or authenticate the source.,
https://github.com/victor-basisai/credit-scoring|data_acquisition|absent_control.untrusted_source_handling,https://github.com/victor-basisai/credit-scoring,data_acquisition,untrusted_source_handling,medium,False,False,agree,The code does not fetch data from a remote source; it loads data from a local file without verifying integrity or authenticating the source.,
