finding_key,repo,stage,category,severity,claude_message
https://github.com/randilu/Impact-Analysis-Module-codebase|evaluation|absent_control.adversarial_robustness_testing,https://github.com/randilu/Impact-Analysis-Module-codebase,evaluation,adversarial_robustness_testing,medium,"No detected adversarial robustness testing: No adversarial robustness testing libraries or techniques (Foolbox, ART, FGSM, PGD) are present anywhere in the code; the evaluation only runs Prophet chang"
https://github.com/Larkinnjm1/GLCM_svm_model|evaluation|absent_control.adversarial_robustness_testing,https://github.com/Larkinnjm1/GLCM_svm_model,evaluation,adversarial_robustness_testing,medium,"No detected adversarial robustness testing: No adversarial robustness testing libraries (Foolbox, ART, FGSM, PGD) or any robustness stress tests are imported or used anywhere in the code."
https://github.com/AnetaKaczynska/ProtoPNet|evaluation|absent_control.adversarial_robustness_testing,https://github.com/AnetaKaczynska/ProtoPNet,evaluation,adversarial_robustness_testing,medium,"No detected adversarial robustness testing: There is no use of adversarial attack libraries (Foolbox, ART, CleverHans) or manual FGSM/PGD attack generation anywhere in the evaluation code."
https://github.com/tomerkeren42/MetabolicRate|evaluation|absent_control.adversarial_robustness_testing,https://github.com/tomerkeren42/MetabolicRate,evaluation,adversarial_robustness_testing,medium,"No detected adversarial robustness testing: There is no use of adversarial testing libraries (Foolbox, ART, etc.) or any FGSM/PGD attack generation anywhere in the code."
https://github.com/apoorvjha/SmokeFireDetection|evaluation|absent_control.adversarial_robustness_testing,https://github.com/apoorvjha/SmokeFireDetection,evaluation,adversarial_robustness_testing,medium,"No detected adversarial robustness testing: No adversarial attack libraries (Foolbox, ART, CleverHans) or manual FGSM/PGD perturbation logic are present anywhere in the code."
https://github.com/alessiosavi/PyRecognizer|evaluation|absent_control.adversarial_robustness_testing,https://github.com/alessiosavi/PyRecognizer,evaluation,adversarial_robustness_testing,medium,"No detected adversarial robustness testing: No adversarial robustness testing libraries (Foolbox, ART, FGSM, PGD) or stress tests are referenced anywhere in the code."
https://github.com/Zerkles/SRUDA|evaluation|absent_control.adversarial_robustness_testing,https://github.com/Zerkles/SRUDA,evaluation,adversarial_robustness_testing,medium,"No detected adversarial robustness testing: No adversarial robustness libraries (Foolbox, ART, etc.) or attack methods (FGSM, PGD) are imported or invoked anywhere in the code."
https://github.com/PJvanderLaan/IR-user-intent|evaluation|absent_control.adversarial_robustness_testing,https://github.com/PJvanderLaan/IR-user-intent,evaluation,adversarial_robustness_testing,medium,"No detected adversarial robustness testing: There is no use of adversarial attack frameworks (Foolbox, ART, FGSM, PGD, etc.) or any robustness stress testing anywhere in the evaluation code."
https://github.com/tmcphee/Hotel-Review-Analyzer|evaluation|absent_control.adversarial_robustness_testing,https://github.com/tmcphee/Hotel-Review-Analyzer,evaluation,adversarial_robustness_testing,medium,"No detected adversarial robustness testing: No adversarial robustness testing frameworks (Foolbox, ART, FGSM, PGD, etc.) are imported or invoked anywhere in the code."
https://github.com/KDD-OpenSource/DeepADoTS|evaluation|absent_control.adversarial_robustness_testing,https://github.com/KDD-OpenSource/DeepADoTS,evaluation,adversarial_robustness_testing,medium,"No detected adversarial robustness testing: There is no use of adversarial attack frameworks (Foolbox, ART, FGSM, PGD) or any adversarial robustness stress testing in the evaluation code; only synthet"
https://github.com/shalomma/ToBark|evaluation|absent_control.adversarial_robustness_testing,https://github.com/shalomma/ToBark,evaluation,adversarial_robustness_testing,medium,"No detected adversarial robustness testing: No adversarial attack libraries (Foolbox, ART, etc.) or FGSM/PGD attack generation are used anywhere in the evaluation pipeline."
https://github.com/todatech/csda-lab|training|absent_control.backdoor_or_trigger_detection,https://github.com/todatech/csda-lab,training,backdoor_or_trigger_detection,high,"No detected backdoor or trigger detection: There is no trigger detection, activation analysis, or gradient anomaly detection of any kind present in the code."
https://github.com/mcps5601/TimeGAN-tensorflow2|training|absent_control.backdoor_or_trigger_detection,https://github.com/mcps5601/TimeGAN-tensorflow2,training,backdoor_or_trigger_detection,high,"No detected backdoor or trigger detection: No neural-cleanse-style trigger detection, activation-pattern analysis, or gradient anomaly detection is present anywhere in the training loop."
https://github.com/IAbda/FORESEE_ETHZ|training|absent_control.backdoor_or_trigger_detection,https://github.com/IAbda/FORESEE_ETHZ,training,backdoor_or_trigger_detection,high,"No detected backdoor or trigger detection: There is no implementation of any backdoor or trigger detection mechanism such as neural cleanse, activation analysis, or gradient anomaly detection anywhere"
https://github.com/nestoor22/apartmentML|training|absent_control.backdoor_or_trigger_detection,https://github.com/nestoor22/apartmentML,training,backdoor_or_trigger_detection,high,"No detected backdoor or trigger detection: No backdoor or trigger detection mechanisms such as neural cleanse, activation analysis, or gradient anomaly detection are present anywhere in the pipeline."
https://github.com/human-analysis/pytorchnet|training|absent_control.backdoor_or_trigger_detection,https://github.com/human-analysis/pytorchnet,training,backdoor_or_trigger_detection,high,"No detected backdoor or trigger detection: The training loop contains no backdoor detection mechanisms such as neural cleanse, activation clustering, or gradient anomaly analysis."
https://github.com/BUPT-GAMMA/OpenHINE|training|absent_control.backdoor_or_trigger_detection,https://github.com/BUPT-GAMMA/OpenHINE,training,backdoor_or_trigger_detection,high,"No detected backdoor or trigger detection: No backdoor defenses such as neural cleanse, activation analysis, or gradient anomaly detection are present anywhere in the training pipeline."
https://github.com/AxekA13/ModelTracking|training|absent_control.backdoor_or_trigger_detection,https://github.com/AxekA13/ModelTracking,training,backdoor_or_trigger_detection,high,"No detected backdoor or trigger detection: There is no neural-cleanse-style trigger detection, activation-pattern analysis, or gradient anomaly detection anywhere in the training loop."
https://github.com/Jason0917/Normalizing-Flow-Based-Defect-Detection|training|absent_control.backdoor_or_trigger_detection,https://github.com/Jason0917/Normalizing-Flow-Based-Defect-Detection,training,backdoor_or_trigger_detection,high,"No detected backdoor or trigger detection: The training loop contains no backdoor defenses such as trigger detection, activation-pattern analysis, or gradient anomaly detection."
https://github.com/Youcef9797/CNN|training|absent_control.backdoor_or_trigger_detection,https://github.com/Youcef9797/CNN,training,backdoor_or_trigger_detection,high,"No detected backdoor or trigger detection: No backdoor or trigger detection mechanisms (e.g., neural cleanse, activation analysis, gradient anomaly detection) are present anywhere in the visible code."
https://github.com/a-luengen/anytimeDnn|training|absent_control.backdoor_or_trigger_detection,https://github.com/a-luengen/anytimeDnn,training,backdoor_or_trigger_detection,high,"No detected backdoor or trigger detection: There is no neural cleanse, activation analysis, gradient anomaly detection, or any other backdoor defense in the training loop."
https://github.com/kolxy/cyber-security-analysis|training|absent_control.backdoor_or_trigger_detection,https://github.com/kolxy/cyber-security-analysis,training,backdoor_or_trigger_detection,high,"No detected backdoor or trigger detection: No backdoor defense mechanisms such as trigger detection, activation analysis, or gradient anomaly detection are present anywhere in the code."
https://github.com/pchampio/sentence-entailment|data_preparation|absent_control.data_poisoning_defenses,https://github.com/pchampio/sentence-entailment,data_preparation,data_poisoning_defenses,high,"No detected data poisoning defenses: There is no outlier detection, statistical anomaly checking, or filtering of suspicious inputs applied to the training, dev, or test datasets at any point in the p"
https://github.com/ArronHZG/cancer2.0|data_preparation|absent_control.data_poisoning_defenses,https://github.com/ArronHZG/cancer2.0,data_preparation,data_poisoning_defenses,high,"No detected data poisoning defenses: The normalize() function filters visually dark/bright images for statistics computation only and is not called in the main data pipeline; no outlier detection, sta"
https://github.com/nananana-Banana/2021-nh-bigdata-competition|data_preparation|absent_control.data_poisoning_defenses,https://github.com/nananana-Banana/2021-nh-bigdata-competition,data_preparation,data_poisoning_defenses,high,"No detected data poisoning defenses: The preprocessing pipeline performs feature engineering and fillna but includes no outlier detection, statistical anomaly checks, or filtering of suspicious traini"
https://github.com/Tinusf/ml_cancer_screening|data_preparation|absent_control.data_poisoning_defenses,https://github.com/Tinusf/ml_cancer_screening,data_preparation,data_poisoning_defenses,high,"No detected data poisoning defenses: No outlier detection, statistical anomaly checks, or filtering of suspicious inputs is performed on the training samples; the data is read and used directly."
https://github.com/tmcphee/Hotel-Review-Analyzer|data_preparation|absent_control.data_poisoning_defenses,https://github.com/tmcphee/Hotel-Review-Analyzer,data_preparation,data_poisoning_defenses,high,"No detected data poisoning defenses: No outlier detection, statistical anomaly checks, or filtering of suspicious training samples is performed anywhere in the data preparation flow."
https://github.com/sanghyeonp/MP-Net|data_preparation|absent_control.data_poisoning_defenses,https://github.com/sanghyeonp/MP-Net,data_preparation,data_poisoning_defenses,high,"No detected data poisoning defenses: No outlier detection, statistical anomaly checks, or filtering of suspicious training samples is implemented in the data preparation flow shown."
https://github.com/teotsi/Data_Mining_project|data_preparation|absent_control.data_poisoning_defenses,https://github.com/teotsi/Data_Mining_project,data_preparation,data_poisoning_defenses,high,"No detected data poisoning defenses: The data preparation code performs no outlier detection, statistical anomaly checks, or filtering of suspicious samples on the training data."
https://github.com/microsoft/robustdg|data_preparation|absent_control.data_poisoning_defenses,https://github.com/microsoft/robustdg,data_preparation,data_poisoning_defenses,high,"No detected data poisoning defenses: No outlier detection, statistical anomaly checks, or filtering of suspicious training samples is performed in any of the visible data preparation functions."
https://github.com/icik251/HWR_group_5|data_preparation|absent_control.data_poisoning_defenses,https://github.com/icik251/HWR_group_5,data_preparation,data_poisoning_defenses,high,"No detected data poisoning defenses: The preparation code performs only image processing operations (binarization, skeletonization, segmentation) with no outlier detection, statistical anomaly checks,"
https://github.com/Yunnglin/GeoQA|data_preparation|absent_control.data_poisoning_defenses,https://github.com/Yunnglin/GeoQA,data_preparation,data_poisoning_defenses,high,"No detected data poisoning defenses: The data preparation code reads raw text, tokenizes, and creates features without any outlier detection, statistical anomaly checks, or filtering of suspicious inp"
https://github.com/joaopedromattos/GNEE|data_preparation|absent_control.data_poisoning_defenses,https://github.com/joaopedromattos/GNEE,data_preparation,data_poisoning_defenses,high,"No detected data poisoning defenses: The code performs no outlier detection, statistical anomaly checks, or filtering of suspicious samples on the graph features or training data before passing them t"
https://github.com/nayeemrizve/invariance-equivariance|training|absent_control.differential_privacy,https://github.com/nayeemrizve/invariance-equivariance,training,differential_privacy,medium,"No detected differential privacy: No differential privacy library (Opacus, TensorFlow Privacy, DP-SGD) is imported or used in the training pipeline."
https://github.com/arpanadhikari1/CPLP|training|absent_control.differential_privacy,https://github.com/arpanadhikari1/CPLP,training,differential_privacy,medium,"No detected differential privacy: No differential privacy library (Opacus, TensorFlow Privacy, DP-SGD, etc.) is imported or applied anywhere in the code."
https://github.com/A6a7H/Rich|training|absent_control.differential_privacy,https://github.com/A6a7H/Rich,training,differential_privacy,medium,"No detected differential privacy: There is no use of Opacus, TensorFlow Privacy, DP-SGD, or any other differential privacy mechanism in the training code."
https://github.com/vietdung126/BankClassify|training|absent_control.differential_privacy,https://github.com/vietdung126/BankClassify,training,differential_privacy,medium,"No detected differential privacy: The code uses scikit-learn's SVM and GaussianNB without any differential privacy library (Opacus, TensorFlow Privacy, DP-SGD, etc.)."
https://github.com/QVPR/Patch-NetVLAD|training|absent_control.differential_privacy,https://github.com/QVPR/Patch-NetVLAD,training,differential_privacy,medium,"No detected differential privacy: No differential privacy libraries (Opacus, TensorFlow Privacy, DP-SGD) or related mechanisms are imported or used in the training code."
https://github.com/svenkilian/Financial|training|absent_control.differential_privacy,https://github.com/svenkilian/Financial,training,differential_privacy,medium,"No detected differential privacy: No differential privacy libraries (Opacus, TensorFlow Privacy, DP-SGD) or custom DP mechanisms are imported or used in the training pipeline."
https://github.com/human-analysis/pytorchnet|training|absent_control.differential_privacy,https://github.com/human-analysis/pytorchnet,training,differential_privacy,medium,"No detected differential privacy: No differential privacy libraries (e.g., Opacus, TensorFlow Privacy) or DP-SGD mechanisms are imported or used anywhere in the code."
https://github.com/dmcinerney/ehr-extraction-models|training|absent_control.differential_privacy,https://github.com/dmcinerney/ehr-extraction-models,training,differential_privacy,medium,"No detected differential privacy: No differential privacy libraries (Opacus, TensorFlow Privacy, DP-SGD) or related mechanisms are imported or used in the training code."
https://github.com/Preeti24/Youtube-comments|training|absent_control.differential_privacy,https://github.com/Preeti24/Youtube-comments,training,differential_privacy,medium,"No detected differential privacy: No differential privacy libraries or mechanisms (Opacus, TensorFlow Privacy, DP-SGD) are imported or used in any part of the code."
https://github.com/YefanZhou/dispersion-score|training|absent_control.differential_privacy,https://github.com/YefanZhou/dispersion-score,training,differential_privacy,medium,"No detected differential privacy: No differential privacy library (Opacus, TF Privacy, DP-SGD) or related mechanism is used anywhere in the training code."
https://github.com/vita-epfl/looking|training|absent_control.differential_privacy,https://github.com/vita-epfl/looking,training,differential_privacy,medium,"No detected differential privacy: No differential privacy library (Opacus, TensorFlow Privacy, DP-SGD) is imported or used anywhere in the code."
https://github.com/fedem96/predict-cancer-variables|inference|absent_control.input_sanitization,https://github.com/fedem96/predict-cancer-variables,inference,input_sanitization,medium,"No detected input sanitization: The code shown is focused on training (argument parsing, early stopping, logging); no inference path with input validation, shape checks, or schema validation is visibl"
https://github.com/KostyaRyabov/phishDetect|inference|absent_control.input_sanitization,https://github.com/KostyaRyabov/phishDetect,inference,input_sanitization,medium,"No detected input sanitization: URLs are passed directly from CSV files or lists into the feature extractor and classifier without any shape/range checks, schema validation, or malformed input rejecti"
https://github.com/JonasStankevicius/ConvPoint_Keras|inference|absent_control.input_sanitization,https://github.com/JonasStankevicius/ConvPoint_Keras,inference,input_sanitization,medium,"No detected input sanitization: The inference path (GenerateFile, GenerateLargeFile, GenerateData, GenerateLargeData) passes files and sequences directly to model.predict() without any shape, range, o"
https://github.com/hojunroks/label2vec|inference|absent_control.input_sanitization,https://github.com/hojunroks/label2vec,inference,input_sanitization,medium,"No detected input sanitization: The inference/data path applies only standard normalization transforms (T.Normalize) with no shape, range, or schema validation of incoming inputs."
https://github.com/KIT-ISAS/TrackSort_Neural_Public|inference|absent_control.input_sanitization,https://github.com/KIT-ISAS/TrackSort_Neural_Public,inference,input_sanitization,medium,No detected input sanitization: No input shape/range validation or schema checks are performed on incoming data before it is passed to the model; inputs are consumed directly from CSV/fake datasets wi
https://github.com/grant-pittman/ML-FIFA-Stats|inference|absent_control.input_sanitization,https://github.com/grant-pittman/ML-FIFA-Stats,inference,input_sanitization,medium,"No detected input sanitization: User inputs from sliders and selectboxes are passed directly to pandas/sklearn without any shape, range, or schema validation."
https://github.com/fznsakib/great-ape-behaviour-detector|inference|absent_control.input_sanitization,https://github.com/fznsakib/great-ape-behaviour-detector,inference,input_sanitization,medium,"No detected input sanitization: No input shape, range, or schema validation is performed on incoming data before it is passed to the model in any of the visible inference-path code."
https://github.com/samantamrityunjay/Automatic-assignment-of-ICD10-codes|inference|absent_control.input_sanitization,https://github.com/samantamrityunjay/Automatic-assignment-of-ICD10-codes,inference,input_sanitization,medium,"No detected input sanitization: Inputs are read directly from CSV files and passed through tokenization/preprocessing without any shape, range, schema, or null validation before reaching the model."
https://github.com/awarenessxz/acoustic-scene-classification|inference|absent_control.input_sanitization,https://github.com/awarenessxz/acoustic-scene-classification,inference,input_sanitization,medium,"No detected input sanitization: The filename from the JSON request body is used directly without any validation, sanitization, or schema checking before being passed to the model prediction function."
https://github.com/CS-433/ml-project-2-abs|inference|absent_control.input_sanitization,https://github.com/CS-433/ml-project-2-abs,inference,input_sanitization,medium,"No detected input sanitization: The code reads images directly from disk via PIL and passes them through transforms without any shape, range, or schema validation before feeding them to the model."
https://github.com/kumatheworld/niaoge|inference|absent_control.input_sanitization,https://github.com/kumatheworld/niaoge,inference,input_sanitization,medium,"No detected input sanitization: The inference path (TestDataset and Config loading) performs no shape, range, or schema validation on incoming audio data before passing it to the model."
https://github.com/samsudinng/speech_accent_recognition|data_acquisition|absent_control.input_validation,https://github.com/samsudinng/speech_accent_recognition,data_acquisition,input_validation,medium,"No detected input validation: No schema checks, dtype assertions, or value-range guards are performed on incoming data; the code simply passes paths to ImageFolder and transforms without validation."
https://github.com/PhilippKrueger/ml-many-body-localization|data_acquisition|absent_control.input_validation,https://github.com/PhilippKrueger/ml-many-body-localization,data_acquisition,input_validation,medium,"No detected input validation: No checks on structure, type, dtype, shape, or value ranges are performed on any inputs (Ns, Ws, n_max, repetitions, loaded pickles, or generated arrays)."
https://github.com/jtbricker/aidp|data_acquisition|absent_control.input_validation,https://github.com/jtbricker/aidp,data_acquisition,input_validation,medium,"No detected input validation: The code reads the Excel file directly with pd.read_excel and selects columns by name, but performs no schema checks, dtype assertions, or value-range guards on the incom"
https://github.com/ITU-AI-ML-in-5G-Challenge/fedipc-spatial-reuse|data_acquisition|absent_control.input_validation,https://github.com/ITU-AI-ML-in-5G-Challenge/fedipc-spatial-reuse,data_acquisition,input_validation,medium,"No detected input validation: No schema checks, dtype assertions, or value-range guards are applied to incoming data anywhere in the visible code; data is passed directly from loaders to preprocessors"
https://github.com/songwan/HTPPs|data_acquisition|absent_control.input_validation,https://github.com/songwan/HTPPs,data_acquisition,input_validation,medium,"No detected input validation: The code reads CSV files and processes columns but performs no schema checks, dtype assertions, or value-range guards on the incoming data before use."
https://github.com/elenamer/ecg_classification_DL|data_acquisition|absent_control.input_validation,https://github.com/elenamer/ecg_classification_DL,data_acquisition,input_validation,medium,"No detected input validation: No schema checks, dtype assertions, or value-range guards are performed on loaded signals or labels; data is read and used directly without validation."
https://github.com/yyh0806/Ameme_public|data_acquisition|absent_control.input_validation,https://github.com/yyh0806/Ameme_public,data_acquisition,input_validation,medium,"No detected input validation: No schema checks, dtype assertions, or value-range guards are applied to the loaded CSV data or dataset inputs before use."
https://github.com/jforbis/make-that-bread|data_acquisition|absent_control.input_validation,https://github.com/jforbis/make-that-bread,data_acquisition,input_validation,medium,"No detected input validation: User-supplied POST data is parsed with ast.literal_eval and used directly (e.g., as a ticker symbol or date string) with no schema, type, or range checks beyond what lite"
https://github.com/taylorplumer/classifiers-dash|data_acquisition|absent_control.input_validation,https://github.com/taylorplumer/classifiers-dash,data_acquisition,input_validation,medium,"No detected input validation: The only check present is a soft warning in revise_report_df about unexpected column names (print statement), but there are no schema checks, dtype assertions, or value-r"
https://github.com/ZihengZZH/bipolar-disorder|data_acquisition|absent_control.input_validation,https://github.com/ZihengZZH/bipolar-disorder,data_acquisition,input_validation,medium,"No detected input validation: User inputs (model_id, feature_id, choice) are cast directly with int() and used without bounds/type validation beyond a single loose check (choice > len), and data loade"
https://github.com/Garfounkel/emotion_analysis|data_acquisition|absent_control.input_validation,https://github.com/Garfounkel/emotion_analysis,data_acquisition,input_validation,medium,"No detected input validation: The code loads CSV files with pd.read_csv and processes them directly without any schema checks, dtype assertions, or value-range guards on the incoming data."
https://github.com/ChelseaGuan/Improving-Phishing-Detection-Models|training|absent_control.label_distribution_validation,https://github.com/ChelseaGuan/Improving-Phishing-Detection-Models,training,label_distribution_validation,medium,"No detected label distribution validation: No code checks class balance, expected label sets, or anomalous sample distribution before training begins."
https://github.com/skywalker0803r/Tomofun-Dog-Voice-Recognition-AI-Million-Challenge|training|absent_control.label_distribution_validation,https://github.com/skywalker0803r/Tomofun-Dog-Voice-Recognition-AI-Million-Challenge,training,label_distribution_validation,medium,"No detected label distribution validation: The code reads and one-hot encodes labels but performs no class balance check, expected-label-set validation, or anomaly detection on the label distribution "
https://github.com/adeshkin/road_segment|training|absent_control.label_distribution_validation,https://github.com/adeshkin/road_segment,training,label_distribution_validation,medium,"No detected label distribution validation: The code uses StratifiedKFold to split data but performs no explicit class balance check, expected-label-set validation, or anomalous sample detection before"
https://github.com/boostcampaitech2/final-project-level3-nlp-12|training|absent_control.label_distribution_validation,https://github.com/boostcampaitech2/final-project-level3-nlp-12,training,label_distribution_validation,medium,No detected label distribution validation: No explicit label distribution check or class balance validation is performed before training; ImbalancedDatasetSampler is used to handle imbalance but does 
https://github.com/IShengFang/Digital_Medicine_2020Fall_RSNA_ICH_Detection|training|absent_control.label_distribution_validation,https://github.com/IShengFang/Digital_Medicine_2020Fall_RSNA_ICH_Detection,training,label_distribution_validation,medium,"No detected label distribution validation: The code performs a simple train/test split and writes label files but never checks class balance, verifies the expected label set, or flags anomalous sample"
https://github.com/alessiosavi/PyRecognizer|training|absent_control.label_distribution_validation,https://github.com/alessiosavi/PyRecognizer,training,label_distribution_validation,medium,"No detected label distribution validation: No code checks class balance, expected label sets, or anomalous sample detection before training begins."
https://github.com/Keredu/Intracranial-Hemorrhage-Detection|training|absent_control.label_distribution_validation,https://github.com/Keredu/Intracranial-Hemorrhage-Detection,training,label_distribution_validation,medium,"No detected label distribution validation: No code checks class balance, expected label sets, or anomalous sample distributions before or during training."
https://github.com/gsq7474741/Paddle-NCR|training|absent_control.label_distribution_validation,https://github.com/gsq7474741/Paddle-NCR,training,label_distribution_validation,medium,"No detected label distribution validation: No code checks label distribution, class balance, or anomalous sample detection before or during training."
https://github.com/benjides/MusicGenreClassifier|training|absent_control.label_distribution_validation,https://github.com/benjides/MusicGenreClassifier,training,label_distribution_validation,medium,"No detected label distribution validation: No code checks class balance, expected label set, or anomalous sample distribution before or during training."
https://github.com/julsunny/darthradar|training|absent_control.label_distribution_validation,https://github.com/julsunny/darthradar,training,label_distribution_validation,medium,"No detected label distribution validation: No code checks class balance, expected label sets, or anomalous sample detection before or during training."
https://github.com/saif-mahmud/self-attention-HAR|training|absent_control.label_distribution_validation,https://github.com/saif-mahmud/self-attention-HAR,training,label_distribution_validation,medium,"No detected label distribution validation: There is no code that checks class balance, validates the expected label set, or detects anomalous label distributions before training; verbose debug prints "
https://github.com/fedem96/predict-cancer-variables|data_preparation|absent_control.label_flipping_detection,https://github.com/fedem96/predict-cancer-variables,data_preparation,label_flipping_detection,medium,"No detected label flipping detection: No code checks label distributions, validates label values against an expected set, or uses any label-noise detection tool before training."
https://github.com/RayRuizhiLiao/resnet_chestxray|data_preparation|absent_control.label_flipping_detection,https://github.com/RayRuizhiLiao/resnet_chestxray,data_preparation,label_flipping_detection,medium,"No detected label flipping detection: The only label handling is `select_valid_labels` which filters out negative labels (>=0), but there is no check for unexpected label values, distribution anomalie"
https://github.com/flawnson/Generic_GNN|data_preparation|absent_control.label_flipping_detection,https://github.com/flawnson/Generic_GNN,data_preparation,label_flipping_detection,medium,"No detected label flipping detection: The code reads labels and assigns unknown nodes a default value of 0, but there is no validation of label values against an expected set, no distribution comparis"
https://github.com/elBichon/online_machine_learning|data_preparation|absent_control.label_flipping_detection,https://github.com/elBichon/online_machine_learning,data_preparation,label_flipping_detection,medium,"No detected label flipping detection: There is no check that validates label values against an expected set, compares label distributions, or uses any label-noise detection tool like Cleanlab."
https://github.com/VineetKT/ML_fastapi_on_Heroku_CI-CD|data_preparation|absent_control.label_flipping_detection,https://github.com/VineetKT/ML_fastapi_on_Heroku_CI-CD,data_preparation,label_flipping_detection,medium,"No detected label flipping detection: There is no validation of label values against an expected set, no distribution comparison, and no label-noise detection tool used anywhere in the pipeline."
https://github.com/sanghyeonp/MP-Net|data_preparation|absent_control.label_flipping_detection,https://github.com/sanghyeonp/MP-Net,data_preparation,label_flipping_detection,medium,"No detected label flipping detection: No label distribution comparison, label value validation, or label-noise detection tool (e.g., Cleanlab) is visible anywhere in the provided code."
https://github.com/anik-jha/tnp|data_preparation|absent_control.label_flipping_detection,https://github.com/anik-jha/tnp,data_preparation,label_flipping_detection,medium,"No detected label flipping detection: No code checks label distributions, validates label values against an expected set, or uses any label-noise detection tool before training."
https://github.com/swapnanildutta/Mushroom-Classification-Web-App|data_preparation|absent_control.label_flipping_detection,https://github.com/swapnanildutta/Mushroom-Classification-Web-App,data_preparation,label_flipping_detection,medium,"No detected label flipping detection: The code only applies LabelEncoder to transform labels without any validation of label distributions, comparison against expected label sets, or label-noise detec"
https://github.com/silencedsre/Fusemachines-AI-Training|data_preparation|absent_control.label_flipping_detection,https://github.com/silencedsre/Fusemachines-AI-Training,data_preparation,label_flipping_detection,medium,"No detected label flipping detection: The code only applies LabelEncoder to the emotion column without any validation of label values against an expected set, distribution comparison, or label-noise d"
https://github.com/rurusasu/OrigNet|data_preparation|absent_control.label_flipping_detection,https://github.com/rurusasu/OrigNet,data_preparation,label_flipping_detection,medium,"No detected label flipping detection: No code checks label distributions, validates label values against an expected set, or uses any label-noise detection tool before training."
https://github.com/Fosso/trackdecpred|data_preparation|absent_control.label_flipping_detection,https://github.com/Fosso/trackdecpred,data_preparation,label_flipping_detection,medium,"No detected label flipping detection: No code checks label distributions, validates label values against an expected set, or uses any label-noise detection tool before training."
https://github.com/pyyush/GraphML|evaluation|absent_control.metric_tampering_protection,https://github.com/pyyush/GraphML,evaluation,metric_tampering_protection,medium,"No detected metric tampering protection: Although train/val/test splits are created, there is no hashing or signing of evaluation data, and the code explicitly reassigns y_test to y_val (line: y_test,"
https://github.com/samarthbhargav/hackathon4good|evaluation|absent_control.metric_tampering_protection,https://github.com/samarthbhargav/hackathon4good,evaluation,metric_tampering_protection,medium,"No detected metric tampering protection: There is no evidence of a held-out test set isolated from training data at the code level, signed/hashed evaluation data, or use of multiple independent metric"
https://github.com/Supreeth-Shetty/Projectathon---Simplified-AI|evaluation|absent_control.metric_tampering_protection,https://github.com/Supreeth-Shetty/Projectathon---Simplified-AI,evaluation,metric_tampering_protection,medium,"No detected metric tampering protection: There is no evidence of held-out test set isolation, signed/hashed evaluation data, or use of multiple independent metrics to protect against metric manipulati"
https://github.com/michi-d/bundestweets|evaluation|absent_control.metric_tampering_protection,https://github.com/michi-d/bundestweets,evaluation,metric_tampering_protection,medium,"No detected metric tampering protection: There is no held-out test set isolation, signed/hashed evaluation data, or multiple independent metrics; the code only computes and visualizes descriptive stat"
https://github.com/wjensheng/recursion|evaluation|absent_control.metric_tampering_protection,https://github.com/wjensheng/recursion,evaluation,metric_tampering_protection,medium,"No detected metric tampering protection: While a separate validation set is used, there is no hashing/signing of evaluation data, no isolation enforcement, and only a single combined accuracy metric i"
https://github.com/amirrassafi/PFSBS|evaluation|absent_control.metric_tampering_protection,https://github.com/amirrassafi/PFSBS,evaluation,metric_tampering_protection,medium,"No detected metric tampering protection: Although a train/test split is performed, the cost function (cal_cost_svm/knn) is evaluated on training data during optimization, there is no cryptographic sig"
https://github.com/Shaza-Is/Re-IDOL|evaluation|absent_control.metric_tampering_protection,https://github.com/Shaza-Is/Re-IDOL,evaluation,metric_tampering_protection,medium,"No detected metric tampering protection: There is no evidence of held-out test set isolation enforcement, hashing/signing of evaluation data, or use of multiple independent metrics to guard against me"
https://github.com/kaist-dmlab/Time-CAD|evaluation|absent_control.metric_tampering_protection,https://github.com/kaist-dmlab/Time-CAD,evaluation,metric_tampering_protection,medium,"No detected metric tampering protection: While multiple metrics (F1, precision, recall, PR-AUC, ROC-AUC) are computed, there is no signing or hashing of evaluation data, and no explicit isolation enfo"
https://github.com/grant-pittman/ML-FIFA-Stats|evaluation|absent_control.metric_tampering_protection,https://github.com/grant-pittman/ML-FIFA-Stats,evaluation,metric_tampering_protection,medium,"No detected metric tampering protection: The code does not implement any held-out test set isolation, data hashing/signing, or multiple independent metrics to protect against metric manipulation; eval"
https://github.com/auto-flow/auto-flow|evaluation|absent_control.metric_tampering_protection,https://github.com/auto-flow/auto-flow,evaluation,metric_tampering_protection,medium,"No detected metric tampering protection: There is no evidence of a held-out test set isolated from training data, signed/hashed evaluation data, or multiple independent evaluation metrics being enforc"
https://github.com/samsudinng/speech_accent_recognition|evaluation|absent_control.metric_tampering_protection,https://github.com/samsudinng/speech_accent_recognition,evaluation,metric_tampering_protection,medium,"No detected metric tampering protection: While multiple metrics exist (accuracy, top_k_acc, utt_accuracy), there is no evidence of a held-out test set isolated from training data, cryptographic signin"
https://github.com/soni-ratnesh/Deploying-a-Machine-Learning-Model-on-Heroku-with-FastAPI|modeling|absent_control.model_integrity_verification,https://github.com/soni-ratnesh/Deploying-a-Machine-Learning-Model-on-Heroku-with-FastAPI,modeling,model_integrity_verification,medium,"No detected model integrity verification: The code loads model.joblib, encoder.joblib, and lb.joblib via joblib.load() with no hash check, signature verification, or pinned revision before deserializa"
https://github.com/micqu/hotel-challenge|modeling|absent_control.model_integrity_verification,https://github.com/micqu/hotel-challenge,modeling,model_integrity_verification,medium,"No detected model integrity verification: The code loads model weights via `torch.load(name)` and `utility.initialize_net()` without any hash check, signature verification, or pinned revision, leaving"
https://github.com/YuehuaZhu/ProxyGML|modeling|absent_control.model_integrity_verification,https://github.com/YuehuaZhu/ProxyGML,modeling,model_integrity_verification,medium,"No detected model integrity verification: The code creates a model via net.bninception(args.dim) and moves it to a device, but there is no hash check, signature verification, pinned revision, or any i"
https://github.com/skywalker0803r/Tomofun-Dog-Voice-Recognition-AI-Million-Challenge|modeling|absent_control.model_integrity_verification,https://github.com/skywalker0803r/Tomofun-Dog-Voice-Recognition-AI-Million-Challenge,modeling,model_integrity_verification,medium,"No detected model integrity verification: The code does not load any pretrained weights or serialized models, and no hash checks, signature verification, or pinned revisions are implemented anywhere i"
https://github.com/daniel235/RNAmodificationClassifier|modeling|absent_control.model_integrity_verification,https://github.com/daniel235/RNAmodificationClassifier,modeling,model_integrity_verification,medium,"No detected model integrity verification: In svm.py, the serialized model is loaded via pickle.load() from a local file path without any hash check, signature verification, or pinned revision validati"
https://github.com/waterwheel31/scalableMLpipeline|modeling|absent_control.model_integrity_verification,https://github.com/waterwheel31/scalableMLpipeline,modeling,model_integrity_verification,medium,"No detected model integrity verification: The model is loaded via joblib.load() in multiple places without any hash check, signature verification, or pinned revision; no integrity verification is perf"
https://github.com/wjensheng/recursion|modeling|absent_control.model_integrity_verification,https://github.com/wjensheng/recursion,modeling,model_integrity_verification,medium,"No detected model integrity verification: The load_checkpoint function loads model weights via torch.load without any hash check, signature verification, or pinned revision; no integrity verification "
https://github.com/DWhistle/virus-hack|modeling|absent_control.model_integrity_verification,https://github.com/DWhistle/virus-hack,modeling,model_integrity_verification,medium,"No detected model integrity verification: The code imports CatBoostRegressorModel from private.service.model but no model loading, hash checking, signature verification, or pinned revision logic is vi"
https://github.com/ZihengZZH/bipolar-disorder|modeling|absent_control.model_integrity_verification,https://github.com/ZihengZZH/bipolar-disorder,modeling,model_integrity_verification,medium,"No detected model integrity verification: The code instantiates models (SVM, RF, AutoEncoder, DNN, etc.) and loads features/data, but there is no hash check, signature verification, or pinned revision"
https://github.com/BUPT-GAMMA/OpenHINE|modeling|absent_control.model_integrity_verification,https://github.com/BUPT-GAMMA/OpenHINE,modeling,model_integrity_verification,medium,"No detected model integrity verification: No hash checks, signature verification, or pinned revision controls are present when loading pretrained weights or serialized models; the code reads config pa"
https://github.com/chen-jimmy/AutoBot|modeling|absent_control.model_integrity_verification,https://github.com/chen-jimmy/AutoBot,modeling,model_integrity_verification,medium,"No detected model integrity verification: The code loads a pretrained BERT model via HuggingFace Transformers without any hash check, signature verification, or pinned model revision to verify integri"
https://github.com/hagairavid18/OCT_project|inference|absent_control.output_bounds_checks,https://github.com/hagairavid18/OCT_project,inference,output_bounds_checks,medium,"No detected output bounds checks: Model outputs are used directly for loss computation or passed through without any NaN guards, probability bounds checks, or confidence threshold validation."
https://github.com/anisurahaman/First|inference|absent_control.output_bounds_checks,https://github.com/anisurahaman/First,inference,output_bounds_checks,medium,"No detected output bounds checks: No checks on model predictions are visible in the truncated code; there are no NaN guards, probability bounds checks, or threshold validations applied to inference ou"
https://github.com/DuoJiang/Importance-Weighting-in-Deep-Learning|inference|absent_control.output_bounds_checks,https://github.com/DuoJiang/Importance-Weighting-in-Deep-Learning,inference,output_bounds_checks,medium,"No detected output bounds checks: Model outputs are passed directly to the loss function or evaluation routine with no NaN guards, probability bounds checks, or threshold validation."
https://github.com/VumBleBot/odqa_baseline_code|inference|absent_control.output_bounds_checks,https://github.com/VumBleBot/odqa_baseline_code,inference,output_bounds_checks,medium,"No detected output bounds checks: Model outputs (EM, F1 scores, predictions) are used and reported directly with no NaN guards, probability sanity checks, or threshold validation."
https://github.com/mlai-student/Lab2020-21ClusteringCovidData|inference|absent_control.output_bounds_checks,https://github.com/mlai-student/Lab2020-21ClusteringCovidData,inference,output_bounds_checks,medium,"No detected output bounds checks: Forecast outputs are stored and evaluated without any NaN guards, probability bounds checks, or sanity validation on the model's returned values."
https://github.com/tdeng-zuel/scRNA-FeatureSelection|inference|absent_control.output_bounds_checks,https://github.com/tdeng-zuel/scRNA-FeatureSelection,inference,output_bounds_checks,medium,"No detected output bounds checks: No code in the visible inference path checks model outputs for NaN values, probability bounds, or calibrated thresholds before returning or recording results."
https://github.com/christinalchang/take-a-hike|inference|absent_control.output_bounds_checks,https://github.com/christinalchang/take-a-hike,inference,output_bounds_checks,medium,"No detected output bounds checks: No code is present that checks model output probabilities, guards against NaN predictions, or validates output values before returning results."
https://github.com/sahivy13/clients_from_hell_heroku|inference|absent_control.output_bounds_checks,https://github.com/sahivy13/clients_from_hell_heroku,inference,output_bounds_checks,medium,"No detected output bounds checks: No code is visible that checks model output probabilities for NaN values, out-of-range scores, or applies calibrated thresholds before returning predictions to the us"
https://github.com/khalld/trashbin-classifier|inference|absent_control.output_bounds_checks,https://github.com/khalld/trashbin-classifier,inference,output_bounds_checks,medium,"No detected output bounds checks: The softmax output is directly returned as a dict without any NaN guards, probability sum checks, or confidence threshold validation."
https://github.com/grant-pittman/ML-FIFA-Stats|inference|absent_control.output_bounds_checks,https://github.com/grant-pittman/ML-FIFA-Stats,inference,output_bounds_checks,medium,"No detected output bounds checks: No code is visible that checks model outputs for NaN values, out-of-range predictions, or probability sanity bounds before displaying results."
https://github.com/rodrigorivera/mds20_returney|inference|absent_control.output_bounds_checks,https://github.com/rodrigorivera/mds20_returney,inference,output_bounds_checks,medium,"No detected output bounds checks: The predict and validate functions return raw numpy arrays of predictions without any NaN guards, probability sanity checks, or threshold enforcement."
https://github.com/jhammarstedt/SLN-on-Sound|inference|absent_control.prompt_injection_defenses,https://github.com/jhammarstedt/SLN-on-Sound,inference,prompt_injection_defenses,high,"No detected prompt injection defenses: This pipeline handles image and audio classification (CIFAR and FSD50K), not an LLM, so prompt injection defenses are not applicable and not present."
https://github.com/PanyiDong/My_AutoML|inference|absent_control.prompt_injection_defenses,https://github.com/PanyiDong/My_AutoML,inference,prompt_injection_defenses,high,"No detected prompt injection defenses: This is a tabular AutoML pipeline (AutoTabularClassifier/Regressor), not an LLM, so prompt-injection defenses are not applicable and none are implemented."
https://github.com/anhdhbn/facerec|inference|absent_control.prompt_injection_defenses,https://github.com/anhdhbn/facerec,inference,prompt_injection_defenses,high,"No detected prompt injection defenses: This is a face verification/recognition model (vision-based), not an LLM, so prompt injection defenses are not applicable."
https://github.com/OliverSaarela/ml-probability|inference|absent_control.prompt_injection_defenses,https://github.com/OliverSaarela/ml-probability,inference,prompt_injection_defenses,high,"No detected prompt injection defenses: This is not an LLM pipeline; it is a tabular tennis match prediction model, so prompt injection defenses are not applicable."
https://github.com/alessiosavi/PyRecognizer|inference|absent_control.prompt_injection_defenses,https://github.com/alessiosavi/PyRecognizer,inference,prompt_injection_defenses,high,"No detected prompt injection defenses: This is an image-based face recognition system, not an LLM, so prompt injection defenses are not applicable."
https://github.com/tyiannak/readys|inference|absent_control.prompt_injection_defenses,https://github.com/tyiannak/readys,inference,prompt_injection_defenses,high,"No detected prompt injection defenses: The pipeline uses speech/audio-based ML models and text scoring, not an LLM, so prompt injection defenses are not applicable and none are implemented."
https://github.com/microsoft/datadrivenmodel|inference|absent_control.prompt_injection_defenses,https://github.com/microsoft/datadrivenmodel,inference,prompt_injection_defenses,high,"No detected prompt injection defenses: This is not an LLM pipeline; the model performs numerical/tabular simulation predictions, so prompt injection defenses are not applicable and none are present."
https://github.com/marcobenito/hipf|inference|absent_control.prompt_injection_defenses,https://github.com/marcobenito/hipf,inference,prompt_injection_defenses,high,"No detected prompt injection defenses: Although IBM Watson NLU is used for text sentiment analysis, there is no prompt-injection filtering, system-prompt isolation, or output content moderation implem"
https://github.com/angusev/SCGAN|inference|absent_control.prompt_injection_defenses,https://github.com/angusev/SCGAN,inference,prompt_injection_defenses,high,"No detected prompt injection defenses: This is an image inpainting model (not an LLM), so prompt-injection defenses are not applicable and none are present."
https://github.com/uhh-lt/neural-coref|inference|absent_control.prompt_injection_defenses,https://github.com/uhh-lt/neural-coref,inference,prompt_injection_defenses,high,"No detected prompt injection defenses: This is a coreference resolution model, not an LLM text-in/text-out system, so prompt injection defenses are not applicable and none are implemented."
https://github.com/naver/claf|inference|absent_control.prompt_injection_defenses,https://github.com/naver/claf,inference,prompt_injection_defenses,high,"No detected prompt injection defenses: There is no input filtering, system-prompt isolation, output content moderation, or jailbreak detection present in any of the shown code files."
https://github.com/iamraymondlow/poi-conflation-tool|data_acquisition|absent_control.untrusted_source_handling,https://github.com/iamraymondlow/poi-conflation-tool,data_acquisition,untrusted_source_handling,medium,"No detected untrusted source handling: The code fetches data from Google Maps and HERE Map APIs via HTTP requests but performs no checksum verification, signature validation, or pinned revision checks"
https://github.com/national-basketball-association/NPS|data_acquisition|absent_control.untrusted_source_handling,https://github.com/national-basketball-association/NPS,data_acquisition,untrusted_source_handling,medium,"No detected untrusted source handling: Data is fetched from the nba_api and remote URLs without any checksum verification, signature validation, pinned API versions, or authentication of the remote so"
https://github.com/gsq7474741/Paddle-NCR|data_acquisition|absent_control.untrusted_source_handling,https://github.com/gsq7474741/Paddle-NCR,data_acquisition,untrusted_source_handling,medium,"No detected untrusted source handling: All data is loaded from local filesystem paths with no remote fetching, so there is no checksum verification, authentication, or integrity check against any remo"
https://github.com/esvs2202/Concrete-Compressive-Strength-Prediction|data_acquisition|absent_control.untrusted_source_handling,https://github.com/esvs2202/Concrete-Compressive-Strength-Prediction,data_acquisition,untrusted_source_handling,medium,"No detected untrusted source handling: Data is loaded from a local file path with no remote source involved, and no checksum, signature, or integrity verification of any kind is performed."
https://github.com/YuehuaZhu/ProxyGML|data_acquisition|absent_control.untrusted_source_handling,https://github.com/YuehuaZhu/ProxyGML,data_acquisition,untrusted_source_handling,medium,"No detected untrusted source handling: Data is loaded from a local directory path (args.data) with no remote fetch, checksum verification, or source authentication present in the code."
https://github.com/NouamaneTazi/ml_project_example|data_acquisition|absent_control.untrusted_source_handling,https://github.com/NouamaneTazi/ml_project_example,data_acquisition,untrusted_source_handling,medium,"No detected untrusted source handling: No remote data fetching is visible in the provided code; data is read from local paths (train_data_path) with no checksum, signature, or authentication checks."
https://github.com/kumatheworld/niaoge|data_acquisition|absent_control.untrusted_source_handling,https://github.com/kumatheworld/niaoge,data_acquisition,untrusted_source_handling,medium,"No detected untrusted source handling: All data is read from local filesystem paths (e.g., 'data/train.csv', 'data/train_audio') with no remote fetching, checksum verification, or source authenticatio"
https://github.com/kavko8/jiant_slovene|data_acquisition|absent_control.untrusted_source_handling,https://github.com/kavko8/jiant_slovene,data_acquisition,untrusted_source_handling,medium,No detected untrusted source handling: Models and tokenizers are fetched from HuggingFace Hub via AutoModelForPreTraining.from_pretrained and AutoTokenizer.from_pretrained without any checksum verific
https://github.com/ITU-AI-ML-in-5G-Challenge/fedipc-spatial-reuse|data_acquisition|absent_control.untrusted_source_handling,https://github.com/ITU-AI-ML-in-5G-Challenge/fedipc-spatial-reuse,data_acquisition,untrusted_source_handling,medium,"No detected untrusted source handling: DataDownloader fetches data (likely from the zenodo URL referenced in the CLI help) but no checksum verification, signature validation, or pinned revision is vis"
https://github.com/victor-basisai/credit-scoring|data_acquisition|absent_control.untrusted_source_handling,https://github.com/victor-basisai/credit-scoring,data_acquisition,untrusted_source_handling,medium,"No detected untrusted source handling: Data is loaded from a local directory path (DATA_DIR_LOCAL) via pd.read_csv with no checksum verification, authentication, or integrity checks of any kind."
https://github.com/CS-433/ml-project-2-abs|data_acquisition|absent_control.untrusted_source_handling,https://github.com/CS-433/ml-project-2-abs,data_acquisition,untrusted_source_handling,medium,"No detected untrusted source handling: Data is loaded from a local filesystem path with no remote fetching, so there are no checksums, signed URLs, or authentication mechanisms present or needed in th"
