repo,commit_count,size_kb,python_bytes,total_code_bytes,fetch_ok
https://github.com/glev1/credit-service,53,8313,9105,2338171,True
https://github.com/zhouqibing0000m/saif-mahmudd,78,23885,54794,54794,True
https://github.com/hagairavid18/OCT_project,377,5934,261535,261535,True
https://github.com/ChristianDjurhuus/mlops_g27,239,420,47738,56209,True
https://github.com/songwan/HTPPs,59,27268,44988,45425,True
https://github.com/hailuteju/deploying-ml-model,117,4625,32090,32090,True
https://github.com/keyjhk/ABSA,64,5435,118996,165727,True
https://github.com/vita-epfl/looking,168,76618,365376,366731,True
https://github.com/Youcef9797/CNN,134,176,97543,98805,True
https://github.com/timfronteau/SAMproject,106,360068,52102,52102,True
https://github.com/Supreeth-Shetty/Projectathon---Simplified-AI,491,25809,361156,847783,True
https://github.com/uoo723/PMGT,119,217,151425,177659,True
https://github.com/ankitsharma6652/Scania-Truck-Failures,54,111001,89442,1042699,True
https://github.com/vcsrot/Project03_MLOps,54,28470,21025,21025,True
https://github.com/jasma-balasangameshwara/Publish-an-ML-on-Heroku-with-FastAPI,166,3638,19325,19382,True
https://github.com/CS-433/ml-project-2-abs,66,109876,36590,36590,True
https://github.com/boostcampaitech2/final-project-level3-nlp-12,81,78204,282728,1915029,True
https://github.com/leouchoa/deploy_bureau_census_classifier_with_fastAPI,56,385,35993,36480,True
https://github.com/rgwoodiii/heroku_api,117,1962,16910,16910,True
https://github.com/KasperSkytte/ASMC-prediction,275,556164,90830,146390,True
https://github.com/kaist-dmlab/Time-CAD,104,75569,239252,2800785,True
https://github.com/LemengDai/Final_Project,113,2456,44637,44637,True
https://github.com/jhammarstedt/SLN-on-Sound,130,575275,103056,442138,True
https://github.com/zhaoyanpeng/vipant,94,6627,403768,408592,True
https://github.com/happyfuntimegroup/machinelearning,274,8154,104221,707850,True
https://github.com/A-F-V/XAI-Cancer-Diagnosis,209,670202,791338,65234822,True
https://github.com/Larkinnjm1/GLCM_svm_model,64,6379,63999,63999,True
https://github.com/mandiehyewon/goodviews_ecg,125,2282,80288,83734,True
https://github.com/spyroot/shapenet,59,23518,234796,23163392,True
https://github.com/PanyiDong/My_AutoML,722,86187,1385034,1451006,True
https://github.com/ITU-AI-ML-in-5G-Challenge/fedipc-spatial-reuse,74,919,73357,73369,True
https://github.com/kolxy/cyber-security-analysis,89,14185,76347,84944,True
https://github.com/Shaza-Is/Re-IDOL,123,14170,55219,1905655,True
https://github.com/ptigas/geoeffectivenet,83,146854,131238,19147587,True
https://github.com/hansen1416/football-prediction,106,207477,96380,96380,True
https://github.com/Simplified-Artificial-Intelligence/SimplifiedAI,495,25673,361156,847783,True
https://github.com/bgauzere/deep-ged,212,1825,185448,766444,True
https://github.com/joren015/MercariProject,80,4953,51554,5618922,True
https://github.com/ThatOneGoat/sidewalk-cv-2021,434,22437,193527,565879,True
https://github.com/juneskiafc/bert-probing,236,945,890455,892558,True
https://github.com/simonamtoft/generative-convergence,196,105522,117363,501062,True
https://github.com/gaylordmarville/MLDOPS-P4,107,2159,28932,28932,True
https://github.com/navidstuv/self_path,146,266,118665,118665,True
https://github.com/georgii-nigm/Improvements-to-ML-algorithms,145,88624,61912,65996,True
https://github.com/z404/reviewzon-backend,65,15720,97482,97482,True
https://github.com/boostcampaitech2/klue-level2-nlp-04,56,28734,52037,52037,True
https://github.com/NouamaneTazi/ml_project_example,99,16902,37427,4685314,True
https://github.com/apoorvjha/SmokeFireDetection,55,351161,28808,59359,True
https://github.com/DavidMachajewski/fer_fmpn_pytorch,125,233202,380210,388460,True
https://github.com/diascarolina/project-insurance-forecast,52,1970,6593,521669,True
https://github.com/Zukang-Liao/ML4ML-invariance-testing,175,1503,118792,118792,True
https://github.com/nikmall/MTT-Sentiment-Classification,279,136,82384,82384,True
https://github.com/sethusaim/Wafer-Fault-Prediction-using-MlFlow,140,13870,154048,167617,True
https://github.com/nananana-Banana/2021-nh-bigdata-competition,146,175905,24355,12428058,True
https://github.com/paras2612/CauseBox,65,66103,932523,963609,True
https://github.com/YefanZhou/dispersion-score,52,19440,746670,1072342,True
https://github.com/linhlt-it-ee/wiki_builder,88,18679,8916673,9222337,True
https://github.com/DFKI-SignLanguage/EASIER-EkmanClassifier,218,255,160669,168655,True
https://github.com/wenqi006/SlideGraph,54,13566,33628,33628,True
https://github.com/StevRamos/video_summarization,66,35968,144864,148412,True
https://github.com/esvs2202/Concrete-Compressive-Strength-Prediction,83,4758,69502,1986844,True
https://github.com/rurusasu/OrigNet,109,8264,239274,1280620,True
https://github.com/binaybehera/test-model,50,69,7614,8925,True
https://github.com/Alok589/thesis_project,68,14396,75721,75721,True
https://github.com/kangzh015/zhongguoyikeda,513,582234,1301382,1443146,True
https://github.com/flowerpot-ai/stabilizer,83,87,19904,19904,True
https://github.com/soni-ratnesh/Deploying-a-Machine-Learning-Model-on-Heroku-with-FastAPI,84,878,19364,28707,True
https://github.com/IAbda/FORESEE_ETHZ,56,112996,37943,15251507,True
https://github.com/TCC-joaorobson-ViniciusBernardo/backend,50,2320,29154,47080,True
https://github.com/LerysG/Project_7_OC_dashboard,67,22982,26277,17155588,True
https://github.com/Baukmeister/stefanos_angels,140,3753,36621,4314473,True
https://github.com/jeetv/GMVD,68,18479,157773,262970,True
https://github.com/adeshkin/road_segment,80,29094,15458,1946578,True
https://github.com/christinalchang/take-a-hike,149,10437,60527,334475,True
https://github.com/khalld/trashbin-classifier,179,295487,31030,79425567,True
https://github.com/anonymous-nips2021/ASRGLUE,70,3337,537680,542139,True
https://github.com/uhh-lt/neural-coref,131,165,183988,188276,True
https://github.com/fundsan/census_project,88,1847,18739,37994,True
https://github.com/lamartine-sl/census-app-mlops,52,1011,24539,24539,True
https://github.com/JeffWang0325/Image-Identification-for-Self-Driving-Cars,1315,18274,443684,450139,True
https://github.com/LuciaHrovatin/AML-3D_object_classification,117,4733,30498,30498,True
https://github.com/ChelseaGuan/Improving-Phishing-Detection-Models,58,12702,276408,276408,True
https://github.com/f-castellanos/lbp-pyramid,83,109768,75467,58041139,True
https://github.com/alekseyen/ScoringWebServer,63,1810,11795,13067,True
https://github.com/waterwheel31/scalableMLpipeline,66,1762,10281,10281,True
https://github.com/hiimmuc/Speaker-verification-pytorch,371,31846,1497229,1505297,True
https://github.com/peymanrasouli/CARE,381,17755,1202145,12854320,True
https://github.com/gsq7474741/Paddle-NCR,95,31130,131187,131441,True
https://github.com/eduard357/car-price-estimation,62,1007,17507,17507,True
https://github.com/kyshel/ich,134,674,109061,109061,True
https://github.com/alimirzazadeh/SemisupervisedAttention,221,1276,125248,136645,True
https://github.com/3neutronstar/criminal-cargo-detection,235,318,104714,224742,True
https://github.com/sallyqiansun/network-eval,76,142610,58037,735259,True
https://github.com/Tawfiqh/ML-Model-Comparison,67,11283,22658,22658,True
https://github.com/Tawfiqh/Car-Regression,61,11245,20595,20595,True
https://github.com/MIR-MU/regemt,274,11730,120547,2673074,True
https://github.com/mariusbock/dl-for-har,194,36068,149054,513869,True
https://github.com/VineetKT/ML_fastapi_on_Heroku_CI-CD,77,5148,15075,62182,True
https://github.com/kdziedzic66/hate_speech,65,820,23674,84457,True
https://github.com/cyfronet-fid/recommender-system,163,2528,647774,778636,True
https://github.com/Jokoe66/TianchiTrafficEstimation,197,22599,517607,5635710,True
https://github.com/RAraghavarora/DFTB,487,987018,261300,306749,True
https://github.com/ogunlao/saint,93,17410,44556,44556,True
https://github.com/johnmatzakos/detect-covid-19-in-xray-images,70,83,13753,13753,True
https://github.com/takeru1205/AutoEncoderForClassification,79,59,137573,139732,True
https://github.com/iamraymondlow/poi-conflation-tool,70,2445,101848,3162676,True
https://github.com/Pit-CL/footprintwifi,66,738,25564,268365,True
https://github.com/Alexhaoge/MLSR,73,24450,90694,170381,True
https://github.com/rvorias/ind_knn_ad,67,10728,40577,40674,True
https://github.com/joepalermo/dm_math_solvers,420,181719,168032,168032,True
https://github.com/Raghuveer1997/Sentiment_Analysis,67,1754,21812,26698,True
https://github.com/elenamer/ecg_classification_DL,189,7621,204152,208836,True
https://github.com/tomerkeren42/MetabolicRate,60,178,31901,31901,True
https://github.com/imanefarah/ocp-heroku,62,109,16793,17003,True
https://github.com/GiuliaLanzillotta/CausalAE,165,103341,519322,49340083,True
https://github.com/ZhaoqingLiu/FuzzyTrees,166,28284,177872,177872,True
https://github.com/ML4ITS/mtad-gat-pytorch,483,942787,157760,159286,True
https://github.com/marcobenito/hipf,56,4171,85938,3920278,True
https://github.com/Keredu/Intracranial-Hemorrhage-Detection,51,181,58105,58105,True
https://github.com/Hydrospheredata/hydro-visualization,216,75929,78730,81479,True
https://github.com/JeroendenBoef/GraphPOPE,66,294401,23874,23874,True
https://github.com/viramya-shah/Improving-Customer-Experience,51,9997,64478,64682,True
https://github.com/SeiyaMatsuda/LIFont,205,509971,224613,224613,True
https://github.com/icik251/HWR_group_5,99,13029,168037,168037,True
https://github.com/DrFab1/va_explainable_ai,127,6879,44667,44667,True
https://github.com/UVA-MCPS-Lab/CARNA,161,419988,66038,15901201,True
https://github.com/jozieLamp/CARNA,207,524994,77247,20183546,True
https://github.com/paragrapharamus/msdp,77,1446,216819,217674,True
https://github.com/pelekhs/RiskML,160,2295,75524,597584,True
https://github.com/sanghyeonp/MP-Net,71,7908,321402,1857167,True
https://github.com/jckuri/Heroku_FastAPI,197,3229,23601,25510,True
https://github.com/PowerLineSeg/PointCAD,1679,92642,1342164,1898571,True
https://github.com/cassiahh/TCC,99,162015,34914,794322,True
https://github.com/kavko8/jiant_slovene,1940,4894,988422,1010453,True
https://github.com/KostyaRyabov/phishDetect,66,1119914,321356,321356,True
https://github.com/tdeng-zuel/scRNA-FeatureSelection,126,6918,95906,153555,True
https://github.com/joaopedromattos/GNEE,73,3151,31777,2926615,True
https://github.com/AnetaKaczynska/ProtoPNet,97,101788,215492,3474020,True
https://github.com/hcw-00/STPM_anomaly_detection,99,94784,33004,33004,True
https://github.com/gauravbajodia/SynGen,131,686,46741,101355,True
https://github.com/EastGit0/JITNet_segmentation,303,21630,332845,10586019,True
https://github.com/bohniti/jigsaw-puzzle-solver,168,104511,26261,7489264,True
https://github.com/anisurahaman/First,132,16886,114623,314557,True
https://github.com/skywalker0803r/Tomofun-Dog-Voice-Recognition-AI-Million-Challenge,88,107150,66328,107075763,True
https://github.com/mehrdadep/deep-learning-nids,75,65,50890,50890,True
https://github.com/micqu/hotel-challenge,60,4656,31642,33367,True
https://github.com/tyiannak/readys,270,2196,224769,224769,True
https://github.com/VumBleBot/odqa_baseline_code,473,7114,204482,207181,True
https://github.com/QVPR/Patch-NetVLAD,88,7188,144096,144096,True
https://github.com/JonasStankevicius/ConvPoint_Keras,3,18810,279612,468744,True
https://github.com/saadabbasi/anomoly-detection,91,115,65086,65086,True
https://github.com/phykn/xai_tree,204,783,65568,65568,True
https://github.com/ryanpram/indonlu-facqa,89,4938,141643,206536,True
https://github.com/heinrichreimer/modern-talking,692,92114,156799,8275528,True
https://github.com/Protein-Engineering-Framework/PyPEF,206,162683,738836,794342,True
https://github.com/Venky0892/NLP_APP,67,7608,55188,78426,True
https://github.com/galikatz/phd_2021_new,101,63934,154340,6643084,True
https://github.com/Pex2892/PEAK,93,588,39668,39668,True
https://github.com/DuoJiang/Importance-Weighting-in-Deep-Learning,51,11426,23470,111766,True
https://github.com/deep-wind/miniproject,432,47716,22130,22130,True
https://github.com/anik-jha/tnp,86,147001,698436,1120070,True
https://github.com/aj-naik/Women-Diabetes-Detector,215,180,13921,35506,True
https://github.com/worldtaboonpong/datast,275,10236,35723,78480,True
https://github.com/Bosti07/Financial_fraud_detection,98,1204,21549,22084,True
https://github.com/amalolan/vehicle-counter,79,503767,203051,204619,True
https://github.com/A6a7H/Rich,80,76,57843,84019,True
https://github.com/flawnson/Ouroboros,313,196105,179342,179342,True
https://github.com/cheesama/shopee-product-matching,163,586,15613,15613,True
https://github.com/julsunny/darthradar,85,23473,124978,124978,True
https://github.com/princeton-nlp/SimCSE,105,42408,206378,208693,True
https://github.com/adblackx/ODR,124,8894,92144,2638422,True
https://github.com/karthikbhamidipati/multi-task-speech-classification,64,41444,37780,37780,True
https://github.com/AtlantixJJ/LinearGAN,73,23944,1419433,1490092,True
https://github.com/nayeemrizve/invariance-equivariance,68,2074,146111,146111,True
https://github.com/jforbis/make-that-bread,107,65073,366697,899299,True
https://github.com/ASUS-AICS/LibMultiLabel,2194,1893,244122,253806,True
https://github.com/angusev/SCGAN,311,10665,89459,89459,True
https://github.com/infinityAJ/stock_smart,72,12857,9039,9039,True
https://github.com/fedem96/predict-cancer-variables,73,2684,217343,244682,True
https://github.com/jpmcd/jiant-v1-legacy,1662,3102,965923,3096242,True
https://github.com/AhmedAbouzaid1/Medical-Question-Answering-System,57,56404,177160,180842,True
https://github.com/iloveslowfood/RelationExtraction,108,34497,65435,450983,True
https://github.com/justinhchae/stocks,249,4697,84543,84543,True
https://github.com/TheJorseman/EmotionNeuralInterface,86,309,222368,222897,True
https://github.com/Yunnglin/GeoQA,52,3586,104447,364056,True
https://github.com/AlexKay28/MedConcNorm,76,33152,88733,93430,True
https://github.com/ShengtianSang/SemaTyP,64,7718,74002,74002,True
https://github.com/onurbil/emotion_from_speech,84,160918,53653,344781,True
https://github.com/yyh0806/Ameme_public,78,2291,937696,937927,True
https://github.com/BitLab16/Machine-learning,78,16536,26649,50620,True
https://github.com/tim-inzitari/Hearthstone-Deck-Clusterer,86,44173,87245,87245,True
https://github.com/andreapdr/gFun,130,336,214814,215006,True
https://github.com/indobenchmark/indonlu,105,9665,141083,297224,True
https://github.com/samantamrityunjay/Automatic-assignment-of-ICD10-codes,63,47164,43100,43100,True
https://github.com/saif-mahmud/self-attention-HAR,78,24340,54794,54794,True
https://github.com/dastronmighty/dl-project,97,134163,117115,134745,True
https://github.com/tayebiarasteh/retweet,139,163039,114368,114368,True
https://github.com/mikitachab/deepfake-detection,60,278,33893,34023,True
https://github.com/mhezarei/ai-bot,134,36442,96622,96622,True
https://github.com/TakeruEndo/kaggle_Cassava,62,7354,386033,6620179,True
https://github.com/bahtman/Adv_ML_Lira,222,37118,71007,72286,True
https://github.com/mb010/EquivariantSelfAttention,141,77230,268376,13107241,True
https://github.com/leebebeto/Missing-children,129,38004,329792,1039462,True
https://github.com/victor-basisai/credit-scoring,104,3515,22613,685491,True
https://github.com/samsudinng/speech_accent_recognition,51,67593,81992,876045,True
https://github.com/bastianatte/StockRegr,119,211,75837,75837,True
https://github.com/sting1000/generator,97,108892,89055,89055,True
https://github.com/jaymody/misinformation-detection-with-transformers,407,1229,104390,2979117,True
https://github.com/TatianaMoteuN/flair,3069,4577,1233521,1233521,True
https://github.com/Murali-group/supervised-grns,67,251,90270,90270,True
https://github.com/human-analysis/pytorchnet,65,274,464880,464880,True
https://github.com/mpoiitis/iSpine,107,45194,207338,276659,True
https://github.com/talha12981/sahte,67,990,26288,26288,True
https://github.com/liqing-ustc/ANS,372,305719,118328,4368018,True
https://github.com/tarkantemizoz/Cost-Sensitive-Learning,65,512254,133966,133966,True
https://github.com/Hethsron/deepmwoo,87,98915,55947,58170,True
https://github.com/dfdazac/blp,148,328,75794,91907,True
https://github.com/reach1dev/api-ml-web-tool,232,2602,74065,74104,True
https://github.com/ialab-puc/segmentation_guided_attention,271,4839,110996,1668155,True
https://github.com/hojunroks/label2vec,66,1831,68780,68780,True
https://github.com/mslovett21/decaf-pegasus-covid,73,49416,40820,71771,True
https://github.com/DevMilk/AutoNLP-CLSF,77,21452,15455,28564,True
https://github.com/mengtinglll/deepke,74,2225,83566,177024,True
https://github.com/RayRuizhiLiao/resnet_chestxray,104,30956,114123,114900,True
https://github.com/elBichon/online_machine_learning,190,454,15154,31559,True
https://github.com/mcps5601/TimeGAN-tensorflow2,73,753,93139,93139,True
https://github.com/EricPostMaster/market-research-cluster-analysis,89,26620,13215,1064186,True
https://github.com/Javihaus/Auto-ML-app-with-dash,55,1530,69199,70071,True
https://github.com/uoo723/M2m_text,189,880,608770,658654,True
https://github.com/silencedsre/Fusemachines-AI-Training,128,608,8200,9839,True
https://github.com/delinhquent/unnatural-reviews-detector,389,5024,6174908,6174908,True
https://github.com/CRJoshuaa/Data-Mining-Project,111,2871,10566,2488107,True
https://github.com/mastrHyperion98/CNN-Music-Classifier,69,88963,18484,18484,True
https://github.com/alexchungio/Multi-Lable-Classification-Planet,54,621,127334,127334,True
https://github.com/Zerkles/SRUDA,101,23833,81896,84422,True
https://github.com/oddeirikigland/ist-data-science,51,4502,91764,92236,True
https://github.com/9DemonFox/simpleLearning,233,239629,284476,284493,True
https://github.com/nicoloverardo/master-degree-thesis,403,105184,151218,52977808,True
https://github.com/CHeffernan087/NBA_Machine_Learning_Model,180,26348,65967,67270,True
https://github.com/Jason0917/Normalizing-Flow-Based-Defect-Detection,50,501,76526,76526,True
https://github.com/cristianokunas/Sentiment_Analysis,62,789,8828,8828,True
https://github.com/LucaUrban/prova_streamlit,940,7808,183561,183561,True
https://github.com/rodrigorivera/mds20_returney,66,16138,38931,38931,True
https://github.com/isabelcachola/ML-Fall2020-Final-Project,82,120228,48537,5222153,True
https://github.com/nantesmetropole/school_meal_forecast_xgboost,126,1126,92749,159555,True
https://github.com/tanmaymane18/AI202513,188,421,18549,18549,True
https://github.com/NawasNaziru/REVENUE-PREDICTION-USING-IBM-AI-ENTERPRISE-WORKFLOW,78,998,33850,176125,True
https://github.com/Tinusf/ml_cancer_screening,77,131109,17540,33707,True
https://github.com/DWhistle/virus-hack,124,112,41690,42966,True
https://github.com/adamjstewart/crop_yield_prediction,67,20549,25880,39324,True
https://github.com/mlai-student/Lab2020-21ClusteringCovidData,128,7974,97856,97856,True
https://github.com/YuhaoCheng/PyAnomaly,267,6657,550771,611451,True
https://github.com/easylearn-fmri/easylearn_dev,513,583359,1301382,1443146,True
https://github.com/Fosso/trackdecpred,73,35362,32342,32342,True
https://github.com/kzinmr/mlflow_bert_ja,83,425,233523,242098,True
https://github.com/MatthiasJakobs/explainable-interactive-website,70,28171,33988,34568,True
https://github.com/anhtuanhsgs/ColorRL,59,52090,3688254,65551891,True
https://github.com/hmashrique/Car-Price-Prediction,55,117312,22547,778371,True
https://github.com/IShengFang/Digital_Medicine_2020Fall_RSNA_ICH_Detection,66,1100,38876,40248,True
https://github.com/ebottabi/LiveAI,89,4630,659781,659781,True
https://github.com/alexaor/tdt4173,198,36058,69831,69831,True
https://github.com/feldlime/X5RetailHeroUplift,117,9414,36980,36980,True
https://github.com/Preeti24/Youtube-comments,111,31494,62753,994025,True
https://github.com/invett/nn.based.intersection.classficator,1040,36064,739683,745721,True
https://github.com/unitaryai/detoxify,267,53305,44047,44047,True
https://github.com/nyu-mll/online-code-for-edge-probing,1670,50724,973428,3103747,True
https://github.com/PhilippKrueger/ml-many-body-localization,58,84368,22988,703415,True
https://github.com/noycohen100/MARCO-GE,88,4218,77359,77359,True
https://github.com/tmcphee/Hotel-Review-Analyzer,108,144168,31644,59060,True
https://github.com/wjensheng/recursion,197,79643,183934,194601,True
https://github.com/Allovertom/YouReadAtBranch,84,462,11061,13986,True
https://github.com/techblogp/MusicVideoCommentAnalyzer,134,322,36380,36380,True
https://github.com/machouz/TextClassificationScript,83,1948,189656,189656,True
https://github.com/microsoft/datadrivenmodel,420,214581,199498,7502098,True
https://github.com/ben-hawks/pytorch-jet-classify,198,232,313638,320947,True
https://github.com/chen-jimmy/AutoBot,59,28740,22811,22811,True
https://github.com/bentanlw/ebacs_plp_project,53,94139,37944,52908,True
https://github.com/YuehuaZhu/ProxyGML,78,2733,93423,93978,True
https://github.com/e2e-retrieval-in-continuous-space/e2e-retrieval,112,113,51610,51610,True
https://github.com/benjides/MusicGenreClassifier,51,1550,31719,31719,True
https://github.com/MachineLP/PyTorch_image_classifier,129,3272,96624,96624,True
https://github.com/paulagd/GCE,265,40933,287575,358155,True
https://github.com/awarenessxz/acoustic-scene-classification,96,27914,127757,146592,True
https://github.com/grant-pittman/ML-FIFA-Stats,59,3572,28104,3162879,True
https://github.com/danifranco/EM_Image_Segmentation,3125,1295640,3031747,38253595,True
https://github.com/michi-d/bundestweets,60,13568,306530,318679,True
https://github.com/sahivy13/clients_from_hell_heroku,55,388,67815,68152,True
https://github.com/nyu-mll/jiant-v1-legacy,1662,52363,965923,3096242,True
https://github.com/jschiefner/covid19-classification,110,163,42334,42334,True
https://github.com/dmcinerney/ehr-extraction-models,96,3066,133128,3103369,True
https://github.com/wazeerzulfikar/deep-split-ensembles,286,2472,104898,104898,True
https://github.com/ashok-arjun/Zero-Shot-Sketch-Based-Image-Retrieval,163,18662,24950,26828,True
https://github.com/SamujjwalSam/Short-text_GNN,162,573,295911,295911,True
https://github.com/fznsakib/great-ape-behaviour-detector,134,3129,116124,116704,True
https://github.com/ns-rokuyon/kaggle-bengali-classification,67,443,137333,137333,True
https://github.com/kumatheworld/niaoge,133,86,16079,16079,True
https://github.com/lRomul/argus-alaska,126,97,49638,51704,True
https://github.com/lRomul/argus-bengali-ai,197,2011,126818,128915,True
https://github.com/gesiscss/sexism_custom_classifier,80,33807,69612,423614,True
https://github.com/a-luengen/anytimeDnn,193,9406,251753,3400039,True
https://github.com/vndee/ab2sa,81,3008,59716,60763,True
https://github.com/wazeerzulfikar/alzheimers-dementia,230,1048,51709,52118,True
https://github.com/vietdung126/BankClassify,309,463,102223,130725,True
https://github.com/ihaeyong/drama-graph,318,211001,604553,35693005,True
https://github.com/shalomma/ToBark,156,71,20393,20393,True
https://github.com/SwatiSSwain/SwatiSSwain-REP-Project-Three,50,7786,15730,3195823,True
https://github.com/amirhk/recourse,381,1193,289835,319088,True
https://github.com/swapnanildutta/Mushroom-Classification-Web-App,72,429,6573,6743,True
https://github.com/guillermoim/deepfakes-policy-optimization,78,215327,90115,1447879,True
https://github.com/AxekA13/ModelTracking,100,744,34882,35025,True
https://github.com/kangakum36/FlowAI,132,485112,14980,15149,True
https://github.com/iUssel/MiningPersonalityInGerman,75,4962,273003,325056,True
https://github.com/Maryam-Ah/Insurance-Charges-Prediction-App-with-Azure-and-Streamit,55,5735,12921,47369,True
https://github.com/timvdh123/simula_smarthome,63,91975,90516,104280,True
https://github.com/KIT-ISAS/TrackSort_Neural_Public,283,207452,183727,28394255,True
https://github.com/bindog/nlp-training,118,449,1142800,1142800,True
https://github.com/ryansteed/learning-appearance-bias,98,454475,88368,3253085,True
https://github.com/vndee/bertvi-sentiment,129,4928,90339,90339,True
https://github.com/sampathkethineedi/bert-topic-sentiment,78,2498,25981,25981,True
https://github.com/flawnson/Generic_GNN,150,133,63503,63686,True
https://github.com/mdork/Steganalysis-DeepVision-Project,107,243172,193647640,193647640,True
https://github.com/stefanDeveloper/covid-19-neural-network,64,502796,28076,28076,True
https://github.com/microsoft/robustdg,166,68735,525475,525475,True
https://github.com/gmftbyGMFTBY/OpenDialog,96,1551,1239173,1248098,True
https://github.com/shawnd29/eda-webapp,121,7797,554086,554309,True
https://github.com/arpanadhikari1/CPLP,59,1950,11406,11406,True
https://github.com/arpanadhikari1/FER,57,30214,8556,8556,True
https://github.com/anhdhbn/facerec,71,17672,135064,8760735,True
https://github.com/TienSFU25/983-test,55,121101,35613,36651,True
https://github.com/micts/anomaly-detection-robotic-vehicle,64,388,17319,18783,True
https://github.com/nicolasfacchinetti97/progettoBioInf,93,111,59482,59806,True
https://github.com/mystery2828/playwithML,112,3845,62825,71886,True
https://github.com/kayjanw/test-app,962,151794,436490,489240,True
https://github.com/THUDM/GCC,242,577,133235,135078,True
https://github.com/ptv1p3r/neuralnet_breastcancer,90,144,20310,20310,True
https://github.com/pyyush/GraphML,150,546,18150,18407,True
https://github.com/hellohaptik/multi-task-NLP,88,7825,146463,146463,True
https://github.com/leonoravesterbacka/carl-torch,208,875,110170,112292,True
https://github.com/todatech/csda-lab,147,40636,128703,9274317,True
https://github.com/DmitriiDenisov/research_oversampling,94,942,48115,1081866,True
https://github.com/svil1502/heroku,56,33,35435,62565,True
https://github.com/epsilonai/mahmoud-abdelsattar-CeditCardFraud,56,1073,5569,105935,True
https://github.com/thundersparkf/tweet,71,106,19002,19002,True
https://github.com/PJvanderLaan/IR-user-intent,96,969,41479,41479,True
https://github.com/FMuenke/structured_segmentation,109,1972,209600,209600,True
https://github.com/OliverSaarela/ml-probability,116,11203,22111,36225,True
https://github.com/auto-flow/auto-flow,270,12877,978356,980264,True
https://github.com/ejson03/DWM-Mini-Project,62,18763,13104,13739,True
https://github.com/Frakma/IFT725-Projet,88,409,33483,33483,True
https://github.com/iliasprc/COVIDNet,67,51306,112691,253098,True
https://github.com/taylorplumer/classifiers-dash,65,5957,18976,18976,True
https://github.com/AmadouSadouAbihi/Leaf-classification,170,35383,27513,27513,True
https://github.com/luanps/comex_stat,126,8580,28646,28646,True
https://github.com/luanps/airbnb,81,2314,27520,27520,True
https://github.com/svenkilian/Financial,145,11819,212517,213974,True
https://github.com/randilu/Impact-Analysis-Module-codebase,56,991,69943,70066,True
https://github.com/BloomTech-Labs/omega2020-ds,301,61586,441113,5804196,True
https://github.com/daniel235/RNAmodificationClassifier,93,3941,67614,67614,True
https://github.com/bot-zen/naacl_flp_st,63,90,33401,61680,True
https://github.com/koukyo1994/kaggle-dsb2019,128,57713,906175,8926056,True
https://github.com/omar-mohamed/X-Ray-Report-Generation,58,56312,65703,65703,True
https://github.com/CIDARLAB/neural-optimizer,86,30369,241729,437560,True
https://github.com/teotsi/Data_Mining_project,97,1403,1005968,1006117,True
https://github.com/RicherMans/Speaker-Anti-Spoofing-Classifiers,52,150,51937,61961,True
https://github.com/alessiosavi/PyRecognizer,203,30487,62069,64525,True
https://github.com/GinGinWang/MTQ,153,85005,182013,185790,True
https://github.com/dirichletcal/experiments_neurips,470,97569,465613,23551976,True
https://github.com/kasperekt/EnsembleDiversity,97,103193,77768,39944661,True
https://github.com/aauss/EventEpi,381,25449,182602,16869462,True
https://github.com/micado-scale/component-optimizer,149,97668,178905,3312596,True
https://github.com/nestoor22/apartmentML,86,2457,49000,49000,True
https://github.com/naver/claf,170,9024,807916,809215,True
https://github.com/ZihengZZH/bipolar-disorder,79,26843,225599,439500,True
https://github.com/stefanoteso/calimocho,81,9772,36940,39603,True
https://github.com/xadrianzetx/fullstack.ai,89,6922,29130,42060,True
https://github.com/szymon6927/bio-gen-calc,670,1676,334419,429568,True
https://github.com/dodinhtrung97/stock_data_processor,145,16588,111177,114256,True
https://github.com/Prabhu204/Very-Deep-Convolutional-Networks-for-Large-Scale-Image-Recognition,63,7337,21765,21765,True
https://github.com/Garfounkel/emotion_analysis,50,2835,43034,644929,True
https://github.com/shitian-taiger/relational-extraction,151,7931,162857,204531,True
https://github.com/jakobzmrzlikar/DataBench,112,4580,19857,19857,True
https://github.com/BUPT-GAMMA/OpenHINE,67,1415,238219,238219,True
https://github.com/dwidemann/self_supervision_for_transfer_learning,69,2078,101428,1600427,True
https://github.com/jtbricker/aidp,70,4415,48340,48340,True
https://github.com/namisan/mt-dnn,582,2061,671045,689349,True
https://github.com/pywash/pywash,80,533,92609,105458,True
https://github.com/szymanskir/SpeechCommands-RNN,90,91,22315,25852,True
https://github.com/tjcubing/TJCubing,150,112793,85022,197458,True
https://github.com/TrueWarg/hrmlp,70,365,27119,1229704,True
https://github.com/kohjingyu/lasagna,93,20268,94082,262628,True
https://github.com/thomaskuestner/CNNArt,636,49775,6215552,6442945,True
https://github.com/danhlee/squads,94,3847,40109,40109,True
https://github.com/ArronHZG/cancer2.0,79,4374,63352,63352,True
https://github.com/felixSchober/ABSA-Transformer,545,49627,365250,28612093,True
https://github.com/yusuke0519/constrastive_predictive_coding,69,4364,92738,2742504,True
https://github.com/amirrassafi/PFSBS,52,235,26697,26887,True
https://github.com/national-basketball-association/NPS,162,1656,125101,125446,True
https://github.com/TsunndokuSeniorProject/back-end,224,437259,127934,127934,True
https://github.com/nshaud/DeepHyperX,134,215,97543,98805,True
https://github.com/senakicir/ntds_project,293,15149,85874,1958336,True
https://github.com/victorkifer/ecg-af-detection-physionet-2017,73,31547,359609,361858,True
https://github.com/pchampio/sentence-entailment,54,747,28050,153202,True
https://github.com/samarthbhargav/hackathon4good,90,68,29888,29888,True
https://github.com/AlexDel/levheimcube,131,16807,62727,1765697,True
https://github.com/kairosart/factors,313,15501,193990,8272829,True
https://github.com/garyblocks/scientist,67,140,101812,101812,True
https://github.com/plstcharles/thelper,1465,1982,1252461,1266704,True
https://github.com/KDD-OpenSource/DeepADoTS,135,3762,157113,158294,True
