repo,status,duration_s,api_calls,stages_called,findings,high_findings,medium_findings,detail
https://github.com/glev1/credit-service,ok,26.6,6,data_acquisition;data_preparation;modeling;training;evaluation;inference,13,3,10,
https://github.com/zhouqibing0000m/saif-mahmudd,ok,27.3,6,data_acquisition;data_preparation;modeling;training;evaluation;inference,13,3,10,
https://github.com/hagairavid18/OCT_project,ok,27.7,6,data_acquisition;data_preparation;modeling;training;evaluation;inference,13,3,10,
https://github.com/ChristianDjurhuus/mlops_g27,ok,28.3,6,data_acquisition;data_preparation;modeling;training;evaluation;inference,13,3,10,
https://github.com/songwan/HTPPs,ok,43.8,6,data_acquisition;data_preparation;modeling;training;evaluation;inference,13,3,10,
https://github.com/hailuteju/deploying-ml-model,ok,28.3,6,data_acquisition;data_preparation;modeling;training;evaluation;inference,11,3,8,
https://github.com/keyjhk/ABSA,ok,27.1,6,data_acquisition;data_preparation;modeling;training;evaluation;inference,13,3,10,
https://github.com/vita-epfl/looking,ok,27.9,6,data_acquisition;data_preparation;modeling;training;evaluation;inference,12,3,9,
https://github.com/Youcef9797/CNN,ok,28.2,6,data_acquisition;data_preparation;modeling;training;evaluation;inference,12,3,9,
https://github.com/timfronteau/SAMproject,ok,42.8,6,data_acquisition;data_preparation;modeling;training;evaluation;inference,13,3,10,
https://github.com/Supreeth-Shetty/Projectathon---Simplified-AI,ok,26.2,6,data_acquisition;data_preparation;modeling;training;evaluation;inference,13,3,10,
https://github.com/uoo723/PMGT,ok,24.8,6,data_acquisition;data_preparation;modeling;training;evaluation;inference,13,3,10,
https://github.com/ankitsharma6652/Scania-Truck-Failures,ok,27.0,6,data_acquisition;data_preparation;modeling;training;evaluation;inference,13,3,10,
https://github.com/vcsrot/Project03_MLOps,ok,28.5,6,data_acquisition;data_preparation;modeling;training;evaluation;inference,11,3,8,
https://github.com/jasma-balasangameshwara/Publish-an-ML-on-Heroku-with-FastAPI,ok,25.8,6,data_acquisition;data_preparation;modeling;training;evaluation;inference,11,3,8,
https://github.com/CS-433/ml-project-2-abs,ok,30.1,6,data_acquisition;data_preparation;modeling;training;evaluation;inference,12,3,9,
https://github.com/boostcampaitech2/final-project-level3-nlp-12,ok,27.1,6,data_acquisition;data_preparation;modeling;training;evaluation;inference,13,3,10,
https://github.com/leouchoa/deploy_bureau_census_classifier_with_fastAPI,ok,24.3,6,data_acquisition;data_preparation;modeling;training;evaluation;inference,11,3,8,
https://github.com/rgwoodiii/heroku_api,ok,26.3,6,data_acquisition;data_preparation;modeling;training;evaluation;inference,11,3,8,
https://github.com/KasperSkytte/ASMC-prediction,ok,39.3,6,data_acquisition;data_preparation;modeling;training;evaluation;inference,12,3,9,
https://github.com/kaist-dmlab/Time-CAD,ok,31.9,6,data_acquisition;data_preparation;modeling;training;evaluation;inference,13,3,10,
https://github.com/LemengDai/Final_Project,ok,28.6,6,data_acquisition;data_preparation;modeling;training;evaluation;inference,13,3,10,
https://github.com/jhammarstedt/SLN-on-Sound,ok,73.9,6,data_acquisition;data_preparation;modeling;training;evaluation;inference,13,3,10,
https://github.com/zhaoyanpeng/vipant,ok,26.8,6,data_acquisition;data_preparation;modeling;training;evaluation;inference,13,3,10,
https://github.com/happyfuntimegroup/machinelearning,ok,29.2,6,data_acquisition;data_preparation;modeling;training;evaluation;inference,12,2,10,
https://github.com/A-F-V/XAI-Cancer-Diagnosis,ok,32.8,6,data_acquisition;data_preparation;modeling;training;evaluation;inference,12,3,9,
https://github.com/Larkinnjm1/GLCM_svm_model,ok,26.5,6,data_acquisition;data_preparation;modeling;training;evaluation;inference,12,3,9,
https://github.com/mandiehyewon/goodviews_ecg,ok,24.7,6,data_acquisition;data_preparation;modeling;training;evaluation;inference,13,3,10,
https://github.com/spyroot/shapenet,ok,28.0,6,data_acquisition;data_preparation;modeling;training;evaluation;inference,13,3,10,
https://github.com/PanyiDong/My_AutoML,ok,29.8,6,data_acquisition;data_preparation;modeling;training;evaluation;inference,13,3,10,
https://github.com/ITU-AI-ML-in-5G-Challenge/fedipc-spatial-reuse,ok,27.5,6,data_acquisition;data_preparation;modeling;training;evaluation;inference,13,3,10,
https://github.com/kolxy/cyber-security-analysis,ok,30.7,6,data_acquisition;data_preparation;modeling;training;evaluation;inference,12,3,9,
https://github.com/Shaza-Is/Re-IDOL,ok,28.5,6,data_acquisition;data_preparation;modeling;training;evaluation;inference,11,3,8,
https://github.com/ptigas/geoeffectivenet,ok,31.1,6,data_acquisition;data_preparation;modeling;training;evaluation;inference,13,3,10,
https://github.com/hansen1416/football-prediction,ok,56.1,6,data_acquisition;data_preparation;modeling;training;evaluation;inference,13,3,10,
https://github.com/Simplified-Artificial-Intelligence/SimplifiedAI,ok,26.1,6,data_acquisition;data_preparation;modeling;training;evaluation;inference,13,3,10,
https://github.com/bgauzere/deep-ged,ok,26.8,6,data_acquisition;data_preparation;modeling;training;evaluation;inference,13,3,10,
https://github.com/joren015/MercariProject,ok,26.1,6,data_acquisition;data_preparation;modeling;training;evaluation;inference,13,3,10,
https://github.com/ThatOneGoat/sidewalk-cv-2021,ok,26.4,6,data_acquisition;data_preparation;modeling;training;evaluation;inference,13,3,10,
https://github.com/juneskiafc/bert-probing,ok,26.0,6,data_acquisition;data_preparation;modeling;training;evaluation;inference,13,3,10,
https://github.com/simonamtoft/generative-convergence,ok,0.6,0,,0,0,0,
https://github.com/gaylordmarville/MLDOPS-P4,ok,29.7,6,data_acquisition;data_preparation;modeling;training;evaluation;inference,11,3,8,
https://github.com/navidstuv/self_path,ok,26.5,6,data_acquisition;data_preparation;modeling;training;evaluation;inference,13,3,10,
https://github.com/georgii-nigm/Improvements-to-ML-algorithms,ok,30.4,6,data_acquisition;data_preparation;modeling;training;evaluation;inference,12,2,10,
https://github.com/z404/reviewzon-backend,ok,25.7,6,data_acquisition;data_preparation;modeling;training;evaluation;inference,13,3,10,
https://github.com/boostcampaitech2/klue-level2-nlp-04,ok,26.2,6,data_acquisition;data_preparation;modeling;training;evaluation;inference,13,3,10,
https://github.com/NouamaneTazi/ml_project_example,ok,30.6,6,data_acquisition;data_preparation;modeling;training;evaluation;inference,13,3,10,
https://github.com/apoorvjha/SmokeFireDetection,ok,30.8,6,data_acquisition;data_preparation;modeling;training;evaluation;inference,13,3,10,
https://github.com/DavidMachajewski/fer_fmpn_pytorch,ok,27.6,6,data_acquisition;data_preparation;modeling;training;evaluation;inference,13,3,10,
https://github.com/diascarolina/project-insurance-forecast,ok,22.5,6,data_acquisition;data_preparation;modeling;training;evaluation;inference,12,3,9,
https://github.com/Zukang-Liao/ML4ML-invariance-testing,ok,28.3,6,data_acquisition;data_preparation;modeling;training;evaluation;inference,13,3,10,
https://github.com/nikmall/MTT-Sentiment-Classification,ok,26.1,6,data_acquisition;data_preparation;modeling;training;evaluation;inference,13,3,10,
https://github.com/sethusaim/Wafer-Fault-Prediction-using-MlFlow,ok,24.9,6,data_acquisition;data_preparation;modeling;training;evaluation;inference,13,3,10,
https://github.com/nananana-Banana/2021-nh-bigdata-competition,ok,31.7,6,data_acquisition;data_preparation;modeling;training;evaluation;inference,12,3,9,
https://github.com/paras2612/CauseBox,ok,29.8,6,data_acquisition;data_preparation;modeling;training;evaluation;inference,13,3,10,
https://github.com/YefanZhou/dispersion-score,ok,26.3,6,data_acquisition;data_preparation;modeling;training;evaluation;inference,13,3,10,
https://github.com/linhlt-it-ee/wiki_builder,ok,27.5,6,data_acquisition;data_preparation;modeling;training;evaluation;inference,13,3,10,
https://github.com/DFKI-SignLanguage/EASIER-EkmanClassifier,ok,27.7,6,data_acquisition;data_preparation;modeling;training;evaluation;inference,12,3,9,
https://github.com/wenqi006/SlideGraph,ok,29.0,6,data_acquisition;data_preparation;modeling;training;evaluation;inference,12,3,9,
https://github.com/StevRamos/video_summarization,ok,30.4,6,data_acquisition;data_preparation;modeling;training;evaluation;inference,12,3,9,
https://github.com/esvs2202/Concrete-Compressive-Strength-Prediction,ok,26.5,6,data_acquisition;data_preparation;modeling;training;evaluation;inference,12,2,10,
https://github.com/rurusasu/OrigNet,ok,25.3,6,data_acquisition;data_preparation;modeling;training;evaluation;inference,12,3,9,
https://github.com/binaybehera/test-model,ok,26.1,6,data_acquisition;data_preparation;modeling;training;evaluation;inference,13,3,10,
https://github.com/Alok589/thesis_project,ok,29.8,6,data_acquisition;data_preparation;modeling;training;evaluation;inference,13,3,10,
https://github.com/kangzh015/zhongguoyikeda,ok,26.8,6,data_acquisition;data_preparation;modeling;training;evaluation;inference,13,3,10,
https://github.com/flowerpot-ai/stabilizer,ok,24.5,6,data_acquisition;data_preparation;modeling;training;evaluation;inference,13,3,10,
https://github.com/soni-ratnesh/Deploying-a-Machine-Learning-Model-on-Heroku-with-FastAPI,ok,24.8,6,data_acquisition;data_preparation;modeling;training;evaluation;inference,11,3,8,
https://github.com/IAbda/FORESEE_ETHZ,ok,27.6,6,data_acquisition;data_preparation;modeling;training;evaluation;inference,13,3,10,
https://github.com/TCC-joaorobson-ViniciusBernardo/backend,ok,29.9,6,data_acquisition;data_preparation;modeling;training;evaluation;inference,10,2,8,
https://github.com/LerysG/Project_7_OC_dashboard,ok,26.0,6,data_acquisition;data_preparation;modeling;training;evaluation;inference,13,3,10,
https://github.com/Baukmeister/stefanos_angels,ok,25.6,6,data_acquisition;data_preparation;modeling;training;evaluation;inference,12,3,9,
https://github.com/jeetv/GMVD,ok,31.2,6,data_acquisition;data_preparation;modeling;training;evaluation;inference,13,3,10,
https://github.com/adeshkin/road_segment,ok,26.0,6,data_acquisition;data_preparation;modeling;training;evaluation;inference,13,3,10,
https://github.com/christinalchang/take-a-hike,ok,26.2,6,data_acquisition;data_preparation;modeling;training;evaluation;inference,13,3,10,
https://github.com/khalld/trashbin-classifier,ok,25.2,6,data_acquisition;data_preparation;modeling;training;evaluation;inference,13,3,10,
https://github.com/anonymous-nips2021/ASRGLUE,ok,27.1,6,data_acquisition;data_preparation;modeling;training;evaluation;inference,13,3,10,
https://github.com/uhh-lt/neural-coref,ok,27.7,6,data_acquisition;data_preparation;modeling;training;evaluation;inference,11,3,8,
https://github.com/fundsan/census_project,ok,26.2,6,data_acquisition;data_preparation;modeling;training;evaluation;inference,11,3,8,
https://github.com/lamartine-sl/census-app-mlops,ok,28.4,6,data_acquisition;data_preparation;modeling;training;evaluation;inference,11,3,8,
https://github.com/JeffWang0325/Image-Identification-for-Self-Driving-Cars,ok,27.9,6,data_acquisition;data_preparation;modeling;training;evaluation;inference,12,3,9,
https://github.com/LuciaHrovatin/AML-3D_object_classification,ok,27.1,6,data_acquisition;data_preparation;modeling;training;evaluation;inference,11,2,9,
https://github.com/ChelseaGuan/Improving-Phishing-Detection-Models,ok,27.4,6,data_acquisition;data_preparation;modeling;training;evaluation;inference,13,3,10,
https://github.com/f-castellanos/lbp-pyramid,ok,30.4,6,data_acquisition;data_preparation;modeling;training;evaluation;inference,12,3,9,
https://github.com/alekseyen/ScoringWebServer,ok,26.8,6,data_acquisition;data_preparation;modeling;training;evaluation;inference,11,3,8,
https://github.com/waterwheel31/scalableMLpipeline,ok,25.1,6,data_acquisition;data_preparation;modeling;training;evaluation;inference,11,3,8,
https://github.com/hiimmuc/Speaker-verification-pytorch,ok,26.0,6,data_acquisition;data_preparation;modeling;training;evaluation;inference,13,3,10,
https://github.com/peymanrasouli/CARE,ok,26.9,6,data_acquisition;data_preparation;modeling;training;evaluation;inference,13,3,10,
https://github.com/gsq7474741/Paddle-NCR,ok,27.0,6,data_acquisition;data_preparation;modeling;training;evaluation;inference,13,3,10,
https://github.com/eduard357/car-price-estimation,ok,24.5,6,data_acquisition;data_preparation;modeling;training;evaluation;inference,12,3,9,
https://github.com/kyshel/ich,ok,25.3,6,data_acquisition;data_preparation;modeling;training;evaluation;inference,12,3,9,
https://github.com/alimirzazadeh/SemisupervisedAttention,ok,25.7,6,data_acquisition;data_preparation;modeling;training;evaluation;inference,13,3,10,
https://github.com/3neutronstar/criminal-cargo-detection,ok,27.1,6,data_acquisition;data_preparation;modeling;training;evaluation;inference,13,3,10,
https://github.com/sallyqiansun/network-eval,ok,29.5,6,data_acquisition;data_preparation;modeling;training;evaluation;inference,13,3,10,
https://github.com/Tawfiqh/ML-Model-Comparison,ok,30.2,6,data_acquisition;data_preparation;modeling;training;evaluation;inference,13,3,10,
https://github.com/Tawfiqh/Car-Regression,ok,25.5,6,data_acquisition;data_preparation;modeling;training;evaluation;inference,13,3,10,
https://github.com/MIR-MU/regemt,ok,29.9,6,data_acquisition;data_preparation;modeling;training;evaluation;inference,11,3,8,
https://github.com/mariusbock/dl-for-har,ok,27.1,6,data_acquisition;data_preparation;modeling;training;evaluation;inference,13,3,10,
https://github.com/VineetKT/ML_fastapi_on_Heroku_CI-CD,ok,22.8,6,data_acquisition;data_preparation;modeling;training;evaluation;inference,13,3,10,
https://github.com/kdziedzic66/hate_speech,ok,25.3,6,data_acquisition;data_preparation;modeling;training;evaluation;inference,13,3,10,
https://github.com/cyfronet-fid/recommender-system,ok,26.6,6,data_acquisition;data_preparation;modeling;training;evaluation;inference,13,3,10,
https://github.com/Jokoe66/TianchiTrafficEstimation,ok,25.1,6,data_acquisition;data_preparation;modeling;training;evaluation;inference,13,3,10,
https://github.com/RAraghavarora/DFTB,ok,68.7,6,data_acquisition;data_preparation;modeling;training;evaluation;inference,13,3,10,
https://github.com/ogunlao/saint,ok,24.5,6,data_acquisition;data_preparation;modeling;training;evaluation;inference,13,3,10,
https://github.com/johnmatzakos/detect-covid-19-in-xray-images,ok,29.8,6,data_acquisition;data_preparation;modeling;training;evaluation;inference,12,3,9,
https://github.com/takeru1205/AutoEncoderForClassification,ok,26.2,6,data_acquisition;data_preparation;modeling;training;evaluation;inference,12,3,9,
https://github.com/iamraymondlow/poi-conflation-tool,ok,27.4,6,data_acquisition;data_preparation;modeling;training;evaluation;inference,12,3,9,
https://github.com/Pit-CL/footprintwifi,ok,28.6,6,data_acquisition;data_preparation;modeling;training;evaluation;inference,13,3,10,
https://github.com/Alexhaoge/MLSR,ok,30.0,6,data_acquisition;data_preparation;modeling;training;evaluation;inference,12,3,9,
https://github.com/rvorias/ind_knn_ad,ok,27.1,6,data_acquisition;data_preparation;modeling;training;evaluation;inference,13,3,10,
https://github.com/joepalermo/dm_math_solvers,ok,25.1,6,data_acquisition;data_preparation;modeling;training;evaluation;inference,13,3,10,
https://github.com/Raghuveer1997/Sentiment_Analysis,ok,25.3,6,data_acquisition;data_preparation;modeling;training;evaluation;inference,12,3,9,
https://github.com/elenamer/ecg_classification_DL,ok,26.9,6,data_acquisition;data_preparation;modeling;training;evaluation;inference,13,3,10,
https://github.com/tomerkeren42/MetabolicRate,ok,26.0,6,data_acquisition;data_preparation;modeling;training;evaluation;inference,13,3,10,
https://github.com/imanefarah/ocp-heroku,ok,22.0,6,data_acquisition;data_preparation;modeling;training;evaluation;inference,13,3,10,
https://github.com/GiuliaLanzillotta/CausalAE,ok,27.7,6,data_acquisition;data_preparation;modeling;training;evaluation;inference,13,3,10,
https://github.com/ZhaoqingLiu/FuzzyTrees,ok,26.5,6,data_acquisition;data_preparation;modeling;training;evaluation;inference,13,3,10,
https://github.com/ML4ITS/mtad-gat-pytorch,ok,30.9,6,data_acquisition;data_preparation;modeling;training;evaluation;inference,13,3,10,
https://github.com/marcobenito/hipf,ok,27.6,6,data_acquisition;data_preparation;modeling;training;evaluation;inference,13,3,10,
https://github.com/Keredu/Intracranial-Hemorrhage-Detection,ok,28.9,6,data_acquisition;data_preparation;modeling;training;evaluation;inference,12,3,9,
https://github.com/Hydrospheredata/hydro-visualization,ok,30.3,6,data_acquisition;data_preparation;modeling;training;evaluation;inference,11,3,8,
https://github.com/JeroendenBoef/GraphPOPE,ok,24.2,6,data_acquisition;data_preparation;modeling;training;evaluation;inference,13,3,10,
https://github.com/viramya-shah/Improving-Customer-Experience,ok,28.5,6,data_acquisition;data_preparation;modeling;training;evaluation;inference,13,3,10,
https://github.com/SeiyaMatsuda/LIFont,ok,27.8,6,data_acquisition;data_preparation;modeling;training;evaluation;inference,12,3,9,
https://github.com/icik251/HWR_group_5,ok,25.2,6,data_acquisition;data_preparation;modeling;training;evaluation;inference,13,3,10,
https://github.com/DrFab1/va_explainable_ai,ok,22.8,6,data_acquisition;data_preparation;modeling;training;evaluation;inference,13,3,10,
https://github.com/UVA-MCPS-Lab/CARNA,ok,27.9,6,data_acquisition;data_preparation;modeling;training;evaluation;inference,13,3,10,
https://github.com/jozieLamp/CARNA,ok,30.4,6,data_acquisition;data_preparation;modeling;training;evaluation;inference,13,3,10,
https://github.com/paragrapharamus/msdp,ok,26.0,6,data_acquisition;data_preparation;modeling;training;evaluation;inference,12,3,9,
https://github.com/pelekhs/RiskML,ok,28.5,6,data_acquisition;data_preparation;modeling;training;evaluation;inference,10,3,7,
https://github.com/sanghyeonp/MP-Net,ok,26.9,6,data_acquisition;data_preparation;modeling;training;evaluation;inference,12,3,9,
https://github.com/jckuri/Heroku_FastAPI,ok,28.9,6,data_acquisition;data_preparation;modeling;training;evaluation;inference,11,3,8,
https://github.com/PowerLineSeg/PointCAD,ok,27.5,6,data_acquisition;data_preparation;modeling;training;evaluation;inference,13,3,10,
https://github.com/cassiahh/TCC,ok,26.9,6,data_acquisition;data_preparation;modeling;training;evaluation;inference,13,3,10,
https://github.com/kavko8/jiant_slovene,ok,26.7,6,data_acquisition;data_preparation;modeling;training;evaluation;inference,13,3,10,
https://github.com/KostyaRyabov/phishDetect,ok,45.2,6,data_acquisition;data_preparation;modeling;training;evaluation;inference,13,3,10,
https://github.com/tdeng-zuel/scRNA-FeatureSelection,ok,27.7,6,data_acquisition;data_preparation;modeling;training;evaluation;inference,12,3,9,
https://github.com/joaopedromattos/GNEE,ok,25.9,6,data_acquisition;data_preparation;modeling;training;evaluation;inference,13,3,10,
https://github.com/AnetaKaczynska/ProtoPNet,ok,27.3,6,data_acquisition;data_preparation;modeling;training;evaluation;inference,13,3,10,
https://github.com/hcw-00/STPM_anomaly_detection,ok,26.3,6,data_acquisition;data_preparation;modeling;training;evaluation;inference,13,3,10,
https://github.com/gauravbajodia/SynGen,ok,26.0,6,data_acquisition;data_preparation;modeling;training;evaluation;inference,13,3,10,
https://github.com/EastGit0/JITNet_segmentation,ok,30.5,6,data_acquisition;data_preparation;modeling;training;evaluation;inference,13,3,10,
https://github.com/bohniti/jigsaw-puzzle-solver,ok,28.3,6,data_acquisition;data_preparation;modeling;training;evaluation;inference,13,3,10,
https://github.com/anisurahaman/First,ok,27.4,6,data_acquisition;data_preparation;modeling;training;evaluation;inference,12,3,9,
https://github.com/skywalker0803r/Tomofun-Dog-Voice-Recognition-AI-Million-Challenge,ok,31.5,6,data_acquisition;data_preparation;modeling;training;evaluation;inference,13,3,10,
https://github.com/mehrdadep/deep-learning-nids,ok,27.0,6,data_acquisition;data_preparation;modeling;training;evaluation;inference,11,3,8,
https://github.com/micqu/hotel-challenge,ok,25.5,6,data_acquisition;data_preparation;modeling;training;evaluation;inference,13,3,10,
https://github.com/tyiannak/readys,ok,26.9,6,data_acquisition;data_preparation;modeling;training;evaluation;inference,13,3,10,
https://github.com/VumBleBot/odqa_baseline_code,ok,29.6,6,data_acquisition;data_preparation;modeling;training;evaluation;inference,13,3,10,
https://github.com/QVPR/Patch-NetVLAD,ok,25.1,6,data_acquisition;data_preparation;modeling;training;evaluation;inference,13,3,10,
https://github.com/JonasStankevicius/ConvPoint_Keras,ok,24.9,6,data_acquisition;data_preparation;modeling;training;evaluation;inference,13,3,10,
https://github.com/saadabbasi/anomoly-detection,ok,25.3,6,data_acquisition;data_preparation;modeling;training;evaluation;inference,13,3,10,
https://github.com/phykn/xai_tree,ok,26.2,6,data_acquisition;data_preparation;modeling;training;evaluation;inference,12,2,10,
https://github.com/ryanpram/indonlu-facqa,ok,24.5,6,data_acquisition;data_preparation;modeling;training;evaluation;inference,13,3,10,
https://github.com/heinrichreimer/modern-talking,ok,28.6,6,data_acquisition;data_preparation;modeling;training;evaluation;inference,12,3,9,
https://github.com/Protein-Engineering-Framework/PyPEF,ok,29.4,6,data_acquisition;data_preparation;modeling;training;evaluation;inference,13,3,10,
https://github.com/Venky0892/NLP_APP,ok,25.7,6,data_acquisition;data_preparation;modeling;training;evaluation;inference,13,3,10,
https://github.com/galikatz/phd_2021_new,ok,26.7,6,data_acquisition;data_preparation;modeling;training;evaluation;inference,13,3,10,
https://github.com/Pex2892/PEAK,ok,25.2,6,data_acquisition;data_preparation;modeling;training;evaluation;inference,13,3,10,
https://github.com/DuoJiang/Importance-Weighting-in-Deep-Learning,ok,25.8,6,data_acquisition;data_preparation;modeling;training;evaluation;inference,13,3,10,
https://github.com/deep-wind/miniproject,ok,22.3,6,data_acquisition;data_preparation;modeling;training;evaluation;inference,13,3,10,
https://github.com/anik-jha/tnp,ok,27.1,6,data_acquisition;data_preparation;modeling;training;evaluation;inference,13,3,10,
https://github.com/aj-naik/Women-Diabetes-Detector,ok,23.5,6,data_acquisition;data_preparation;modeling;training;evaluation;inference,13,3,10,
https://github.com/worldtaboonpong/datast,ok,28.9,6,data_acquisition;data_preparation;modeling;training;evaluation;inference,11,3,8,
https://github.com/Bosti07/Financial_fraud_detection,ok,23.8,6,data_acquisition;data_preparation;modeling;training;evaluation;inference,13,3,10,
https://github.com/amalolan/vehicle-counter,ok,40.2,6,data_acquisition;data_preparation;modeling;training;evaluation;inference,12,3,9,
https://github.com/A6a7H/Rich,ok,26.6,6,data_acquisition;data_preparation;modeling;training;evaluation;inference,13,3,10,
https://github.com/flawnson/Ouroboros,ok,33.5,6,data_acquisition;data_preparation;modeling;training;evaluation;inference,11,3,8,
https://github.com/cheesama/shopee-product-matching,ok,28.4,6,data_acquisition;data_preparation;modeling;training;evaluation;inference,13,3,10,
https://github.com/julsunny/darthradar,ok,24.5,6,data_acquisition;data_preparation;modeling;training;evaluation;inference,13,3,10,
https://github.com/princeton-nlp/SimCSE,ok,27.3,6,data_acquisition;data_preparation;modeling;training;evaluation;inference,13,3,10,
https://github.com/adblackx/ODR,ok,24.7,6,data_acquisition;data_preparation;modeling;training;evaluation;inference,13,3,10,
https://github.com/karthikbhamidipati/multi-task-speech-classification,ok,24.4,6,data_acquisition;data_preparation;modeling;training;evaluation;inference,13,3,10,
https://github.com/AtlantixJJ/LinearGAN,ok,26.4,6,data_acquisition;data_preparation;modeling;training;evaluation;inference,13,3,10,
https://github.com/nayeemrizve/invariance-equivariance,ok,25.4,6,data_acquisition;data_preparation;modeling;training;evaluation;inference,13,3,10,
https://github.com/jforbis/make-that-bread,ok,27.4,6,data_acquisition;data_preparation;modeling;training;evaluation;inference,13,3,10,
https://github.com/ASUS-AICS/LibMultiLabel,ok,26.3,6,data_acquisition;data_preparation;modeling;training;evaluation;inference,12,3,9,
https://github.com/angusev/SCGAN,ok,24.5,6,data_acquisition;data_preparation;modeling;training;evaluation;inference,13,3,10,
https://github.com/infinityAJ/stock_smart,ok,25.8,6,data_acquisition;data_preparation;modeling;training;evaluation;inference,13,3,10,
https://github.com/fedem96/predict-cancer-variables,ok,26.6,6,data_acquisition;data_preparation;modeling;training;evaluation;inference,13,3,10,
https://github.com/jpmcd/jiant-v1-legacy,ok,27.4,6,data_acquisition;data_preparation;modeling;training;evaluation;inference,13,3,10,
https://github.com/AhmedAbouzaid1/Medical-Question-Answering-System,ok,25.6,6,data_acquisition;data_preparation;modeling;training;evaluation;inference,12,3,9,
https://github.com/iloveslowfood/RelationExtraction,ok,26.0,6,data_acquisition;data_preparation;modeling;training;evaluation;inference,13,3,10,
https://github.com/justinhchae/stocks,ok,27.5,6,data_acquisition;data_preparation;modeling;training;evaluation;inference,13,3,10,
https://github.com/TheJorseman/EmotionNeuralInterface,ok,27.6,6,data_acquisition;data_preparation;modeling;training;evaluation;inference,12,3,9,
https://github.com/Yunnglin/GeoQA,ok,29.2,6,data_acquisition;data_preparation;modeling;training;evaluation;inference,13,3,10,
https://github.com/AlexKay28/MedConcNorm,ok,26.2,6,data_acquisition;data_preparation;modeling;training;evaluation;inference,13,3,10,
https://github.com/ShengtianSang/SemaTyP,ok,26.2,6,data_acquisition;data_preparation;modeling;training;evaluation;inference,13,3,10,
https://github.com/onurbil/emotion_from_speech,ok,27.9,6,data_acquisition;data_preparation;modeling;training;evaluation;inference,13,3,10,
https://github.com/yyh0806/Ameme_public,ok,27.1,6,data_acquisition;data_preparation;modeling;training;evaluation;inference,13,3,10,
https://github.com/BitLab16/Machine-learning,ok,29.6,6,data_acquisition;data_preparation;modeling;training;evaluation;inference,13,3,10,
https://github.com/tim-inzitari/Hearthstone-Deck-Clusterer,ok,29.1,6,data_acquisition;data_preparation;modeling;training;evaluation;inference,12,3,9,
https://github.com/andreapdr/gFun,ok,25.7,6,data_acquisition;data_preparation;modeling;training;evaluation;inference,13,3,10,
https://github.com/indobenchmark/indonlu,clone_failed,0.2,0,,0,0,0,git rc=128: fatal: repository 'https://github.com/indobenchmark/indonlu/' not found
https://github.com/samantamrityunjay/Automatic-assignment-of-ICD10-codes,ok,29.7,6,data_acquisition;data_preparation;modeling;training;evaluation;inference,13,3,10,
https://github.com/saif-mahmud/self-attention-HAR,ok,27.6,6,data_acquisition;data_preparation;modeling;training;evaluation;inference,13,3,10,
https://github.com/dastronmighty/dl-project,ok,26.2,6,data_acquisition;data_preparation;modeling;training;evaluation;inference,13,3,10,
https://github.com/tayebiarasteh/retweet,ok,27.0,6,data_acquisition;data_preparation;modeling;training;evaluation;inference,13,3,10,
https://github.com/mikitachab/deepfake-detection,ok,26.5,6,data_acquisition;data_preparation;modeling;training;evaluation;inference,12,3,9,
https://github.com/mhezarei/ai-bot,ok,27.8,6,data_acquisition;data_preparation;modeling;training;evaluation;inference,13,3,10,
https://github.com/TakeruEndo/kaggle_Cassava,ok,28.1,6,data_acquisition;data_preparation;modeling;training;evaluation;inference,13,3,10,
https://github.com/bahtman/Adv_ML_Lira,ok,27.0,6,data_acquisition;data_preparation;modeling;training;evaluation;inference,13,3,10,
https://github.com/mb010/EquivariantSelfAttention,ok,24.9,6,data_acquisition;data_preparation;modeling;training;evaluation;inference,13,3,10,
https://github.com/leebebeto/Missing-children,ok,25.4,6,data_acquisition;data_preparation;modeling;training;evaluation;inference,13,3,10,
https://github.com/victor-basisai/credit-scoring,ok,29.8,6,data_acquisition;data_preparation;modeling;training;evaluation;inference,12,3,9,
https://github.com/samsudinng/speech_accent_recognition,ok,24.8,6,data_acquisition;data_preparation;modeling;training;evaluation;inference,13,3,10,
https://github.com/bastianatte/StockRegr,ok,26.2,6,data_acquisition;data_preparation;modeling;training;evaluation;inference,13,3,10,
https://github.com/sting1000/generator,ok,27.4,6,data_acquisition;data_preparation;modeling;training;evaluation;inference,13,3,10,
https://github.com/jaymody/misinformation-detection-with-transformers,ok,29.7,6,data_acquisition;data_preparation;modeling;training;evaluation;inference,11,3,8,
https://github.com/TatianaMoteuN/flair,ok,28.1,6,data_acquisition;data_preparation;modeling;training;evaluation;inference,13,3,10,
https://github.com/Murali-group/supervised-grns,ok,24.5,6,data_acquisition;data_preparation;modeling;training;evaluation;inference,13,3,10,
https://github.com/human-analysis/pytorchnet,ok,28.6,6,data_acquisition;data_preparation;modeling;training;evaluation;inference,13,3,10,
https://github.com/mpoiitis/iSpine,ok,29.2,6,data_acquisition;data_preparation;modeling;training;evaluation;inference,12,3,9,
https://github.com/talha12981/sahte,ok,26.6,6,data_acquisition;data_preparation;modeling;training;evaluation;inference,13,3,10,
https://github.com/liqing-ustc/ANS,ok,32.1,6,data_acquisition;data_preparation;modeling;training;evaluation;inference,12,3,9,
https://github.com/tarkantemizoz/Cost-Sensitive-Learning,ok,33.8,6,data_acquisition;data_preparation;modeling;training;evaluation;inference,12,3,9,
https://github.com/Hethsron/deepmwoo,ok,24.6,6,data_acquisition;data_preparation;modeling;training;evaluation;inference,12,3,9,
https://github.com/dfdazac/blp,ok,28.2,6,data_acquisition;data_preparation;modeling;training;evaluation;inference,12,3,9,
https://github.com/reach1dev/api-ml-web-tool,ok,25.8,6,data_acquisition;data_preparation;modeling;training;evaluation;inference,13,3,10,
https://github.com/ialab-puc/segmentation_guided_attention,ok,27.4,6,data_acquisition;data_preparation;modeling;training;evaluation;inference,13,3,10,
https://github.com/hojunroks/label2vec,ok,25.0,6,data_acquisition;data_preparation;modeling;training;evaluation;inference,13,3,10,
https://github.com/mslovett21/decaf-pegasus-covid,ok,24.3,6,data_acquisition;data_preparation;modeling;training;evaluation;inference,13,3,10,
https://github.com/DevMilk/AutoNLP-CLSF,ok,26.2,6,data_acquisition;data_preparation;modeling;training;evaluation;inference,13,3,10,
https://github.com/mengtinglll/deepke,ok,24.8,6,data_acquisition;data_preparation;modeling;training;evaluation;inference,13,3,10,
https://github.com/RayRuizhiLiao/resnet_chestxray,ok,27.8,6,data_acquisition;data_preparation;modeling;training;evaluation;inference,13,3,10,
https://github.com/elBichon/online_machine_learning,ok,29.7,6,data_acquisition;data_preparation;modeling;training;evaluation;inference,10,2,8,
https://github.com/mcps5601/TimeGAN-tensorflow2,ok,27.0,6,data_acquisition;data_preparation;modeling;training;evaluation;inference,12,3,9,
https://github.com/EricPostMaster/market-research-cluster-analysis,ok,23.2,6,data_acquisition;data_preparation;modeling;training;evaluation;inference,13,3,10,
https://github.com/Javihaus/Auto-ML-app-with-dash,ok,24.7,6,data_acquisition;data_preparation;modeling;training;evaluation;inference,13,3,10,
https://github.com/uoo723/M2m_text,ok,27.9,6,data_acquisition;data_preparation;modeling;training;evaluation;inference,12,3,9,
https://github.com/silencedsre/Fusemachines-AI-Training,ok,24.1,6,data_acquisition;data_preparation;modeling;training;evaluation;inference,13,3,10,
https://github.com/delinhquent/unnatural-reviews-detector,ok,26.1,6,data_acquisition;data_preparation;modeling;training;evaluation;inference,13,3,10,
https://github.com/CRJoshuaa/Data-Mining-Project,ok,23.1,6,data_acquisition;data_preparation;modeling;training;evaluation;inference,13,3,10,
https://github.com/mastrHyperion98/CNN-Music-Classifier,ok,23.4,6,data_acquisition;data_preparation;modeling;training;evaluation;inference,13,3,10,
https://github.com/alexchungio/Multi-Lable-Classification-Planet,ok,25.1,6,data_acquisition;data_preparation;modeling;training;evaluation;inference,12,3,9,
https://github.com/Zerkles/SRUDA,ok,30.6,6,data_acquisition;data_preparation;modeling;training;evaluation;inference,12,3,9,
https://github.com/oddeirikigland/ist-data-science,ok,27.5,6,data_acquisition;data_preparation;modeling;training;evaluation;inference,12,3,9,
https://github.com/9DemonFox/simpleLearning,ok,32.7,6,data_acquisition;data_preparation;modeling;training;evaluation;inference,13,3,10,
https://github.com/nicoloverardo/master-degree-thesis,ok,31.9,6,data_acquisition;data_preparation;modeling;training;evaluation;inference,13,3,10,
https://github.com/CHeffernan087/NBA_Machine_Learning_Model,ok,27.9,6,data_acquisition;data_preparation;modeling;training;evaluation;inference,12,3,9,
https://github.com/Jason0917/Normalizing-Flow-Based-Defect-Detection,ok,26.7,6,data_acquisition;data_preparation;modeling;training;evaluation;inference,13,3,10,
https://github.com/cristianokunas/Sentiment_Analysis,ok,25.0,6,data_acquisition;data_preparation;modeling;training;evaluation;inference,12,3,9,
https://github.com/LucaUrban/prova_streamlit,ok,24.0,6,data_acquisition;data_preparation;modeling;training;evaluation;inference,13,3,10,
https://github.com/rodrigorivera/mds20_returney,ok,25.1,6,data_acquisition;data_preparation;modeling;training;evaluation;inference,13,3,10,
https://github.com/isabelcachola/ML-Fall2020-Final-Project,ok,26.6,6,data_acquisition;data_preparation;modeling;training;evaluation;inference,13,3,10,
https://github.com/nantesmetropole/school_meal_forecast_xgboost,ok,28.3,6,data_acquisition;data_preparation;modeling;training;evaluation;inference,10,2,8,
https://github.com/tanmaymane18/AI202513,ok,24.8,6,data_acquisition;data_preparation;modeling;training;evaluation;inference,13,3,10,
https://github.com/NawasNaziru/REVENUE-PREDICTION-USING-IBM-AI-ENTERPRISE-WORKFLOW,ok,27.8,6,data_acquisition;data_preparation;modeling;training;evaluation;inference,11,3,8,
https://github.com/Tinusf/ml_cancer_screening,ok,26.7,6,data_acquisition;data_preparation;modeling;training;evaluation;inference,12,3,9,
https://github.com/DWhistle/virus-hack,ok,26.9,6,data_acquisition;data_preparation;modeling;training;evaluation;inference,11,3,8,
https://github.com/adamjstewart/crop_yield_prediction,ok,30.1,6,data_acquisition;data_preparation;modeling;training;evaluation;inference,13,3,10,
https://github.com/mlai-student/Lab2020-21ClusteringCovidData,ok,25.7,6,data_acquisition;data_preparation;modeling;training;evaluation;inference,13,3,10,
https://github.com/YuhaoCheng/PyAnomaly,ok,33.3,6,data_acquisition;data_preparation;modeling;training;evaluation;inference,13,3,10,
https://github.com/easylearn-fmri/easylearn_dev,ok,28.2,6,data_acquisition;data_preparation;modeling;training;evaluation;inference,13,3,10,
https://github.com/Fosso/trackdecpred,ok,29.2,6,data_acquisition;data_preparation;modeling;training;evaluation;inference,13,3,10,
https://github.com/kzinmr/mlflow_bert_ja,ok,24.6,6,data_acquisition;data_preparation;modeling;training;evaluation;inference,13,3,10,
https://github.com/MatthiasJakobs/explainable-interactive-website,ok,25.3,6,data_acquisition;data_preparation;modeling;training;evaluation;inference,13,3,10,
https://github.com/anhtuanhsgs/ColorRL,ok,25.8,6,data_acquisition;data_preparation;modeling;training;evaluation;inference,13,3,10,
https://github.com/hmashrique/Car-Price-Prediction,ok,27.0,6,data_acquisition;data_preparation;modeling;training;evaluation;inference,13,3,10,
https://github.com/IShengFang/Digital_Medicine_2020Fall_RSNA_ICH_Detection,ok,26.2,6,data_acquisition;data_preparation;modeling;training;evaluation;inference,13,3,10,
https://github.com/ebottabi/LiveAI,ok,29.3,6,data_acquisition;data_preparation;modeling;training;evaluation;inference,11,3,8,
https://github.com/alexaor/tdt4173,ok,28.6,6,data_acquisition;data_preparation;modeling;training;evaluation;inference,12,3,9,
https://github.com/feldlime/X5RetailHeroUplift,ok,27.4,6,data_acquisition;data_preparation;modeling;training;evaluation;inference,12,3,9,
https://github.com/Preeti24/Youtube-comments,ok,27.3,6,data_acquisition;data_preparation;modeling;training;evaluation;inference,13,3,10,
https://github.com/invett/nn.based.intersection.classficator,ok,32.1,6,data_acquisition;data_preparation;modeling;training;evaluation;inference,12,3,9,
https://github.com/unitaryai/detoxify,ok,24.2,6,data_acquisition;data_preparation;modeling;training;evaluation;inference,12,3,9,
https://github.com/nyu-mll/online-code-for-edge-probing,ok,29.9,6,data_acquisition;data_preparation;modeling;training;evaluation;inference,13,3,10,
https://github.com/PhilippKrueger/ml-many-body-localization,ok,26.2,6,data_acquisition;data_preparation;modeling;training;evaluation;inference,13,3,10,
https://github.com/noycohen100/MARCO-GE,ok,29.5,6,data_acquisition;data_preparation;modeling;training;evaluation;inference,12,3,9,
https://github.com/tmcphee/Hotel-Review-Analyzer,ok,29.4,6,data_acquisition;data_preparation;modeling;training;evaluation;inference,13,3,10,
https://github.com/wjensheng/recursion,ok,26.6,6,data_acquisition;data_preparation;modeling;training;evaluation;inference,13,3,10,
https://github.com/Allovertom/YouReadAtBranch,ok,25.6,6,data_acquisition;data_preparation;modeling;training;evaluation;inference,13,3,10,
https://github.com/techblogp/MusicVideoCommentAnalyzer,ok,29.6,6,data_acquisition;data_preparation;modeling;training;evaluation;inference,13,3,10,
https://github.com/machouz/TextClassificationScript,ok,25.2,6,data_acquisition;data_preparation;modeling;training;evaluation;inference,13,3,10,
https://github.com/microsoft/datadrivenmodel,ok,28.6,6,data_acquisition;data_preparation;modeling;training;evaluation;inference,11,3,8,
https://github.com/ben-hawks/pytorch-jet-classify,ok,25.4,6,data_acquisition;data_preparation;modeling;training;evaluation;inference,13,3,10,
https://github.com/chen-jimmy/AutoBot,ok,22.7,6,data_acquisition;data_preparation;modeling;training;evaluation;inference,13,3,10,
https://github.com/bentanlw/ebacs_plp_project,ok,28.7,6,data_acquisition;data_preparation;modeling;training;evaluation;inference,13,3,10,
https://github.com/YuehuaZhu/ProxyGML,ok,25.5,6,data_acquisition;data_preparation;modeling;training;evaluation;inference,13,3,10,
https://github.com/e2e-retrieval-in-continuous-space/e2e-retrieval,ok,25.6,6,data_acquisition;data_preparation;modeling;training;evaluation;inference,12,3,9,
https://github.com/benjides/MusicGenreClassifier,ok,24.4,6,data_acquisition;data_preparation;modeling;training;evaluation;inference,13,3,10,
https://github.com/MachineLP/PyTorch_image_classifier,ok,28.3,6,data_acquisition;data_preparation;modeling;training;evaluation;inference,13,3,10,
https://github.com/paulagd/GCE,ok,24.9,6,data_acquisition;data_preparation;modeling;training;evaluation;inference,13,3,10,
https://github.com/awarenessxz/acoustic-scene-classification,ok,24.5,6,data_acquisition;data_preparation;modeling;training;evaluation;inference,13,3,10,
https://github.com/grant-pittman/ML-FIFA-Stats,ok,22.5,6,data_acquisition;data_preparation;modeling;training;evaluation;inference,13,3,10,
https://github.com/danifranco/EM_Image_Segmentation,ok,32.5,6,data_acquisition;data_preparation;modeling;training;evaluation;inference,12,3,9,
https://github.com/michi-d/bundestweets,ok,30.9,6,data_acquisition;data_preparation;modeling;training;evaluation;inference,13,3,10,
https://github.com/sahivy13/clients_from_hell_heroku,ok,25.9,6,data_acquisition;data_preparation;modeling;training;evaluation;inference,13,3,10,
https://github.com/nyu-mll/jiant-v1-legacy,ok,26.0,6,data_acquisition;data_preparation;modeling;training;evaluation;inference,13,3,10,
https://github.com/jschiefner/covid19-classification,ok,25.0,6,data_acquisition;data_preparation;modeling;training;evaluation;inference,11,3,8,
https://github.com/dmcinerney/ehr-extraction-models,ok,27.0,6,data_acquisition;data_preparation;modeling;training;evaluation;inference,13,3,10,
https://github.com/wazeerzulfikar/deep-split-ensembles,ok,26.2,6,data_acquisition;data_preparation;modeling;training;evaluation;inference,12,3,9,
https://github.com/ashok-arjun/Zero-Shot-Sketch-Based-Image-Retrieval,ok,24.2,6,data_acquisition;data_preparation;modeling;training;evaluation;inference,13,3,10,
https://github.com/SamujjwalSam/Short-text_GNN,ok,28.0,6,data_acquisition;data_preparation;modeling;training;evaluation;inference,13,3,10,
https://github.com/fznsakib/great-ape-behaviour-detector,ok,26.5,6,data_acquisition;data_preparation;modeling;training;evaluation;inference,12,3,9,
https://github.com/ns-rokuyon/kaggle-bengali-classification,ok,27.5,6,data_acquisition;data_preparation;modeling;training;evaluation;inference,13,3,10,
https://github.com/kumatheworld/niaoge,ok,25.3,6,data_acquisition;data_preparation;modeling;training;evaluation;inference,13,3,10,
https://github.com/lRomul/argus-alaska,ok,28.6,6,data_acquisition;data_preparation;modeling;training;evaluation;inference,13,3,10,
https://github.com/lRomul/argus-bengali-ai,ok,26.4,6,data_acquisition;data_preparation;modeling;training;evaluation;inference,12,2,10,
https://github.com/gesiscss/sexism_custom_classifier,ok,29.7,6,data_acquisition;data_preparation;modeling;training;evaluation;inference,11,3,8,
https://github.com/a-luengen/anytimeDnn,ok,27.2,6,data_acquisition;data_preparation;modeling;training;evaluation;inference,13,3,10,
https://github.com/vndee/ab2sa,ok,25.1,6,data_acquisition;data_preparation;modeling;training;evaluation;inference,13,3,10,
https://github.com/wazeerzulfikar/alzheimers-dementia,ok,26.9,6,data_acquisition;data_preparation;modeling;training;evaluation;inference,13,3,10,
https://github.com/vietdung126/BankClassify,ok,25.4,6,data_acquisition;data_preparation;modeling;training;evaluation;inference,11,3,8,
https://github.com/ihaeyong/drama-graph,ok,25.5,6,data_acquisition;data_preparation;modeling;training;evaluation;inference,13,3,10,
https://github.com/shalomma/ToBark,ok,29.0,6,data_acquisition;data_preparation;modeling;training;evaluation;inference,13,3,10,
https://github.com/SwatiSSwain/SwatiSSwain-REP-Project-Three,ok,79.1,6,data_acquisition;data_preparation;modeling;training;evaluation;inference,13,3,10,
https://github.com/amirhk/recourse,ok,25.7,6,data_acquisition;data_preparation;modeling;training;evaluation;inference,12,3,9,
https://github.com/swapnanildutta/Mushroom-Classification-Web-App,ok,24.0,6,data_acquisition;data_preparation;modeling;training;evaluation;inference,12,3,9,
https://github.com/guillermoim/deepfakes-policy-optimization,ok,27.8,6,data_acquisition;data_preparation;modeling;training;evaluation;inference,13,3,10,
https://github.com/AxekA13/ModelTracking,ok,26.4,6,data_acquisition;data_preparation;modeling;training;evaluation;inference,13,3,10,
https://github.com/kangakum36/FlowAI,ok,26.4,6,data_acquisition;data_preparation;modeling;training;evaluation;inference,13,3,10,
https://github.com/iUssel/MiningPersonalityInGerman,ok,25.1,6,data_acquisition;data_preparation;modeling;training;evaluation;inference,12,3,9,
https://github.com/Maryam-Ah/Insurance-Charges-Prediction-App-with-Azure-and-Streamit,ok,24.5,6,data_acquisition;data_preparation;modeling;training;evaluation;inference,12,3,9,
https://github.com/timvdh123/simula_smarthome,ok,27.2,6,data_acquisition;data_preparation;modeling;training;evaluation;inference,13,3,10,
https://github.com/KIT-ISAS/TrackSort_Neural_Public,ok,29.5,6,data_acquisition;data_preparation;modeling;training;evaluation;inference,11,3,8,
https://github.com/bindog/nlp-training,ok,27.8,6,data_acquisition;data_preparation;modeling;training;evaluation;inference,13,3,10,
https://github.com/ryansteed/learning-appearance-bias,ok,30.0,6,data_acquisition;data_preparation;modeling;training;evaluation;inference,13,3,10,
https://github.com/vndee/bertvi-sentiment,ok,28.4,6,data_acquisition;data_preparation;modeling;training;evaluation;inference,13,3,10,
https://github.com/sampathkethineedi/bert-topic-sentiment,ok,26.1,6,data_acquisition;data_preparation;modeling;training;evaluation;inference,13,3,10,
https://github.com/flawnson/Generic_GNN,ok,27.0,6,data_acquisition;data_preparation;modeling;training;evaluation;inference,12,3,9,
https://github.com/mdork/Steganalysis-DeepVision-Project,ok,32.5,6,data_acquisition;data_preparation;modeling;training;evaluation;inference,13,3,10,
https://github.com/stefanDeveloper/covid-19-neural-network,ok,28.6,6,data_acquisition;data_preparation;modeling;training;evaluation;inference,12,3,9,
https://github.com/microsoft/robustdg,ok,25.1,6,data_acquisition;data_preparation;modeling;training;evaluation;inference,13,3,10,
https://github.com/gmftbyGMFTBY/OpenDialog,ok,27.5,6,data_acquisition;data_preparation;modeling;training;evaluation;inference,13,3,10,
https://github.com/shawnd29/eda-webapp,ok,24.8,6,data_acquisition;data_preparation;modeling;training;evaluation;inference,13,3,10,
https://github.com/arpanadhikari1/CPLP,ok,28.2,6,data_acquisition;data_preparation;modeling;training;evaluation;inference,13,3,10,
https://github.com/arpanadhikari1/FER,ok,25.5,6,data_acquisition;data_preparation;modeling;training;evaluation;inference,13,3,10,
https://github.com/anhdhbn/facerec,ok,26.6,6,data_acquisition;data_preparation;modeling;training;evaluation;inference,13,3,10,
https://github.com/TienSFU25/983-test,ok,27.3,6,data_acquisition;data_preparation;modeling;training;evaluation;inference,13,3,10,
https://github.com/micts/anomaly-detection-robotic-vehicle,ok,31.3,6,data_acquisition;data_preparation;modeling;training;evaluation;inference,12,3,9,
https://github.com/nicolasfacchinetti97/progettoBioInf,ok,26.5,6,data_acquisition;data_preparation;modeling;training;evaluation;inference,12,3,9,
https://github.com/mystery2828/playwithML,ok,26.1,6,data_acquisition;data_preparation;modeling;training;evaluation;inference,13,3,10,
https://github.com/kayjanw/test-app,ok,27.6,6,data_acquisition;data_preparation;modeling;training;evaluation;inference,12,3,9,
https://github.com/THUDM/GCC,ok,23.8,6,data_acquisition;data_preparation;modeling;training;evaluation;inference,13,3,10,
https://github.com/ptv1p3r/neuralnet_breastcancer,ok,25.2,6,data_acquisition;data_preparation;modeling;training;evaluation;inference,13,3,10,
https://github.com/pyyush/GraphML,ok,25.2,6,data_acquisition;data_preparation;modeling;training;evaluation;inference,13,3,10,
https://github.com/hellohaptik/multi-task-NLP,ok,29.2,6,data_acquisition;data_preparation;modeling;training;evaluation;inference,13,3,10,
https://github.com/leonoravesterbacka/carl-torch,ok,28.5,6,data_acquisition;data_preparation;modeling;training;evaluation;inference,11,2,9,
https://github.com/todatech/csda-lab,ok,30.7,6,data_acquisition;data_preparation;modeling;training;evaluation;inference,13,3,10,
https://github.com/DmitriiDenisov/research_oversampling,ok,26.1,6,data_acquisition;data_preparation;modeling;training;evaluation;inference,10,3,7,
https://github.com/svil1502/heroku,ok,24.1,6,data_acquisition;data_preparation;modeling;training;evaluation;inference,13,3,10,
https://github.com/epsilonai/mahmoud-abdelsattar-CeditCardFraud,ok,25.1,6,data_acquisition;data_preparation;modeling;training;evaluation;inference,13,3,10,
https://github.com/thundersparkf/tweet,ok,25.8,6,data_acquisition;data_preparation;modeling;training;evaluation;inference,13,3,10,
https://github.com/PJvanderLaan/IR-user-intent,ok,24.5,6,data_acquisition;data_preparation;modeling;training;evaluation;inference,13,3,10,
https://github.com/FMuenke/structured_segmentation,ok,25.6,6,data_acquisition;data_preparation;modeling;training;evaluation;inference,12,3,9,
https://github.com/OliverSaarela/ml-probability,ok,25.7,6,data_acquisition;data_preparation;modeling;training;evaluation;inference,13,3,10,
https://github.com/auto-flow/auto-flow,ok,29.2,6,data_acquisition;data_preparation;modeling;training;evaluation;inference,12,3,9,
https://github.com/ejson03/DWM-Mini-Project,ok,27.3,6,data_acquisition;data_preparation;modeling;training;evaluation;inference,13,3,10,
https://github.com/Frakma/IFT725-Projet,ok,27.7,6,data_acquisition;data_preparation;modeling;training;evaluation;inference,13,3,10,
https://github.com/iliasprc/COVIDNet,ok,25.1,6,data_acquisition;data_preparation;modeling;training;evaluation;inference,13,3,10,
https://github.com/taylorplumer/classifiers-dash,ok,27.0,6,data_acquisition;data_preparation;modeling;training;evaluation;inference,12,3,9,
https://github.com/AmadouSadouAbihi/Leaf-classification,ok,165.7,6,data_acquisition;data_preparation;modeling;training;evaluation;inference,13,3,10,
https://github.com/luanps/comex_stat,ok,27.5,6,data_acquisition;data_preparation;modeling;training;evaluation;inference,13,3,10,
https://github.com/luanps/airbnb,ok,26.2,6,data_acquisition;data_preparation;modeling;training;evaluation;inference,12,2,10,
https://github.com/svenkilian/Financial,ok,25.7,6,data_acquisition;data_preparation;modeling;training;evaluation;inference,13,3,10,
https://github.com/randilu/Impact-Analysis-Module-codebase,ok,26.1,6,data_acquisition;data_preparation;modeling;training;evaluation;inference,13,3,10,
https://github.com/BloomTech-Labs/omega2020-ds,ok,26.4,6,data_acquisition;data_preparation;modeling;training;evaluation;inference,13,3,10,
https://github.com/daniel235/RNAmodificationClassifier,ok,27.6,6,data_acquisition;data_preparation;modeling;training;evaluation;inference,13,3,10,
https://github.com/bot-zen/naacl_flp_st,ok,24.4,6,data_acquisition;data_preparation;modeling;training;evaluation;inference,12,3,9,
https://github.com/koukyo1994/kaggle-dsb2019,ok,27.7,6,data_acquisition;data_preparation;modeling;training;evaluation;inference,13,3,10,
https://github.com/omar-mohamed/X-Ray-Report-Generation,ok,26.6,6,data_acquisition;data_preparation;modeling;training;evaluation;inference,13,3,10,
https://github.com/CIDARLAB/neural-optimizer,ok,27.4,6,data_acquisition;data_preparation;modeling;training;evaluation;inference,11,3,8,
https://github.com/teotsi/Data_Mining_project,ok,27.3,6,data_acquisition;data_preparation;modeling;training;evaluation;inference,11,3,8,
https://github.com/RicherMans/Speaker-Anti-Spoofing-Classifiers,ok,28.9,6,data_acquisition;data_preparation;modeling;training;evaluation;inference,13,3,10,
https://github.com/alessiosavi/PyRecognizer,ok,26.2,6,data_acquisition;data_preparation;modeling;training;evaluation;inference,11,3,8,
https://github.com/GinGinWang/MTQ,ok,24.6,6,data_acquisition;data_preparation;modeling;training;evaluation;inference,13,3,10,
https://github.com/dirichletcal/experiments_neurips,ok,26.8,6,data_acquisition;data_preparation;modeling;training;evaluation;inference,10,3,7,
https://github.com/kasperekt/EnsembleDiversity,ok,25.4,6,data_acquisition;data_preparation;modeling;training;evaluation;inference,13,3,10,
https://github.com/aauss/EventEpi,ok,28.1,6,data_acquisition;data_preparation;modeling;training;evaluation;inference,13,3,10,
https://github.com/micado-scale/component-optimizer,ok,25.8,6,data_acquisition;data_preparation;modeling;training;evaluation;inference,13,3,10,
https://github.com/nestoor22/apartmentML,ok,27.3,6,data_acquisition;data_preparation;modeling;training;evaluation;inference,13,3,10,
https://github.com/naver/claf,ok,25.3,6,data_acquisition;data_preparation;modeling;training;evaluation;inference,13,3,10,
https://github.com/ZihengZZH/bipolar-disorder,ok,28.3,6,data_acquisition;data_preparation;modeling;training;evaluation;inference,13,3,10,
https://github.com/stefanoteso/calimocho,ok,26.2,6,data_acquisition;data_preparation;modeling;training;evaluation;inference,12,3,9,
https://github.com/xadrianzetx/fullstack.ai,ok,31.2,6,data_acquisition;data_preparation;modeling;training;evaluation;inference,11,3,8,
https://github.com/szymon6927/bio-gen-calc,ok,29.1,6,data_acquisition;data_preparation;modeling;training;evaluation;inference,13,3,10,
https://github.com/dodinhtrung97/stock_data_processor,ok,27.2,6,data_acquisition;data_preparation;modeling;training;evaluation;inference,13,3,10,
https://github.com/Prabhu204/Very-Deep-Convolutional-Networks-for-Large-Scale-Image-Recognition,ok,27.3,6,data_acquisition;data_preparation;modeling;training;evaluation;inference,13,3,10,
https://github.com/Garfounkel/emotion_analysis,ok,26.7,6,data_acquisition;data_preparation;modeling;training;evaluation;inference,13,3,10,
https://github.com/shitian-taiger/relational-extraction,ok,28.3,6,data_acquisition;data_preparation;modeling;training;evaluation;inference,13,3,10,
https://github.com/jakobzmrzlikar/DataBench,ok,31.2,6,data_acquisition;data_preparation;modeling;training;evaluation;inference,13,3,10,
https://github.com/BUPT-GAMMA/OpenHINE,ok,25.5,6,data_acquisition;data_preparation;modeling;training;evaluation;inference,13,3,10,
https://github.com/dwidemann/self_supervision_for_transfer_learning,ok,26.8,6,data_acquisition;data_preparation;modeling;training;evaluation;inference,13,3,10,
https://github.com/jtbricker/aidp,ok,26.4,6,data_acquisition;data_preparation;modeling;training;evaluation;inference,13,3,10,
https://github.com/namisan/mt-dnn,ok,26.8,6,data_acquisition;data_preparation;modeling;training;evaluation;inference,12,3,9,
https://github.com/pywash/pywash,ok,29.3,6,data_acquisition;data_preparation;modeling;training;evaluation;inference,12,2,10,
https://github.com/szymanskir/SpeechCommands-RNN,ok,28.9,6,data_acquisition;data_preparation;modeling;training;evaluation;inference,11,3,8,
https://github.com/tjcubing/TJCubing,ok,28.9,6,data_acquisition;data_preparation;modeling;training;evaluation;inference,11,3,8,
https://github.com/TrueWarg/hrmlp,ok,28.4,6,data_acquisition;data_preparation;modeling;training;evaluation;inference,12,3,9,
https://github.com/kohjingyu/lasagna,ok,25.5,6,data_acquisition;data_preparation;modeling;training;evaluation;inference,13,3,10,
https://github.com/thomaskuestner/CNNArt,ok,25.4,6,data_acquisition;data_preparation;modeling;training;evaluation;inference,13,3,10,
https://github.com/danhlee/squads,ok,28.0,6,data_acquisition;data_preparation;modeling;training;evaluation;inference,11,3,8,
https://github.com/ArronHZG/cancer2.0,ok,28.5,6,data_acquisition;data_preparation;modeling;training;evaluation;inference,13,3,10,
https://github.com/felixSchober/ABSA-Transformer,ok,30.1,6,data_acquisition;data_preparation;modeling;training;evaluation;inference,11,3,8,
https://github.com/yusuke0519/constrastive_predictive_coding,ok,24.9,6,data_acquisition;data_preparation;modeling;training;evaluation;inference,12,3,9,
https://github.com/amirrassafi/PFSBS,ok,25.4,6,data_acquisition;data_preparation;modeling;training;evaluation;inference,13,3,10,
https://github.com/national-basketball-association/NPS,ok,28.5,6,data_acquisition;data_preparation;modeling;training;evaluation;inference,13,3,10,
https://github.com/TsunndokuSeniorProject/back-end,ok,33.4,6,data_acquisition;data_preparation;modeling;training;evaluation;inference,13,3,10,
https://github.com/nshaud/DeepHyperX,ok,27.4,6,data_acquisition;data_preparation;modeling;training;evaluation;inference,12,3,9,
https://github.com/senakicir/ntds_project,ok,25.9,6,data_acquisition;data_preparation;modeling;training;evaluation;inference,13,3,10,
https://github.com/victorkifer/ecg-af-detection-physionet-2017,ok,29.8,6,data_acquisition;data_preparation;modeling;training;evaluation;inference,12,3,9,
https://github.com/pchampio/sentence-entailment,ok,26.6,6,data_acquisition;data_preparation;modeling;training;evaluation;inference,13,3,10,
https://github.com/samarthbhargav/hackathon4good,ok,26.9,6,data_acquisition;data_preparation;modeling;training;evaluation;inference,12,3,9,
https://github.com/AlexDel/levheimcube,ok,26.6,6,data_acquisition;data_preparation;modeling;training;evaluation;inference,12,3,9,
https://github.com/kairosart/factors,ok,34.2,6,data_acquisition;data_preparation;modeling;training;evaluation;inference,11,3,8,
https://github.com/garyblocks/scientist,ok,27.1,6,data_acquisition;data_preparation;modeling;training;evaluation;inference,13,3,10,
https://github.com/plstcharles/thelper,ok,29.3,6,data_acquisition;data_preparation;modeling;training;evaluation;inference,12,3,9,
https://github.com/KDD-OpenSource/DeepADoTS,ok,28.4,6,data_acquisition;data_preparation;modeling;training;evaluation;inference,13,3,10,
