tool,rule_id,count,example_message
semgrep,python.lang.security.deserialization.pickle.avoid-pickle,1256,"Avoid using `pickle`, which is known to lead to code execution vulnerabilities. When unpickling, the serialized data could be manipulated to run arbitrary code. Instead, consider serializing the relev"
bandit,B614,845,Use of unsafe PyTorch load
bandit,B301,747,"Pickle and modules that wrap it can be unsafe when used to deserialize untrusted data, possible security issue."
bandit,B615,554,Unsafe Hugging Face Hub download without revision pinning in from_pretrained()
bandit,B605,248,"Starting a process with a shell, possible injection detected, security issue."
bandit,B307,244,Use of possibly insecure function - consider using safer ast.literal_eval.
bandit,B608,233,Possible SQL injection vector through string-based query construction.
semgrep,python.lang.security.audit.eval-detected.eval-detected,203,"Detected the use of eval(). eval() can be dangerous if used to evaluate dynamic content. If this content can be input from outside the program, this may be a code injection vulnerability. Ensure evalu"
bandit,B113,202,Call to requests without timeout
semgrep,python.flask.security.xss.audit.template-unescaped-with-safe.template-unescaped-with-safe,123,"Detected a segment of a Flask template where autoescaping is explicitly disabled with '| safe' filter. This allows rendering of raw HTML in this segment. Ensure no user data is rendered here, otherwis"
bandit,B310,103,Audit url open for permitted schemes. Allowing use of file:/ or custom schemes is often unexpected.
bandit,B108,102,Probable insecure usage of temp file/directory.
semgrep,python.lang.security.audit.dynamic-urllib-use-detected.dynamic-urllib-use-detected,94,"Detected a dynamic value being used with urllib. urllib supports 'file://' schemes, so a dynamic value controlled by a malicious actor may allow them to read arbitrary files. Audit uses of urllib call"
semgrep,python.lang.security.audit.dangerous-system-call-tainted-env-args.dangerous-system-call-tainted-env-args,78,"Found user-controlled data used in a system call. This could allow a malicious actor to execute commands. Use the 'subprocess' module instead, which is easier to use without accidentally exposing a co"
bandit,B506,68,Use of unsafe yaml load. Allows instantiation of arbitrary objects. Consider yaml.safe_load().
bandit,B602,47,"subprocess call with shell=True identified, security issue."
bandit,B104,47,Possible binding to all interfaces.
semgrep,python.lang.security.audit.subprocess-shell-true.subprocess-shell-true,45,"Found 'subprocess' function 'Popen' with 'shell=True'. This is dangerous because this call will spawn the command using a shell process. Doing so propagates current shell settings and variables, which"
bandit,B324,41,Use of weak MD5 hash for security. Consider usedforsecurity=False
bandit,B102,41,Use of exec detected.
semgrep,python.lang.security.use-defused-xml.use-defused-xml,41,The Python documentation recommends using `defusedxml` instead of `xml` because the native Python `xml` library is vulnerable to XML External Entity (XXE) attacks. These attacks can leak confidential 
semgrep,python.lang.security.audit.exec-detected.exec-detected,39,"Detected the use of exec(). exec() can be dangerous if used to evaluate dynamic content. If this content can be input from outside the program, this may be a code injection vulnerability. Ensure evalu"
semgrep,generic.html-templates.security.unquoted-attribute-var.unquoted-attribute-var,37,"Detected a unquoted template variable as an attribute. If unquoted, a malicious actor could inject custom JavaScript handlers. To fix this, add quotes around the template expression, like this: ""{{ ex"
bandit,B201,36,"A Flask app appears to be run with debug=True, which exposes the Werkzeug debugger and allows the execution of arbitrary code."
semgrep,python.flask.security.audit.debug-enabled.debug-enabled,36,"Detected Flask app with debug=True. Do not deploy to production with this flag enabled as it will leak sensitive information. Instead, consider using Flask configuration variables or setting 'debug' u"
semgrep,python.lang.security.insecure-hash-algorithms-md5.insecure-hash-algorithm-md5,36,Detected MD5 hash algorithm which is considered insecure. MD5 is not collision resistant and is therefore not suitable as a cryptographic signature. Use SHA256 or SHA3 instead.
bandit,B314,34,Using xml.etree.ElementTree.parse to parse untrusted XML data is known to be vulnerable to XML attacks. Replace xml.etree.ElementTree.parse with its defusedxml equivalent function or make sure defused
semgrep,python.lang.security.use-defused-xml-parse.use-defused-xml-parse,33,"The native Python `xml` library is vulnerable to XML External Entity (XXE) attacks.  These attacks can leak confidential data and ""XML bombs"" can cause denial of service. Do not use this library to pa"
semgrep,python.lang.security.audit.insecure-transport.requests.request-with-http.request-with-http,31,"Detected a request using 'http://'. This request will be unencrypted, and attackers could listen into traffic on the network and be able to obtain sensitive information. Use 'https://' instead."
bandit,B202,28,tarfile.extractall used without any validation. Please check and discard dangerous members.
semgrep,python.flask.security.audit.app-run-param-config.avoid_app_run_with_bad_host,28,Running flask app with host 0.0.0.0 could expose the server publicly.
semgrep,python.lang.security.deserialization.pickle.avoid-cPickle,26,"Avoid using `cPickle`, which is known to lead to code execution vulnerabilities. When unpickling, the serialized data could be manipulated to run arbitrary code. Instead, consider serializing the rele"
semgrep,generic.html-templates.security.var-in-script-tag.var-in-script-tag,26,"Detected a template variable used in a script tag. Although template variables are HTML escaped, HTML escaping does not always prevent cross-site scripting (XSS) attacks when used directly in JavaScri"
semgrep,python.flask.security.injection.tainted-sql-string.tainted-sql-string,25,Detected user input used to manually construct a SQL string. This is usually bad practice because manual construction could accidentally result in a SQL injection. An attacker could use a SQL injectio
bandit,B704,22,Potential XSS with ``markupsafe.Markup`` detected. Do not use ``Markup`` on untrusted data.
semgrep,python.lang.security.deserialization.pickle.avoid-shelve,16,"Avoid using `shelve`, which uses `pickle`, which is known to lead to code execution vulnerabilities. When unpickling, the serialized data could be manipulated to run arbitrary code. Instead, consider "
pip_audit,PYSEC-2023-48,16,starlette 0.13.6: ### Impact  The `MultipartParser` using the package `python-multipart` accepts an unlimited number of multipart parts (form fields or files).  Processing too many parts results in hi
pip_audit,PYSEC-2023-83,16,"starlette 0.13.6: ### Summary When using `StaticFiles`, if there's a file or directory that starts with the same name as the `StaticFiles` directory, that file or directory is also exposed via `Static"
semgrep,python.flask.security.open-redirect.open-redirect,13,"Data from request is passed to redirect(). This is an open redirect and could be exploited. Consider using 'url_for()' to generate links to known locations. If you must use a URL to unknown pages, con"
semgrep,python.lang.security.insecure-uuid-version.insecure-uuid-version,13,"Using UUID version 1 for UUID generation can lead to predictable UUIDs based on system information (e.g., MAC address, timestamp). This may lead to security risks such as the sandwich attack. Consider"
pip_audit,PYSEC-2024-110,12,"scikit-learn 1.0.2: A sensitive data leakage vulnerability was identified in scikit-learn's TfidfVectorizer, specifically in versions up to and including 1.4.1.post1, which was fixed in version 1.5.0."
pip_audit,PYSEC-2021-100,12,fastapi 0.63.0: FastAPI is a web framework for building APIs with Python 3.6+ based on standard Python type hints. FastAPI versions lower than 0.65.2 that used cookies for authentication in path opera
semgrep,python.lang.security.audit.logging.logger-credential-leak.python-logger-credential-disclosure,12,"Detected a python logger call with a potential hardcoded secret ""tokens: %s"" % "" "".join(
                [str(x) for x in tokens]) being logged. This may lead to secret credentials being exposed. Mak"
semgrep,python.lang.security.deserialization.pickle.avoid-dill,10,"Avoid using `dill`, which uses `pickle`, which is known to lead to code execution vulnerabilities. When unpickling, the serialized data could be manipulated to run arbitrary code. Instead, consider se"
pip_audit,PYSEC-2026-161,9,"starlette 0.52.1: Starlette reconstructs the requested URL based on the HTTP Host request header and requested path, but does not perform any validation of the Host header value. This allows attackers"
semgrep,generic.html-templates.security.var-in-href.var-in-href,9,Detected a template variable used in an anchor tag with the 'href' attribute. This allows a malicious actor to input the 'javascript:' URI and is subject to cross- site scripting (XSS) attacks. If usi
pip_audit,PYSEC-2024-38,8,"fastapi 0.63.0: FastAPI is a web framework for building APIs with Python 3.8+ based on standard Python type hints. When using form data, `python-multipart` uses a Regular Expression to parse the HTTP "
pip_audit,CVE-2024-47874,8,starlette 0.13.6: ### Summary Starlette treats `multipart/form-data` parts without a `filename` as text form fields and buffers those in byte strings with no size limit. This allows an attacker to upl
pip_audit,CVE-2025-54121,8,starlette 0.13.6: ### Summary When parsing a multi-part form with large files (greater than the [default max spool size](https://github.com/encode/starlette/blob/fa5355442753f794965ae1af0f87f9fec1b9a3
semgrep,python.django.security.audit.csrf-exempt.no-csrf-exempt,7,"Detected usage of @csrf_exempt, which indicates that there is no CSRF token set for this route. This could lead to an attacker manipulating the user's account and exfiltration of private data. Instead"
semgrep,python.lang.security.deserialization.avoid-pyyaml-load.avoid-pyyaml-load,6,"Detected a possible YAML deserialization vulnerability. `yaml.unsafe_load`, `yaml.Loader`, `yaml.CLoader`, and `yaml.UnsafeLoader` are all known to be unsafe methods of deserializing YAML. An attacker"
pip_audit,PYSEC-2026-73,6,keras 3.12.2: Allocation of Resources Without Limits or Throttling in the HDF5 weight loading component in Google Keras 3.0.0 through 3.13.0 on all platforms allows a remote attacker to cause a Denial
semgrep,python.flask.security.insecure-deserialization.insecure-deserialization,6,"Detected the use of an insecure deserialization library in a Flask route. These libraries are prone to code execution vulnerabilities. Ensure user data does not enter this function. To fix this, try t"
semgrep,python.flask.security.injection.nan-injection.nan-injection,6,"Found user input going directly into typecast for bool(), float(), or complex(). This allows an attacker to inject Python's not-a-number (NaN) into the typecast. This results in undefind behavior, par"
semgrep,python.lang.security.insecure-hash-algorithms.insecure-hash-algorithm-sha1,5,Detected SHA1 hash algorithm which is considered insecure. SHA1 is not collision resistant and is therefore not suitable as a cryptographic signature. Use SHA256 or SHA3 instead.
semgrep,python.lang.security.audit.dangerous-subprocess-use-tainted-env-args.dangerous-subprocess-use-tainted-env-args,5,Detected subprocess function 'Popen' with user controlled data. A malicious actor could leverage this to perform command injection. You may consider using 'shlex.quote()'.
bandit,B318,5,Using xml.dom.minidom.parse to parse untrusted XML data is known to be vulnerable to XML attacks. Replace xml.dom.minidom.parse with its defusedxml equivalent function or make sure defusedxml.defuse_s
pip_audit,CVE-2025-69872,5,diskcache 5.6.3: DiskCache (python-diskcache) through 5.6.3 uses Python pickle for serialization by default. An attacker with write access to the cache directory can achieve arbitrary code execution w
bandit,B501,5,"Call to requests with verify=False disabling SSL certificate checks, security issue."
semgrep,python.requests.security.disabled-cert-validation.disabled-cert-validation,5,Certificate verification has been explicitly disabled. This permits insecure connections to insecure servers. Re-enable certification validation.
semgrep,python.django.security.injection.code.user-exec.user-exec,4,"Found user data in a call to 'exec'. This is extremely dangerous because it can enable an attacker to execute arbitrary remote code on the system. Instead, refactor your code to not use 'eval' and ins"
semgrep,python.flask.security.injection.user-exec.exec-injection,4,Detected user data flowing into exec. This is code injection and should be avoided.
semgrep,python.fastapi.security.wildcard-cors.wildcard-cors,4,CORS policy allows any origin (using wildcard '*'). This is insecure and should be avoided.
pip_audit,PYSEC-2024-153,4,streamlit 1.20.0: Streamlit is a data oriented application development framework for python. Snowflake Streamlit open source addressed a security vulnerability via the static file sharing feature. Use
pip_audit,GHSA-8qw9-gf7w-42x5,4,"streamlit 1.20.0: ### Impact  The initial vulnerability identified in Streamlit apps using custom components, allowing for directory traversal attacks, was addressed in version 1.11.1. However, a mino"
pip_audit,CVE-2026-33682,4,streamlit 1.20.0: # Streamlit Open Source Security Advisory  ## 1. Impacted Products  Streamlit Open Source versions prior to 1.54.0 running on Windows hosts.  ## 2. Introduction  Snowflake Streamlit 
pip_audit,PYSEC-2024-48,4,black 20.8b1: Versions of the package black before 24.3.0 are vulnerable to Regular Expression Denial of Service (ReDoS) via the lines_with_leading_tabs_expanded function in the strings.py file. An at
pip_audit,PYSEC-2023-74,4,"requests 2.25.1: ### Impact  Since Requests v2.3.0, Requests has been vulnerable to potentially leaking `Proxy-Authorization` headers to destination servers, specifically during redirects to an HTTPS "
semgrep,python.lang.security.audit.sha224-hash.sha224-hash,4,"This code uses a 224-bit hash function, which is deprecated or disallowed in some security policies. Consider updating to a stronger hash function such as SHA-384 or higher to ensure compliance and se"
semgrep,typescript.react.security.react-insecure-request.react-insecure-request,4,Unencrypted request over HTTP detected.
semgrep,java.lang.security.audit.xml-decoder.xml-decoder,3,XMLDecoder should not be used to parse untrusted data. Deserializing user input can lead to arbitrary code execution. Use an alternative and explicitly disable external entities. See https://cheatshee
pip_audit,CVE-2021-34141,3,"numpy 1.21.6: Incomplete string comparison in the numpy.core component in NumPy1.9.x, which allows attackers to fail the APIs via constructing specific string objects. (fix: 1.22)"
pip_audit,CVE-2025-4565,3,"protobuf 3.19.6: ### Summary Any project that uses Protobuf pure-Python backend to parse untrusted Protocol Buffers data containing an arbitrary number of **recursive groups**, **recursive messages** "
pip_audit,CVE-2026-0994,3,"protobuf 3.19.6: A denial-of-service (DoS) vulnerability exists in google.protobuf.json_format.ParseDict() in Python, where the max_recursion_depth limit can be bypassed when parsing nested google.pro"
semgrep,python.flask.security.audit.hardcoded-config.avoid_hardcoded_config_DEBUG,3,Hardcoded variable `DEBUG` detected. Set this by using FLASK_DEBUG environment variable
semgrep,python.lang.security.audit.insecure-file-permissions.insecure-file-permissions,3,These permissions `0o0777` are widely permissive and grant access to more people than may be necessary. A good default is `0o644` which gives read and write access to yourself and read access to every
pip_audit,PYSEC-2025-41,2,"torch 1.12.1: # Description I found a Remote Command Execution (RCE) vulnerability in PyTorch. When loading model using torch.load with weights_only=True, it can still achieve RCE.    # Background kno"
pip_audit,MAL-2026-4750,2,fastapi 0.136.3: --- _-= Per source details. Do not edit below this line.=-_  ## Source: amazon-inspector (a753fd569a7bb908b7cdf82fe0228dc0e24dcc253b67993af5dd5c30b61f4411) This release of fastapi 0.1
bandit,B701,2,"By default, jinja2 sets autoescape to False. Consider using autoescape=True or use the select_autoescape function to mitigate XSS vulnerabilities."
semgrep,python.jinja2.security.audit.missing-autoescape-disabled.missing-autoescape-disabled,2,Detected a Jinja2 environment without autoescaping. Jinja2 does not autoescape by default. This is dangerous if you are rendering to a browser because this allows for cross-site scripting (XSS) attack
semgrep,python.flask.security.injection.ssrf-requests.ssrf-requests,2,"Data from request object is passed to a new server-side request. This could lead to a server-side request forgery (SSRF). To mitigate, ensure that schemes and hosts are validated against an allowlist,"
pip_audit,PYSEC-2022-248,2,streamlit 0.73.1: Streamlit is a data oriented application development framework for python. Users hosting Streamlit app(s) that use custom components are vulnerable to a directory traversal attack th
pip_audit,CVE-2025-71176,2,"pytest 6.2.2: pytest through 9.0.2 on UNIX relies on directories with the `/tmp/pytest-of-{user}` name pattern, which allows local users to cause a denial of service or possibly gain privileges. (fix:"
pip_audit,CVE-2026-32274,2,"black 20.8b1: ### Impact  Black writes a cache file, the name of which is computed from various formatting options. The value of the `--python-cell-magics` option was placed in the filename without sa"
pip_audit,CVE-2024-35195,2,"requests 2.25.1: When using a `requests.Session`, if the first request to a given origin is made with `verify=False`, TLS certificate verification may remain disabled for all subsequent requests to th"
pip_audit,CVE-2024-47081,2,"requests 2.25.1: ### Impact  Due to a URL parsing issue, Requests releases prior to 2.32.4 may leak .netrc credentials to third parties for specific maliciously-crafted URLs.  ### Workarounds For olde"
pip_audit,CVE-2026-25645,2,requests 2.25.1: ### Impact The `requests.utils.extract_zipped_paths()` utility function uses a predictable filename when extracting files from zip archives into the system temporary directory. If the
pip_audit,PYSEC-2024-60,2,idna 2.10: ### Impact A specially crafted argument to the `idna.encode()` function could consume significant resources. This may lead to a denial-of-service.  ### Patches The function has been refined
pip_audit,PYSEC-2026-141,2,"urllib3 1.26.20: urllib3 is an HTTP client library for Python. From 1.23 to before 2.7.0, cross-origin redirects followed from the low-level API via ProxyManager.connection_from_url().urlopen(..., ass"
pip_audit,CVE-2025-50181,2,"urllib3 1.26.20: urllib3 handles redirects and retries using the same mechanism, which is controlled by the `Retry` object. The most common way to disable redirects is at the request level, as follows"
pip_audit,CVE-2025-66418,2,"urllib3 1.26.20: ## Impact  urllib3 supports chained HTTP encoding algorithms for response content according to RFC 9110 (e.g., `Content-Encoding: gzip, zstd`).  However, the number of links in the de"
pip_audit,CVE-2025-66471,2,urllib3 1.26.20: ### Impact  urllib3's [streaming API](https://urllib3.readthedocs.io/en/2.5.0/advanced-usage.html#streaming-and-i-o) is designed for the efficient handling of large HTTP responses by 
pip_audit,CVE-2026-21441,2,urllib3 1.26.20: ### Impact  urllib3's [streaming API](https://urllib3.readthedocs.io/en/2.6.2/advanced-usage.html#streaming-and-i-o) is designed for the efficient handling of large HTTP responses by 
pip_audit,PYSEC-2022-42969,2,"py 1.11.0: The py library through 1.11.0 for Python allows remote attackers to conduct a ReDoS (Regular expression Denial of Service) attack via a Subversion repository with crafted info data, because"
pip_audit,PYSEC-2023-237,2,asyncssh 2.8.1: ### Summary  An issue in AsyncSSH v2.14.0 and earlier allows attackers to control the extension info message (RFC 8308) via a man-in-the-middle attack.  ### Details  The rogue extensio
pip_audit,PYSEC-2023-239,2,asyncssh 2.8.1: ### Summary  An issue in AsyncSSH v2.14.0 and earlier allows attackers to control the remote end of an SSH client session via packet injection/removal and shell emulation.  ### Details
semgrep,python.flask.security.audit.app-run-security-config.avoid_using_app_run_directly,2,"top-level app.run(...) is ignored by flask. Consider putting app.run(...) behind a guard, like inside a function"
pip_audit,PYSEC-2021-130,2,jupyterlab 2.1.3: JupyterLab is a user interface for Project Jupyter which will eventually replace the classic Jupyter Notebook. In affected versions untrusted notebook can execute code on load. In pa
semgrep,dockerfile.security.last-user-is-root.last-user-is-root,2,The last user in the container is 'root'. This is a security hazard because if an attacker gains control of the container they will have root access. Switch back to another user after running commands
bandit,B613,2,A Python source file contains bidirectional control characters ('\u200f').
pip_audit,PYSEC-2023-112,2,cryptography 40.0.2: The cryptography package before 41.0.2 for Python mishandles SSH certificates that have critical options. (fix: 41.0.2)
pip_audit,PYSEC-2023-254,2,cryptography 40.0.2: ### Summary  Calling `load_pem_pkcs7_certificates` or `load_der_pkcs7_certificates` could lead to a NULL-pointer dereference and segfault.  ### PoC Here is a Python code that trig
pip_audit,PYSEC-2024-225,2,cryptography 40.0.2: If `pkcs12.serialize_key_and_certificates` is called with both:  1. A certificate whose public key did not match the provided private key 2. An `encryption_algorithm` with `hmac_h
bandit,B302,2,Deserialization with the marshal module is possibly dangerous.
semgrep,python.lang.security.audit.marshal.marshal-usage,2,The marshal module is not intended to be secure against erroneous or maliciously constructed data. Never unmarshal data received from an untrusted or unauthenticated source. See more details: https://
pip_audit,PYSEC-2024-228,2,transformers 4.2.1: Hugging Face Transformers MaskFormer Model Deserialization of Untrusted Data Remote Code Execution Vulnerability. This vulnerability allows remote attackers to execute arbitrary co
pip_audit,PYSEC-2024-227,2,transformers 4.2.1: Hugging Face Transformers MobileViTV2 Deserialization of Untrusted Data Remote Code Execution Vulnerability. This vulnerability allows remote attackers to execute arbitrary code on
pip_audit,PYSEC-2024-229,2,transformers 4.2.1: Hugging Face Transformers Trax Model Deserialization of Untrusted Data Remote Code Execution Vulnerability. This vulnerability allows remote attackers to execute arbitrary code on 
semgrep,python.jwt.security.jwt-hardcode.jwt-python-hardcoded-secret,2,Hardcoded JWT secret or private key is used. This is a Insufficiently Protected Credentials weakness: https://cwe.mitre.org/data/definitions/522.html Consider using an appropriate security mechanism t
semgrep,python.flask.security.audit.directly-returned-format-string.directly-returned-format-string,2,Detected Flask route directly returning a formatted string. This is subject to cross-site scripting if user input can reach the string. Consider using the template engine instead and rendering pages w
semgrep,python.flask.security.unescaped-template-extension.unescaped-template-extension,2,"Flask does not automatically escape Jinja templates unless they have .html, .htm, .xml, or .xhtml extensions. This could lead to XSS attacks. Use .html, .htm, .xml, or .xhtml for your template extensi"
pip_audit,PYSEC-2021-9,1,"django 3.1.3: In Django 2.2 before 2.2.18, 3.0 before 3.0.12, and 3.1 before 3.1.6, the django.utils.archive.extract method (used by ""startapp --template"" and ""startproject --template"") allows directo"
pip_audit,PYSEC-2021-8,1,"django 3.1.3: In Django 2.2 before 2.2.22, 3.1 before 3.1.10, and 3.2 before 3.2.2 (with Python 3.9.5+), URLValidator does not prohibit newlines and tabs (unless the URLField form field is used). If a"
pip_audit,PYSEC-2021-98,1,"django 3.1.3: Django before 2.2.24, 3.x before 3.1.12, and 3.2.x before 3.2.4 has a potential directory traversal via django.contrib.admindocs. Staff members could use the TemplateDetailView view to c"
pip_audit,PYSEC-2021-109,1,"django 3.1.3: Django 3.1.x before 3.1.13 and 3.2.x before 3.2.5 allows QuerySet.order_by SQL injection if order_by is untrusted input from a client of a web application. (fix: 3.1.13, 3.2.5)"
pip_audit,PYSEC-2021-7,1,"django 3.1.3: In Django 2.2 before 2.2.21, 3.1 before 3.1.9, and 3.2 before 3.2.1, MultiPartParser, UploadedFile, and FieldFile allowed directory traversal via uploaded files with suitably crafted fil"
pip_audit,PYSEC-2021-6,1,"django 3.1.3: In Django 2.2 before 2.2.20, 3.0 before 3.0.14, and 3.1 before 3.1.8, MultiPartParser allowed directory traversal via uploaded files with suitably crafted file names. Built-in upload han"
pip_audit,PYSEC-2021-439,1,"django 3.1.3: In Django 2.2 before 2.2.25, 3.1 before 3.1.14, and 3.2 before 3.2.10, HTTP requests for URLs with trailing newlines could bypass upstream access control based on URL paths. (fix: 2.2.25"
pip_audit,PYSEC-2021-99,1,"django 3.1.3: In Django 2.2 before 2.2.24, 3.x before 3.1.12, and 3.2 before 3.2.4, URLValidator, validate_ipv4_address, and validate_ipv46_address do not prohibit leading zero characters in octal lit"
pip_audit,PYSEC-2022-245,1,django 3.1.3: An issue was discovered in the HTTP FileResponse class in Django 3.2 before 3.2.15 and 4.0 before 4.0.7. An application is vulnerable to a reflected file download (RFD) attack that sets 
pip_audit,PYSEC-2025-47,1,"django 3.1.3: An issue was discovered in Django 5.2 before 5.2.2, 5.1 before 5.1.10, and 4.2 before 4.2.22. Internal HTTP response logging does not escape request.path, which allows remote attackers t"
pip_audit,CVE-2024-45231,1,"django 3.1.3: An issue was discovered in Django v5.1.1, v5.0.9, and v4.2.16. The django.contrib.auth.forms.PasswordResetForm class, when used in a view implementing password reset flows, allows remote"
pip_audit,CVE-2025-57833,1,"django 3.1.3: An issue was discovered in Django 4.2 before 4.2.24, 5.1 before 5.1.12, and 5.2 before 5.2.6. FilteredRelation is subject to SQL injection in column aliases, using a suitably crafted dic"
pip_audit,CVE-2025-64458,1,"django 3.1.3: An issue was discovered in 5.1 before 5.1.14, 4.2 before 4.2.26, and 5.2 before 5.2.8. NFKC normalization in Python is slow on Windows. As a consequence, `django.http.HttpResponseRedirec"
pip_audit,CVE-2025-64459,1,"django 3.1.3: An issue was discovered in 5.1 before 5.1.14, 4.2 before 4.2.26, and 5.2 before 5.2.8. The methods `QuerySet.filter()`, `QuerySet.exclude()`, and `QuerySet.get()`, and the class `Q()`, a"
pip_audit,PYSEC-2023-102,1,scipy 1.7.3: A refcounting issue which leads to potential memory leak was discovered in scipy commit 8627df31ab in Py_FindObjects() function. (fix: 1.10.0)
pip_audit,PYSEC-2023-114,1,scipy 1.7.3: ** DISPUTED ** A use-after-free issue was discovered in Py_FindObjects() function in SciPy versions prior to 1.8.0. NOTE: the vendor and discoverer indicate that this is not a security is
pip_audit,PYSEC-2022-43015,1,"torch 1.12.1: In PyTorch before trunk/89695, torch.jit.annotations.parse_type_line can cause arbitrary code execution because eval is used unsafely. (fix: 1.13.1)"
pip_audit,PYSEC-2024-250,1,torch 1.12.1: Pytorch before v2.2.0 has an Out-of-bounds Read vulnerability via the component torch/csrc/jit/mobile/flatbuffer_loader.cpp. (fix: 2.2.0)
pip_audit,PYSEC-2024-251,1,torch 1.12.1: Pytorch before version v2.2.0 was discovered to contain a use-after-free vulnerability in torch/csrc/jit/mobile/interpreter.cpp. (fix: 2.2.0)
pip_audit,PYSEC-2024-252,1,torch 1.12.1: PyTorch before v2.2.0 was discovered to contain a heap buffer overflow vulnerability in the component /runtime/vararg_functions.cpp. This vulnerability allows attackers to cause a Denial
pip_audit,PYSEC-2024-259,1,"torch 1.12.1: In PyTorch <=2.4.1, the RemoteModule has Deserialization RCE. NOTE: this is disputed by multiple parties because this is intended behavior in PyTorch distributed computing. (fix: 2.5.0)"
pip_audit,PYSEC-2025-203,1,torch 1.12.1: An issue in the component torch.linalg.lu of pytorch v2.8.0 allows attackers to cause a Denial of Service (DoS) when performing a slice operation. (fix: 2.9.0)
pip_audit,PYSEC-2025-205,1,torch 1.12.1: A syntax error in the component proxy_tensor.py of pytorch v2.7.0 allows attackers to cause a Denial of Service (DoS). (fix: 2.7.1)
pip_audit,PYSEC-2025-206,1,torch 1.12.1: pytorch v2.8.0 was discovered to contain an integer overflow in the component torch.nan_to_num-.long(). (fix: 2.9.0)
pip_audit,PYSEC-2025-207,1,"torch 1.12.1: A Name Error occurs in pytorch v2.7.0 when a PyTorch model consists of torch.cummin and is compiled by Inductor, leading to a Denial of Service (DoS). (fix: 2.7.1)"
pip_audit,PYSEC-2025-204,1,torch 1.12.1: pytorch v2.8.0 was discovered to display unexpected behavior when the components torch.rot90 and torch.randn_like are used together. (fix: 2.9.0)
pip_audit,PYSEC-2026-139,1,torch 1.12.1: A vulnerability was identified in PyTorch 2.10.0. The affected element is an unknown function of the component pt2 Loading Handler. The manipulation leads to deserialization. The attack 
pip_audit,PYSEC-2025-209,1,torch 1.12.1: An issue in pytorch v2.7.0 can lead to a Denial of Service (DoS) when a PyTorch model consists of torch.Tensor.to_sparse() and torch.Tensor.to_dense() and is compiled by Inductor. (fix: 
pip_audit,PYSEC-2025-208,1,"torch 1.12.1: A buffer overflow occurs in pytorch v2.7.0 when a PyTorch model consists of torch.nn.Conv2d, torch.nn.functional.hardshrink, and torch.Tensor.view-torch.mv() and is compiled by Inductor,"
pip_audit,PYSEC-2025-191,1,"torch 1.12.1: A vulnerability, which was classified as problematic, has been found in PyTorch 2.6.0+cu124. Affected by this issue is the function torch.mkldnn_max_pool2d. The manipulation leads to den"
pip_audit,PYSEC-2025-198,1,"torch 1.12.1: In PyTorch through 2.6.0, when eager is used, nn.PairwiseDistance(p=2) produces incorrect results. (fix: 2.7.0)"
pip_audit,CVE-2025-3730,1,"torch 1.12.1: A vulnerability, which was classified as problematic, was found in PyTorch 2.6.0. Affected is the function torch.nn.functional.ctc_loss of the file aten/src/ATen/native/LossCTC.cpp. The "
pip_audit,CVE-2024-34062,1,"tqdm 4.62.3: ### Impact Any optional non-boolean CLI arguments (e.g. `--delim`, `--buf-size`, `--manpath`) are passed through python's `eval`, allowing arbitrary code execution. Example:  ```sh python"
pip_audit,PYSEC-2023-183,1,opencv-python 4.6.0.66: opencv-python versions before v4.8.1.78 bundled libwebp binaries in wheels that are vulnerable to CVE-2023-4863. opencv-python v4.8.1.78 upgrades the bundled libwebp binary to 
pip_audit,GHSA-qr4w-53vh-m672,1,opencv-python 4.6.0.66: opencv-python versions before v4.8.1.78 bundled libwebp binaries in wheels that are vulnerable to CVE-2023-4863. opencv-python v4.8.1.78 upgrades the bundled libwebp binary to 
pip_audit,CVE-2023-25664,1,"tensorflow 2.10.1: ### Impact ```python import os os.environ['TF_ENABLE_ONEDNN_OPTS'] = '0' import tensorflow as tf print(tf.__version__) with tf.device(""CPU""):     ksize = [1, 40, 128, 1]     strides"
pip_audit,CVE-2023-25659,1,"tensorflow 2.10.1: ### Impact If the parameter `indices` for `DynamicStitch` does not match the shape of the parameter `data`, it can trigger an stack OOB read.  ```python import tensorflow as tf func"
pip_audit,CVE-2023-25676,1,"tensorflow 2.10.1: ### Impact When running with XLA, `tf.raw_ops.ParallelConcat` segfaults with a nullptr dereference when given a parameter `shape` with rank that is not greater than zero.  ```python"
pip_audit,CVE-2023-25660,1,"tensorflow 2.10.1: ### Impact When the parameter `summarize` of `tf.raw_ops.Print` is zero, the new method `SummarizeArray<bool>` will reference to a nullptr, leading to a seg fault.  ```python import"
pip_audit,CVE-2023-25663,1,"tensorflow 2.10.1: ### Impact When ctx->step_containter() is a null ptr, the Lookup function will be executed with a null pointer. ```python import tensorflow as tf tf.raw_ops.TensorArrayConcatV2(hand"
pip_audit,CVE-2023-25668,1,"tensorflow 2.10.1: ### Impact Attackers using Tensorflow can exploit the vulnerability. They can access heap memory which is not in the control of user, leading to a crash or RCE. When axis is larger "
pip_audit,CVE-2023-25674,1,"tensorflow 2.10.1: ### Impact NPE in RandomShuffle with XLA enable  ```python import tensorflow as tf  func = tf.raw_ops.RandomShuffle para = {'value': 1e+20, 'seed': -4294967297, 'seed2': -2147483649"
pip_audit,CVE-2023-25675,1,"tensorflow 2.10.1: ### Impact When running with XLA, `tf.raw_ops.Bincount` segfaults when given a parameter `weights` that is neither the same shape as parameter `arr` nor a length-0 tensor.  ```pytho"
pip_audit,CVE-2023-25670,1,tensorflow 2.10.1: ### Impact NPE in QuantizedMatMulWithBiasAndDequantize with MKL enable  ```python import tensorflow as tf  func = tf.raw_ops.QuantizedMatMulWithBiasAndDequantize para={'a': tf.const
pip_audit,CVE-2023-25672,1,tensorflow 2.10.1: ### Impact The function `tf.raw_ops.LookupTableImportV2` cannot handle scalars in the `values` parameter and gives an NPE.  ```python import tensorflow as tf  v = tf.Variable(1)  @t
pip_audit,CVE-2023-25671,1,tensorflow 2.10.1: ### Impact Out-of-bounds access due to mismatched integer type sizes in ValueMap::Manager::GetValueOrCreatePlaceholder. Bug with tfg-translate call to InitMlir. The problem happens 
pip_audit,CVE-2023-25669,1,"tensorflow 2.10.1: ### Impact If the stride and window size are not positive for `tf.raw_ops.AvgPoolGrad`, it can give an FPE.  ```python import tensorflow as tf import numpy as np  @tf.function(jit_c"
pip_audit,CVE-2023-25662,1,tensorflow 2.10.1: ### Impact TFversion 2.11.0 //tensorflow/core/ops/array_ops.cc:1067 const Tensor* hypothesis_shape_t = c->input_tensor(2); std::vector<DimensionHandle> dims(hypothesis_shape_t->NumE
pip_audit,CVE-2023-25673,1,"tensorflow 2.10.1: ### Impact FPE in TensorListSplit with XLA  ```python import tensorflow as tf  func = tf.raw_ops.TensorListSplit para = {'tensor': [1], 'element_shape': -1, 'lengths': [0]}  @tf.fun"
pip_audit,CVE-2023-25658,1,"tensorflow 2.10.1: ### Impact Out of bounds read in GRUBlockCellGrad ```python func = tf.raw_ops.GRUBlockCellGrad  para = {'x': [[21.1, 156.2], [83.3, 115.4]], 'h_prev': array([[136.5],       [136.6]]"
pip_audit,CVE-2023-27579,1,tensorflow 2.10.1: ### Impact Constructing a tflite model with a paramater `filter_input_channel` of less than 1 gives a FPE.   ### Patches We have patched the issue in GitHub commit [34f8368c535253f5
pip_audit,CVE-2023-25666,1,"tensorflow 2.10.1: ### Impact version:2.11.0 //core/ops/audio_ops.cc:70  Status SpectrogramShapeFn(InferenceContext* c) { ShapeHandle input; TF_RETURN_IF_ERROR(c->WithRank(c->input(0), 2, &input)); in"
pip_audit,CVE-2023-25665,1,"tensorflow 2.10.1: ### Impact When `SparseSparseMaximum` is given invalid sparse tensors as inputs, it can give an NPE.   ```python import tensorflow as tf tf.raw_ops.SparseSparseMaximum(  a_indices=["
pip_audit,CVE-2023-25801,1,"tensorflow 2.10.1: ### Impact `nn_ops.fractional_avg_pool_v2` and `nn_ops.fractional_max_pool_v2` require the first and fourth elements of their parameter `pooling_ratio` to be equal to 1.0, as poolin"
pip_audit,CVE-2023-25667,1,"tensorflow 2.10.1: ### Impact Integer overflow occurs when 2^31 <= num_frames * height * width * channels < 2^32, for example Full HD screencast of at least 346 frames. ```python import urllib.request"
pip_audit,CVE-2023-25661,1,"tensorflow 2.10.1: ### Impact A malicious invalid input crashes a tensorflow model (Check Failed) and can be used to trigger a denial of service attack. To minimize the bug, we built a simple single-l"
pip_audit,PYSEC-2022-42980,1,pillow 9.2.0: Pillow before 9.3.0 allows denial of service via SAMPLESPERPIXEL. (fix: 9.3.0)
pip_audit,PYSEC-2023-175,1,pillow 9.2.0: Pillow versions before v10.0.1 bundled libwebp binaries in wheels that are vulnerable to CVE-2023-5129 (previously CVE-2023-4863). Pillow v10.0.1 upgrades the bundled libwebp binary to v
pip_audit,PYSEC-2023-227,1,"pillow 9.2.0: An issue was discovered in Pillow before 10.0.0. It is a Denial of Service that uncontrollably allocates memory to process a given task, potentially causing a service to crash by having "
pip_audit,OSV-2022-715,1,pillow 9.2.0: OSS-Fuzz report: https://bugs.chromium.org/p/oss-fuzz/issues/detail?id=50217 https://pillow.readthedocs.io/en/stable/releasenotes/9.3.0.html#decode-jpeg-compressed-blp1-data-in-original-
pip_audit,OSV-2022-1074,1,pillow 9.2.0: OSS-Fuzz report: https://bugs.chromium.org/p/oss-fuzz/issues/detail?id=52587  ``` Crash type: Invalid-free Crash state: _dealloc _Py_DECREF frame_dealloc ``` (fix: no fix listed)
pip_audit,CVE-2023-50447,1,"pillow 9.2.0: Pillow through 10.1.0 allows PIL.ImageMath.eval Arbitrary Code Execution via the environment parameter, a different vulnerability than CVE-2022-22817 (which was about the expression para"
pip_audit,CVE-2023-4863,1,pillow 9.2.0: Heap buffer overflow in libwebp allow a remote attacker to perform an out of bounds memory write via a crafted HTML page. (fix: 10.0.1)
pip_audit,CVE-2024-28219,1,"pillow 9.2.0: In _imagingcms.c in Pillow before 10.3.0, a buffer overflow exists because strcpy is used instead of strncpy. (fix: 10.3.0)"
pip_audit,CVE-2026-42308,1,"pillow 9.2.0: If a font advances for each glyph by an exceeding large amount, when Pillow keeps track of the current position, it may lead to an integer overflow. This has been fixed. (fix: 12.2.0)"
pip_audit,CVE-2026-42310,1,"pillow 9.2.0: ### Impact An attacker can supply a malicious PDF that causes the process to hang indefinitely, consuming 100% CPU and making the application unresponsive.  ### Patches Patched version: "
pip_audit,PYSEC-2025-121,1,keras 2.10.0: An issue in keras 3.7.0 allows attackers to write arbitrary files to the user's machine via downloading a crafted tar file through the get_file function. (fix: no fix listed)
pip_audit,CVE-2025-9906,1,"keras 2.10.0: ### Arbitrary Code Execution in Keras  Keras versions prior to 3.11.0 allow for arbitrary code execution when loading a crafted `.keras` model archive, even when `safe_mode=True`.  The i"
pip_audit,CVE-2025-12058,1,"keras 2.10.0: The Keras.Model.load_model method, including when executed with the intended security mitigation safe_mode=True, is vulnerable to arbitrary local file loading and Server-Side Request For"
pip_audit,CVE-2025-12060,1,keras 2.10.0: ## Summary  Keras's `keras.utils.get_file()` function is vulnerable to directory traversal attacks despite implementing `filter_safe_paths()`. The vulnerability exists because `extract_a
pip_audit,CVE-2026-1462,1,"keras 2.10.0: A vulnerability in the `TFSMLayer` class of the `keras` package, version 3.13.0, allows attacker-controlled TensorFlow SavedModels to be loaded during deserialization of `.keras` models,"
bandit,B402,1,A FTP-related module is being imported.  FTP is considered insecure. Use SSH/SFTP/SCP or some other encrypted protocol.
bandit,B321,1,FTP-related functions are being called. FTP is considered insecure. Use SSH/SFTP/SCP or some other encrypted protocol.
bandit,B323,1,"By default, Python will create a secure, verified ssl context for use in such classes as HTTPSConnection. However, it still allows using an insecure context via the _create_unverified_context that  re"
semgrep,python.lang.security.unverified-ssl-context.unverified-ssl-context,1,Unverified SSL context detected. This will permit insecure connections without verifying SSL certificates. Use 'ssl.create_default_context' instead.
semgrep,python.lang.security.audit.httpsconnection-detected.httpsconnection-detected,1,"The HTTPSConnection API has changed frequently with minor releases of Python. Ensure you are using the API for your version of Python securely. For example, Python 3 versions prior to 3.4.3 will not v"
bandit,B313,1,Using xml.etree.cElementTree.fromstring to parse untrusted XML data is known to be vulnerable to XML attacks. Replace xml.etree.cElementTree.fromstring with its defusedxml equivalent function or make 
pip_audit,PYSEC-2023-50,1,"streamlit 0.73.1: Streamlit, software for turning data scripts into web applications, had a cross-site scripting (XSS) vulnerability in versions 0.63.0 through 0.80.0. Users of hosted Streamlit app(s)"
semgrep,python.lang.security.audit.dangerous-os-exec-tainted-env-args.dangerous-os-exec-tainted-env-args,1,Found user controlled content when spawning a process. This is dangerous because it allows a malicious actor to execute commands.
pip_audit,PYSEC-2022-288,1,joblib 1.1.1: The package joblib from 0 and before 1.2.0 are vulnerable to Arbitrary Code Execution via the pre_dispatch flag in Parallel() class due to the eval() statement. (fix: 1.2.0)
pip_audit,PYSEC-2024-277,1,joblib 1.1.1: joblib v1.4.2 was discovered to contain a deserialization vulnerability via the component joblib.numpy_pickle::NumpyArrayWrapper().read_array(). NOTE: this is disputed by the supplier be
pip_audit,CVE-2026-45409,1,"idna 2.10: This is the same issue as CVE-2024-3651, however the original remediation in 2024 was not a complete fix. Payloads such as `""\u0660"" * N` or `""\u30fb"" * N + ""\u6f22""` utilize the `valid_con"
pip_audit,PYSEC-2023-62,1,"flask 2.0.3: Flask is a lightweight WSGI web application framework. When all of the following conditions are met, a response containing data intended for one client may be cached and subsequently sent"
pip_audit,CVE-2026-27205,1,"flask 2.0.3: When the `session` object is accessed, Flask should set the `Vary: Cookie` header. This instructs caches not to cache the response, as it may contain information specific to a logged in u"
pip_audit,CVE-2024-1135,1,"gunicorn 20.1.0: Gunicorn fails to properly validate Transfer-Encoding headers, leading to HTTP Request Smuggling (HRS) vulnerabilities. By crafting requests with conflicting Transfer-Encoding headers"
pip_audit,CVE-2024-6827,1,"gunicorn 20.1.0: Gunicorn version 21.2.0 does not properly validate the value of the 'Transfer-Encoding' header as specified in the RFC standards, which leads to the default fallback method of 'Conten"
pip_audit,GHSA-hfmc-7525-mj55,1,"asyncssh 2.8.1: ### Summary  AsyncSSH v2.14.1 and earlier is vulnerable to a novel prefix truncation attack (a.k.a. Terrapin attack), which allows a man-in-the-middle attacker to strip an arbitrary nu"
semgrep,python.flask.security.xss.audit.template-autoescape-off.template-autoescape-off,1,"Detected a segment of a Flask template where autoescaping is explicitly disabled with '{% autoescape off %}'. This allows rendering of raw HTML in this segment. Ensure no user data is rendered here, o"
bandit,B103,1,Chmod setting a permissive mask 0o777 on file (dest).
pip_audit,CVE-2024-22421,1,jupyterlab 2.1.3: ### Impact Users of JupyterLab who click on a malicious link may get their `Authorization` and `XSRFToken` tokens exposed to a third party when running an older `jupyter-server` vers
pip_audit,CVE-2025-59842,1,jupyterlab 2.1.3: Links generated with LaTeX typesetters in Markdown files and Markdown cells in JupyterLab and Jupyter Notebook did not include the `noopener` attribute.  This is deemed to have no im
pip_audit,CVE-2026-42557,1,"jupyterlab 2.1.3: JupyterLab's HTML sanitizer allowlists `data-commandlinker-command` and `data-commandlinker-args` on `button` elements, while `CommandLinker` listens for all click events on `documen"
pip_audit,PYSEC-2024-231,1,lightgbm 3.3.3: LightGBM Remote Code Execution Vulnerability (fix: 4.6.0)
pip_audit,CVE-2026-28684,1,"python-dotenv 0.21.0: ### Summary  `set_key()` and `unset_key()` in python-dotenv follow symbolic links when rewriting `.env` files, allowing a local attacker to overwrite arbitrary files via a crafte"
pip_audit,PYSEC-2026-35,1,"cryptography 40.0.2: cryptography is a package designed to expose cryptographic primitives and recipes to Python developers. Prior to version 46.0.6, DNS name constraints were only validated against S"
pip_audit,GHSA-5cpq-8wj7-hf2v,1,cryptography 40.0.2: pyca/cryptography's wheels include a statically linked copy of OpenSSL. The versions of OpenSSL included in cryptography 0.5-40.0.2 are vulnerable to a security issue. More detail
pip_audit,GHSA-jm77-qphf-c4w8,1,cryptography 40.0.2: pyca/cryptography's wheels include a statically linked copy of OpenSSL. The versions of OpenSSL included in cryptography 0.8-41.0.2 are vulnerable to several security issues. More
pip_audit,CVE-2023-50782,1,"cryptography 40.0.2: A flaw was found in the python-cryptography package. This issue may allow a remote attacker to decrypt captured messages in TLS servers that use RSA key exchanges, which may lead "
pip_audit,GHSA-v8gr-m533-ghj9,1,cryptography 40.0.2: pyca/cryptography's wheels include a statically linked copy of OpenSSL. The versions of OpenSSL included in cryptography 2.5-41.0.3 are vulnerable to several security issues. More
pip_audit,CVE-2024-0727,1,cryptography 40.0.2: Issue summary: Processing a maliciously formatted PKCS12 file may lead OpenSSL to crash leading to a potential Denial of Service attack  Impact summary: Applications loading files
pip_audit,GHSA-h4gh-qq45-vh27,1,cryptography 40.0.2: pyca/cryptography's wheels include a statically linked copy of OpenSSL. The versions of OpenSSL included in cryptography 37.0.0-43.0.0 are vulnerable to a security issue. More det
pip_audit,CVE-2026-26007,1,"cryptography 40.0.2: ## Vulnerability Summary  The `public_key_from_numbers` (or `EllipticCurvePublicNumbers.public_key()`), `EllipticCurvePublicNumbers.public_key()`, `load_der_public_key()` and `loa"
pip_audit,CVE-2023-48795,1,"paramiko 2.12.0: ### Summary  Terrapin is a prefix truncation attack targeting the SSH protocol. More precisely, Terrapin breaks the integrity of SSH's secure channel. By carefully adjusting the seque"
pip_audit,CVE-2026-44405,1,"paramiko 2.12.0: In Paramiko through 4.0.0 before a448945, rsakey.py allows the SHA-1 algorithm. (fix: no fix listed)"
pip_audit,CVE-2024-36039,1,pymysql 1.0.3: PyMySQL through 1.1.0 allows SQL injection if used with untrusted JSON input because keys are not escaped by `escape_dict`. (fix: 1.1.1)
pip_audit,CVE-2025-69277,1,"pynacl 1.5.0: libsodium before ad3004e, in atypical use cases involving certain custom cryptography or untrusted data to crypto_core_ed25519_is_valid_point, mishandles checks for whether an elliptic c"
pip_audit,CVE-2026-27448,1,"pyopenssl 23.2.0: If a user provided callback to `set_tlsext_servername_callback` raised an unhandled exception, this would result in a connection being accepted. If a user was relying on this callbac"
pip_audit,CVE-2026-27459,1,"pyopenssl 23.2.0: If a user provided callback to `set_cookie_generate_callback` returned a cookie value greater than 256 bytes, pyOpenSSL would overflow an OpenSSL provided buffer.  Cookie values that"
pip_audit,CVE-2026-24049,1,wheel 0.45.1: ### Summary  - **Vulnerability Type:** Path Traversal (CWE-22) leading to Arbitrary File Permission Modification.    - **Root Cause Component:** wheel.cli.unpack.unpack function.    - **
semgrep,python.django.security.audit.unvalidated-password.unvalidated-password,1,The password on 'keyring' is being set without validating the password. Call django.contrib.auth.password_validation.validate_password() with validation functions before setting the password. See http
semgrep,python.lang.security.audit.ssl-wrap-socket-is-deprecated.ssl-wrap-socket-is-deprecated,1,"'ssl.wrap_socket()' is deprecated. This function creates an insecure socket without server name indication or hostname matching. Instead, create an SSL context using 'ssl.SSLContext()' and use that to"
pip_audit,PYSEC-2025-217,1,transformers 4.2.1: Hugging Face Transformers X-CLIP Checkpoint Conversion Deserialization of Untrusted Data Remote Code Execution Vulnerability. This vulnerability allows remote attackers to execute 
pip_audit,PYSEC-2023-301,1,transformers 4.2.1: Deserialization of Untrusted Data in GitHub repository huggingface/transformers prior to 4.36. (fix: 4.36.0)
pip_audit,PYSEC-2023-299,1,transformers 4.2.1: Insecure Temporary File in GitHub repository huggingface/transformers prior to 4.30.0. (fix: 4.30.0)
pip_audit,PYSEC-2023-300,1,transformers 4.2.1: Deserialization of Untrusted Data in GitHub repository huggingface/transformers prior to 4.36. (fix: 4.36.0)
pip_audit,PYSEC-2025-40,1,transformers 4.2.1: A vulnerability in the `preprocess_string()` function of the `transformers.testing_utils` module in huggingface/transformers version v4.48.3 allows for a Regular Expression Denial 
pip_audit,PYSEC-2025-214,1,transformers 4.2.1: Hugging Face Transformers SEW convert_config Code Injection Remote Code Execution Vulnerability. This vulnerability allows remote attackers to execute arbitrary code on affected in
pip_audit,PYSEC-2025-218,1,transformers 4.2.1: Hugging Face Transformers GLM4 Deserialization of Untrusted Data Remote Code Execution Vulnerability. This vulnerability allows remote attackers to execute arbitrary code on affect
pip_audit,PYSEC-2025-211,1,transformers 4.2.1: Hugging Face Transformers Perceiver Model Deserialization of Untrusted Data Remote Code Execution Vulnerability. This vulnerability allows remote attackers to execute arbitrary cod
pip_audit,PYSEC-2025-212,1,transformers 4.2.1: Hugging Face Transformers Transformer-XL Model Deserialization of Untrusted Data Remote Code Execution Vulnerability. This vulnerability allows remote attackers to execute arbitrar
pip_audit,PYSEC-2025-213,1,transformers 4.2.1: Hugging Face Transformers megatron_gpt2 Deserialization of Untrusted Data Remote Code Execution Vulnerability. This vulnerability allows remote attackers to execute arbitrary code 
pip_audit,PYSEC-2025-215,1,transformers 4.2.1: Hugging Face Transformers SEW-D convert_config Code Injection Remote Code Execution Vulnerability. This vulnerability allows remote attackers to execute arbitrary code on affected 
pip_audit,PYSEC-2025-216,1,transformers 4.2.1: Hugging Face Transformers HuBERT convert_config Code Injection Remote Code Execution Vulnerability. This vulnerability allows remote attackers to execute arbitrary code on affected
pip_audit,CVE-2024-3568,1,transformers 4.2.1: The huggingface/transformers library is vulnerable to arbitrary code execution through deserialization of untrusted data within the `load_repo_checkpoint()` function of the `TFPreT
pip_audit,CVE-2024-12720,1,"transformers 4.2.1: A Regular Expression Denial of Service (ReDoS) vulnerability was identified in the huggingface/transformers library, specifically in the file tokenization_nougat_fast.py. The vulne"
pip_audit,CVE-2025-1194,1,"transformers 4.2.1: A Regular Expression Denial of Service (ReDoS) vulnerability was identified in the huggingface/transformers library, specifically in the file `tokenization_gpt_neox_japanese.py` of"
pip_audit,CVE-2025-3263,1,"transformers 4.2.1: A Regular Expression Denial of Service (ReDoS) vulnerability was discovered in the Hugging Face Transformers library, specifically in the `get_configuration_file()` function within"
pip_audit,CVE-2025-3264,1,"transformers 4.2.1: A Regular Expression Denial of Service (ReDoS) vulnerability was discovered in the Hugging Face Transformers library, specifically in the `get_imports()` function within `dynamic_m"
pip_audit,CVE-2025-3777,1,transformers 4.2.1: Hugging Face Transformers versions up to 4.49.0 are affected by an improper input validation vulnerability in the `image_utils.py` file. The vulnerability arises from insecure URL 
pip_audit,CVE-2025-3933,1,"transformers 4.2.1: A Regular Expression Denial of Service (ReDoS) vulnerability was discovered in the Hugging Face Transformers library, specifically within the DonutProcessor class's `token2json()` "
pip_audit,CVE-2025-5197,1,"transformers 4.2.1: A Regular Expression Denial of Service (ReDoS) vulnerability exists in the Hugging Face Transformers library, specifically in the `convert_tf_weight_name_to_pt_weight_name()` funct"
pip_audit,CVE-2025-6638,1,"transformers 4.2.1: A Regular Expression Denial of Service (ReDoS) vulnerability was discovered in the Hugging Face Transformers library, specifically affecting the MarianTokenizer's `remove_language_"
pip_audit,CVE-2025-6051,1,"transformers 4.2.1: A Regular Expression Denial of Service (ReDoS) vulnerability was discovered in the Hugging Face Transformers library, specifically within the `normalize_numbers()` method of the `E"
pip_audit,CVE-2025-6921,1,"transformers 4.2.1: The huggingface/transformers library, versions prior to 4.53.0, is vulnerable to Regular Expression Denial of Service (ReDoS) in the AdamWeightDecay optimizer. The vulnerability ar"
pip_audit,CVE-2026-1839,1,"transformers 4.2.1: A vulnerability in the HuggingFace Transformers library, specifically in the `Trainer` class, allows for arbitrary code execution. The `_load_rng_state()` method in `src/transforme"
pip_audit,CVE-2024-37062,1,"ydata-profiling 4.6.0: Deserialization of untrusted data can occur in versions 3.7.0 or newer of Ydata's ydata-profiling open-source library, enabling a malicously crafted report to run arbitrary code"
pip_audit,CVE-2024-37063,1,ydata-profiling 4.6.0: A cross-site scripting (XSS) vulnerability in versions 3.7.0 or newer of Ydata's ydata-profiling open-source library allows for payloads to be run when a maliocusly crafted repo
pip_audit,CVE-2024-37064,1,"ydata-profiling 4.6.0: Deseriliazation of untrusted data can occur in versions 3.7.0 or newer of Ydata's ydata-profiling open-source library, enabling a maliciously crafted dataset to run arbitrary co"
bandit,B411,1,Using FastUnmarshaller to parse untrusted XML data is known to be vulnerable to XML attacks. Use defusedxml.xmlrpc.monkey_patch() function to monkey-patch xmlrpclib and mitigate XML vulnerabilities.
semgrep,python.lang.security.use-defused-xmlrpc.use-defused-xmlrpc,1,Detected use of xmlrpc. xmlrpc is not inherently safe from vulnerabilities. Use defusedxml.xmlrpc instead.
bandit,B507,1,Paramiko call with policy set to automatically trust the unknown host key.
bandit,B601,1,"Possible shell injection via Paramiko call, check inputs are properly sanitized."
semgrep,python.flask.security.injection.csv-writer-injection.csv-writer-injection,1,"Detected user input into a generated CSV file using the built-in `csv` module. If user data is used to generate the data in this file, it is possible that an attacker could inject a formula when the C"
semgrep,python.flask.security.injection.raw-html-concat.raw-html-format,1,Detected user input flowing into a manually constructed HTML string. You may be accidentally bypassing secure methods of rendering HTML by manually constructing HTML and this could create a cross-site
semgrep,python.flask.security.audit.hardcoded-config.avoid_hardcoded_config_SECRET_KEY,1,Hardcoded variable `SECRET_KEY` detected. Use environment variables or config files instead
