repo,status,duration_s,tools_run,tools_failed,total_findings,high_findings,medium_findings,reachable_findings,unreachable_findings,detail
https://github.com/glev1/credit-service,ok,26.3,bandit;semgrep;pip_audit;modelscan,,25,1,24,24,1,
https://github.com/zhouqibing0000m/saif-mahmudd,ok,15.3,bandit;semgrep;pip_audit;modelscan,,8,0,8,6,2,
https://github.com/hagairavid18/OCT_project,ok,5.3,bandit;semgrep;pip_audit;modelscan,,20,0,20,0,20,
https://github.com/ChristianDjurhuus/mlops_g27,ok,14.8,bandit;semgrep;pip_audit;modelscan,,27,0,27,3,24,
https://github.com/songwan/HTPPs,ok,5.4,bandit;semgrep;pip_audit;modelscan,,8,2,6,8,0,
https://github.com/hailuteju/deploying-ml-model,ok,33.7,bandit;semgrep;pip_audit;modelscan,,45,0,45,37,8,
https://github.com/keyjhk/ABSA,ok,20.9,bandit;semgrep;pip_audit;modelscan,,24,0,24,14,10,
https://github.com/vita-epfl/looking,ok,607.7,bandit;semgrep;pip_audit;modelscan,,72,15,57,9,63,
https://github.com/Youcef9797/CNN,ok,17.3,bandit;semgrep;pip_audit;modelscan,,3,0,3,2,1,
https://github.com/timfronteau/SAMproject,ok,35.5,bandit;semgrep;pip_audit;modelscan,,15,0,15,4,11,
https://github.com/Supreeth-Shetty/Projectathon---Simplified-AI,ok,608.8,bandit;semgrep;pip_audit;modelscan,,152,14,138,94,58,
https://github.com/uoo723/PMGT,ok,13.7,bandit;semgrep;pip_audit;modelscan,,4,0,4,4,0,
https://github.com/ankitsharma6652/Scania-Truck-Failures,ok,44.2,bandit;semgrep;pip_audit;modelscan,,23,0,23,23,0,
https://github.com/vcsrot/Project03_MLOps,ok,15.8,bandit;semgrep;pip_audit;modelscan,,11,0,11,10,1,
https://github.com/jasma-balasangameshwara/Publish-an-ML-on-Heroku-with-FastAPI,ok,25.3,bandit;semgrep;pip_audit;modelscan,,3,0,3,2,1,
https://github.com/CS-433/ml-project-2-abs,ok,606.4,bandit;semgrep;pip_audit;modelscan,,1,0,1,1,0,
https://github.com/boostcampaitech2/final-project-level3-nlp-12,ok,606.0,bandit;semgrep;pip_audit;modelscan,,46,0,45,10,36,
https://github.com/leouchoa/deploy_bureau_census_classifier_with_fastAPI,ok,23.2,bandit;semgrep;pip_audit;modelscan,,22,0,22,16,6,
https://github.com/rgwoodiii/heroku_api,ok,20.5,bandit;semgrep;pip_audit;modelscan,,12,0,12,11,1,
https://github.com/KasperSkytte/ASMC-prediction,ok,13.5,bandit;semgrep;pip_audit;modelscan,,7,7,0,7,0,
https://github.com/kaist-dmlab/Time-CAD,ok,22.8,bandit;semgrep;pip_audit;modelscan,,13,3,10,2,11,
https://github.com/LemengDai/Final_Project,ok,15.3,bandit;semgrep;pip_audit;modelscan,,1,0,1,1,0,
https://github.com/jhammarstedt/SLN-on-Sound,ok,33.8,bandit;semgrep;pip_audit;modelscan,,8,3,5,5,3,
https://github.com/zhaoyanpeng/vipant,ok,19.1,bandit;semgrep;pip_audit;modelscan,,28,0,28,28,0,
https://github.com/happyfuntimegroup/machinelearning,ok,16.6,bandit;semgrep;pip_audit;modelscan,,6,0,6,4,2,
https://github.com/A-F-V/XAI-Cancer-Diagnosis,ok,28.2,bandit;semgrep;pip_audit;modelscan,,105,0,105,15,90,
https://github.com/Larkinnjm1/GLCM_svm_model,ok,21.8,bandit;semgrep;pip_audit;modelscan,,0,0,0,0,0,
https://github.com/mandiehyewon/goodviews_ecg,ok,14.5,bandit;semgrep;pip_audit;modelscan,,4,0,4,2,2,
https://github.com/spyroot/shapenet,ok,23.7,bandit;semgrep;pip_audit;modelscan,,10,0,10,10,0,
https://github.com/PanyiDong/My_AutoML,ok,22.5,bandit;semgrep;pip_audit;modelscan,,39,0,39,11,28,
https://github.com/ITU-AI-ML-in-5G-Challenge/fedipc-spatial-reuse,ok,21.6,bandit;semgrep;pip_audit;modelscan,,20,0,20,14,6,
https://github.com/kolxy/cyber-security-analysis,ok,604.9,bandit;semgrep;pip_audit;modelscan,,0,0,0,0,0,
https://github.com/Shaza-Is/Re-IDOL,ok,17.5,bandit;semgrep;pip_audit;modelscan,,2,2,0,2,0,
https://github.com/ptigas/geoeffectivenet,ok,607.6,bandit;semgrep;pip_audit;modelscan,,19,0,19,10,9,
https://github.com/hansen1416/football-prediction,ok,62.2,bandit;semgrep;pip_audit;modelscan,,1,0,1,0,1,
https://github.com/Simplified-Artificial-Intelligence/SimplifiedAI,ok,608.5,bandit;semgrep;pip_audit;modelscan,,152,14,138,94,58,
https://github.com/bgauzere/deep-ged,ok,22.7,bandit;semgrep;pip_audit;modelscan,,35,0,35,1,34,
https://github.com/joren015/MercariProject,ok,19.8,bandit;semgrep;pip_audit;modelscan,,16,0,16,16,0,
https://github.com/ThatOneGoat/sidewalk-cv-2021,ok,17.7,bandit;semgrep;pip_audit;modelscan,,12,2,10,4,8,
https://github.com/juneskiafc/bert-probing,ok,16.7,bandit;semgrep;pip_audit;modelscan,,93,8,85,14,79,
https://github.com/simonamtoft/generative-convergence,ok,18.2,bandit;semgrep;pip_audit;modelscan,,0,0,0,0,0,
https://github.com/gaylordmarville/MLDOPS-P4,ok,15.7,bandit;semgrep;pip_audit;modelscan,,16,0,16,15,1,
https://github.com/navidstuv/self_path,ok,18.3,bandit;semgrep;pip_audit;modelscan,,17,0,17,15,2,
https://github.com/georgii-nigm/Improvements-to-ML-algorithms,ok,17.5,bandit;semgrep;pip_audit;modelscan,,0,0,0,0,0,
https://github.com/z404/reviewzon-backend,ok,42.1,bandit;semgrep;pip_audit;modelscan,,13,0,13,13,0,
https://github.com/boostcampaitech2/klue-level2-nlp-04,ok,17.4,bandit;semgrep;pip_audit;modelscan,,19,0,19,12,7,
https://github.com/NouamaneTazi/ml_project_example,ok,607.2,bandit;semgrep;pip_audit;modelscan,,0,0,0,0,0,
https://github.com/apoorvjha/SmokeFireDetection,ok,610.5,bandit;semgrep;pip_audit;modelscan,,2,1,1,0,2,
https://github.com/DavidMachajewski/fer_fmpn_pytorch,ok,606.7,bandit;semgrep;pip_audit;modelscan,,44,0,44,34,10,
https://github.com/diascarolina/project-insurance-forecast,ok,4.6,bandit;semgrep;pip_audit;modelscan,,10,1,9,1,9,
https://github.com/Zukang-Liao/ML4ML-invariance-testing,ok,19.0,bandit;semgrep;pip_audit;modelscan,,9,0,9,1,8,
https://github.com/nikmall/MTT-Sentiment-Classification,ok,13.2,bandit;semgrep;pip_audit;modelscan,,6,0,6,6,0,
https://github.com/sethusaim/Wafer-Fault-Prediction-using-MlFlow,ok,19.3,bandit;semgrep;pip_audit;modelscan,,4,0,4,4,0,
https://github.com/paras2612/CauseBox,ok,20.5,bandit;semgrep;pip_audit;modelscan,,117,8,109,61,56,
https://github.com/YefanZhou/dispersion-score,ok,15.6,bandit;semgrep;pip_audit;modelscan,,60,24,36,20,40,
https://github.com/linhlt-it-ee/wiki_builder,ok,23.4,bandit;semgrep;pip_audit;modelscan,,5,0,5,5,0,
https://github.com/DFKI-SignLanguage/EASIER-EkmanClassifier,ok,22.7,bandit;semgrep;pip_audit;modelscan,,70,1,69,65,5,
https://github.com/wenqi006/SlideGraph,ok,13.4,bandit;semgrep;pip_audit;modelscan,,6,0,6,5,1,
https://github.com/StevRamos/video_summarization,ok,14.0,bandit;semgrep;pip_audit;modelscan,,23,0,23,23,0,
https://github.com/esvs2202/Concrete-Compressive-Strength-Prediction,ok,605.2,bandit;semgrep;pip_audit;modelscan,,3,1,2,0,3,
https://github.com/rurusasu/OrigNet,ok,23.2,bandit;semgrep;pip_audit;modelscan,,7,5,2,7,0,
https://github.com/binaybehera/test-model,ok,14.6,bandit;semgrep;pip_audit;modelscan,,6,0,6,6,0,
https://github.com/Alok589/thesis_project,ok,13.8,bandit;semgrep;pip_audit;modelscan,,10,0,10,1,9,
https://github.com/kangzh015/zhongguoyikeda,ok,19.8,bandit;semgrep;pip_audit;modelscan,,64,5,59,22,42,
https://github.com/flowerpot-ai/stabilizer,ok,13.0,bandit;semgrep;pip_audit;modelscan,,4,0,4,2,2,
https://github.com/soni-ratnesh/Deploying-a-Machine-Learning-Model-on-Heroku-with-FastAPI,ok,604.5,bandit;semgrep;pip_audit;modelscan,,3,0,3,1,2,
https://github.com/IAbda/FORESEE_ETHZ,ok,40.5,bandit;semgrep;pip_audit;modelscan,,6,0,6,2,4,
https://github.com/TCC-joaorobson-ViniciusBernardo/backend,ok,1259.8,bandit;semgrep;pip_audit;modelscan,,5,0,5,4,1,
https://github.com/LerysG/Project_7_OC_dashboard,ok,607.9,bandit;semgrep;pip_audit;modelscan,,3,0,3,3,0,
https://github.com/Baukmeister/stefanos_angels,ok,604.7,bandit;semgrep;pip_audit;modelscan,,0,0,0,0,0,
https://github.com/jeetv/GMVD,ok,605.6,bandit;semgrep;pip_audit;modelscan,,10,6,4,5,5,
https://github.com/adeshkin/road_segment,ok,25.6,bandit;semgrep;pip_audit;modelscan,,2,0,2,2,0,
https://github.com/christinalchang/take-a-hike,ok,18.3,bandit;semgrep;pip_audit;modelscan,,9,0,9,5,4,
https://github.com/khalld/trashbin-classifier,ok,16.6,bandit;semgrep;pip_audit;modelscan,,4,0,4,4,0,
https://github.com/anonymous-nips2021/ASRGLUE,ok,5.5,bandit;semgrep;pip_audit;modelscan,,25,2,23,6,19,
https://github.com/uhh-lt/neural-coref,ok,18.8,bandit;semgrep;pip_audit;modelscan,,18,0,18,7,11,
https://github.com/fundsan/census_project,ok,24.0,bandit;semgrep;pip_audit;modelscan,,41,0,41,13,28,
https://github.com/lamartine-sl/census-app-mlops,ok,604.5,bandit;semgrep;pip_audit;modelscan,,17,0,16,6,11,
https://github.com/JeffWang0325/Image-Identification-for-Self-Driving-Cars,ok,15.7,bandit;semgrep;pip_audit;modelscan,,51,24,27,40,11,
https://github.com/LuciaHrovatin/AML-3D_object_classification,ok,22.3,bandit;semgrep;pip_audit;modelscan,,5,0,5,5,0,
https://github.com/ChelseaGuan/Improving-Phishing-Detection-Models,ok,606.4,bandit;semgrep;pip_audit;modelscan,,62,11,48,42,20,
https://github.com/f-castellanos/lbp-pyramid,ok,609.3,bandit;semgrep;pip_audit;modelscan,,20,0,20,16,4,
https://github.com/alekseyen/ScoringWebServer,ok,13.1,bandit;semgrep;pip_audit;modelscan,,6,2,4,2,4,
https://github.com/waterwheel31/scalableMLpipeline,ok,15.1,bandit;semgrep;pip_audit;modelscan,,11,0,11,10,1,
https://github.com/hiimmuc/Speaker-verification-pytorch,ok,23.7,bandit;semgrep;pip_audit;modelscan,,64,30,32,11,53,
https://github.com/peymanrasouli/CARE,ok,33.8,bandit;semgrep;pip_audit;modelscan,,14,0,12,2,12,
https://github.com/gsq7474741/Paddle-NCR,ok,14.2,bandit;semgrep;pip_audit;modelscan,,14,0,14,14,0,
https://github.com/eduard357/car-price-estimation,ok,14.0,bandit;semgrep;pip_audit;modelscan,,1,0,1,0,1,
https://github.com/kyshel/ich,ok,20.5,bandit;semgrep;pip_audit;modelscan,,7,0,7,7,0,
https://github.com/alimirzazadeh/SemisupervisedAttention,ok,4.6,bandit;semgrep;pip_audit;modelscan,,3,0,3,3,0,
https://github.com/3neutronstar/criminal-cargo-detection,ok,13.3,bandit;semgrep;pip_audit;modelscan,,9,0,9,9,0,
https://github.com/sallyqiansun/network-eval,ok,608.1,bandit;semgrep;pip_audit;modelscan,,0,0,0,0,0,
https://github.com/Tawfiqh/ML-Model-Comparison,ok,604.9,bandit;semgrep;pip_audit;modelscan,,0,0,0,0,0,
https://github.com/Tawfiqh/Car-Regression,ok,604.9,bandit;semgrep;pip_audit;modelscan,,0,0,0,0,0,
https://github.com/MIR-MU/regemt,ok,606.3,bandit;semgrep;pip_audit;modelscan,,19,2,17,11,8,
https://github.com/mariusbock/dl-for-har,ok,18.9,bandit;semgrep;pip_audit;modelscan,,0,0,0,0,0,
https://github.com/VineetKT/ML_fastapi_on_Heroku_CI-CD,ok,16.5,bandit;semgrep;pip_audit;modelscan,,11,0,11,10,1,
https://github.com/kdziedzic66/hate_speech,ok,14.6,bandit;semgrep;pip_audit;modelscan,,7,1,6,7,0,
https://github.com/cyfronet-fid/recommender-system,ok,7.1,bandit;semgrep;pip_audit;modelscan,,6,1,5,5,1,
https://github.com/Jokoe66/TianchiTrafficEstimation,ok,8.0,bandit;semgrep;pip_audit;modelscan,,13,0,13,4,9,
https://github.com/RAraghavarora/DFTB,ok,75.0,bandit;semgrep;pip_audit;modelscan,,1,0,1,0,1,
https://github.com/ogunlao/saint,ok,19.8,bandit;semgrep;pip_audit;modelscan,,1,0,1,1,0,
https://github.com/johnmatzakos/detect-covid-19-in-xray-images,ok,4.4,bandit;semgrep;pip_audit;modelscan,,0,0,0,0,0,
https://github.com/takeru1205/AutoEncoderForClassification,ok,16.3,bandit;semgrep;pip_audit;modelscan,,24,0,24,6,18,
https://github.com/iamraymondlow/poi-conflation-tool,ok,15.4,bandit;semgrep;pip_audit;modelscan,,7,1,6,7,0,
https://github.com/Pit-CL/footprintwifi,ok,5.3,bandit;semgrep;pip_audit;modelscan,,0,0,0,0,0,
https://github.com/Alexhaoge/MLSR,ok,21.4,bandit;semgrep;pip_audit;modelscan,,1,0,1,0,1,
https://github.com/rvorias/ind_knn_ad,ok,26.0,bandit;semgrep;pip_audit;modelscan,,2,1,1,2,0,
https://github.com/joepalermo/dm_math_solvers,ok,22.2,bandit;semgrep;pip_audit;modelscan,,13,0,13,11,2,
https://github.com/Raghuveer1997/Sentiment_Analysis,ok,17.4,bandit;semgrep;pip_audit;modelscan,,6,3,3,4,2,
https://github.com/elenamer/ecg_classification_DL,ok,63.5,bandit;semgrep;pip_audit;modelscan,,27,0,27,17,10,
https://github.com/tomerkeren42/MetabolicRate,ok,604.6,bandit;semgrep;pip_audit;modelscan,,1,0,1,1,0,
https://github.com/imanefarah/ocp-heroku,ok,80.6,bandit;semgrep;pip_audit;modelscan,,6,0,6,5,1,
https://github.com/GiuliaLanzillotta/CausalAE,ok,26.3,bandit;semgrep;pip_audit;modelscan,,28,0,28,28,0,
https://github.com/ZhaoqingLiu/FuzzyTrees,ok,605.9,bandit;semgrep;pip_audit;modelscan,,1,0,1,0,1,
https://github.com/ML4ITS/mtad-gat-pytorch,ok,25.3,bandit;semgrep;pip_audit;modelscan,,13,0,13,8,5,
https://github.com/marcobenito/hipf,ok,70.3,bandit;semgrep;pip_audit;modelscan,,12,0,12,11,1,
https://github.com/Keredu/Intracranial-Hemorrhage-Detection,ok,20.5,bandit;semgrep;pip_audit;modelscan,,3,0,3,2,1,
https://github.com/Hydrospheredata/hydro-visualization,ok,4.7,bandit;semgrep;pip_audit;modelscan,,7,1,6,4,3,
https://github.com/JeroendenBoef/GraphPOPE,ok,12.8,bandit;semgrep;pip_audit;modelscan,,1,0,1,1,0,
https://github.com/viramya-shah/Improving-Customer-Experience,ok,31.9,bandit;semgrep;pip_audit;modelscan,,44,0,44,41,3,
https://github.com/SeiyaMatsuda/LIFont,ok,14.0,bandit;semgrep;pip_audit;modelscan,,6,0,6,4,2,
https://github.com/icik251/HWR_group_5,ok,604.5,bandit;semgrep;pip_audit;modelscan,,10,0,10,3,7,
https://github.com/DrFab1/va_explainable_ai,ok,17.3,bandit;semgrep;pip_audit;modelscan,,0,0,0,0,0,
https://github.com/UVA-MCPS-Lab/CARNA,ok,16.9,bandit;semgrep;pip_audit;modelscan,,5,0,5,5,0,
https://github.com/jozieLamp/CARNA,ok,18.4,bandit;semgrep;pip_audit;modelscan,,5,0,5,5,0,
https://github.com/paragrapharamus/msdp,ok,605.0,bandit;semgrep;pip_audit;modelscan,,1,0,1,1,0,
https://github.com/pelekhs/RiskML,ok,604.9,bandit;semgrep;pip_audit;modelscan,,5,0,5,3,2,
https://github.com/sanghyeonp/MP-Net,ok,606.0,bandit;semgrep;pip_audit;modelscan,,7,2,5,7,0,
https://github.com/jckuri/Heroku_FastAPI,ok,23.5,bandit;semgrep;pip_audit;modelscan,,15,0,15,11,4,
https://github.com/PowerLineSeg/PointCAD,ok,39.9,bandit;semgrep;pip_audit;modelscan,,90,6,84,32,58,
https://github.com/cassiahh/TCC,ok,22.6,bandit;semgrep;pip_audit;modelscan,,0,0,0,0,0,
https://github.com/kavko8/jiant_slovene,ok,49.9,bandit;semgrep;pip_audit;modelscan,,39,6,33,16,23,
https://github.com/tdeng-zuel/scRNA-FeatureSelection,ok,24.8,bandit;semgrep;pip_audit;modelscan,,1,0,1,1,0,
https://github.com/joaopedromattos/GNEE,ok,605.0,bandit;semgrep;pip_audit;modelscan,,1,0,1,1,0,
https://github.com/AnetaKaczynska/ProtoPNet,ok,18.8,bandit;semgrep;pip_audit;modelscan,,4,0,4,3,1,
https://github.com/hcw-00/STPM_anomaly_detection,ok,13.1,bandit;semgrep;pip_audit;modelscan,,1,0,1,0,1,
https://github.com/gauravbajodia/SynGen,ok,604.5,bandit;semgrep;pip_audit;modelscan,,2,0,2,2,0,
https://github.com/EastGit0/JITNet_segmentation,ok,14.4,bandit;semgrep;pip_audit;modelscan,,14,3,11,4,10,
https://github.com/bohniti/jigsaw-puzzle-solver,ok,13.6,bandit;semgrep;pip_audit;modelscan,,0,0,0,0,0,
https://github.com/anisurahaman/First,ok,5.1,bandit;semgrep;pip_audit;modelscan,,10,0,10,4,6,
https://github.com/skywalker0803r/Tomofun-Dog-Voice-Recognition-AI-Million-Challenge,ok,24.6,bandit;semgrep;pip_audit;modelscan,,8,0,8,3,5,
https://github.com/mehrdadep/deep-learning-nids,ok,4.3,bandit;semgrep;pip_audit;modelscan,,0,0,0,0,0,
https://github.com/micqu/hotel-challenge,ok,13.1,bandit;semgrep;pip_audit;modelscan,,2,0,2,1,1,
https://github.com/tyiannak/readys,ok,17.3,bandit;semgrep;pip_audit;modelscan,,21,2,19,13,8,
https://github.com/VumBleBot/odqa_baseline_code,ok,605.0,bandit;semgrep;pip_audit;modelscan,,51,0,51,49,2,
https://github.com/QVPR/Patch-NetVLAD,ok,5.1,bandit;semgrep;pip_audit;modelscan,,19,0,19,1,18,
https://github.com/JonasStankevicius/ConvPoint_Keras,ok,14.6,bandit;semgrep;pip_audit;modelscan,,0,0,0,0,0,
https://github.com/saadabbasi/anomoly-detection,ok,4.7,bandit;semgrep;pip_audit;modelscan,,1,1,0,0,1,
https://github.com/phykn/xai_tree,ok,18.6,bandit;semgrep;pip_audit;modelscan,,0,0,0,0,0,
https://github.com/ryanpram/indonlu-facqa,ok,16.5,bandit;semgrep;pip_audit;modelscan,,46,0,46,46,0,
https://github.com/heinrichreimer/modern-talking,ok,7.3,bandit;semgrep;pip_audit;modelscan,,31,0,31,31,0,
https://github.com/Protein-Engineering-Framework/PyPEF,ok,34.9,bandit;semgrep;pip_audit;modelscan,,35,1,34,11,24,
https://github.com/Venky0892/NLP_APP,ok,605.5,bandit;semgrep;pip_audit;modelscan,,4,0,4,2,2,
https://github.com/galikatz/phd_2021_new,ok,20.3,bandit;semgrep;pip_audit;modelscan,,2,1,1,0,2,
https://github.com/Pex2892/PEAK,ok,604.4,bandit;semgrep;pip_audit;modelscan,,0,0,0,0,0,
https://github.com/DuoJiang/Importance-Weighting-in-Deep-Learning,ok,17.0,bandit;semgrep;pip_audit;modelscan,,3,0,3,3,0,
https://github.com/deep-wind/miniproject,ok,18.5,bandit;semgrep;pip_audit;modelscan,,7,0,7,7,0,
https://github.com/anik-jha/tnp,ok,10.3,bandit;semgrep;pip_audit;modelscan,,11,2,9,6,5,
https://github.com/aj-naik/Women-Diabetes-Detector,ok,18.4,bandit;semgrep;pip_audit;modelscan,,23,0,23,23,0,
https://github.com/worldtaboonpong/datast,ok,18.8,bandit;semgrep;pip_audit;modelscan,,4,1,3,4,0,
https://github.com/Bosti07/Financial_fraud_detection,ok,604.5,bandit;semgrep;pip_audit;modelscan,,0,0,0,0,0,
https://github.com/amalolan/vehicle-counter,ok,26.2,bandit;semgrep;pip_audit;modelscan,,0,0,0,0,0,
https://github.com/A6a7H/Rich,ok,16.3,bandit;semgrep;pip_audit;modelscan,,9,0,9,9,0,
https://github.com/flawnson/Ouroboros,ok,12.5,bandit;semgrep;pip_audit;modelscan,,27,1,26,20,7,
https://github.com/cheesama/shopee-product-matching,ok,17.2,bandit;semgrep;pip_audit;modelscan,,2,0,2,2,0,
https://github.com/julsunny/darthradar,ok,605.4,bandit;semgrep;pip_audit;modelscan,,2,0,2,2,0,
https://github.com/princeton-nlp/SimCSE,ok,22.1,bandit;semgrep;pip_audit;modelscan,,53,1,52,38,15,
https://github.com/adblackx/ODR,ok,13.4,bandit;semgrep;pip_audit;modelscan,,2,0,2,1,1,
https://github.com/karthikbhamidipati/multi-task-speech-classification,ok,67.4,bandit;semgrep;pip_audit;modelscan,,6,0,6,6,0,
https://github.com/AtlantixJJ/LinearGAN,ok,24.2,bandit;semgrep;pip_audit;modelscan,,153,29,123,46,107,
https://github.com/nayeemrizve/invariance-equivariance,ok,15.9,bandit;semgrep;pip_audit;modelscan,,12,0,12,9,3,
https://github.com/jforbis/make-that-bread,ok,21.4,bandit;semgrep;pip_audit;modelscan,,10,5,5,2,8,
https://github.com/ASUS-AICS/LibMultiLabel,ok,15.1,bandit;semgrep;pip_audit;modelscan,,16,2,14,5,11,
https://github.com/angusev/SCGAN,ok,5.5,bandit;semgrep;pip_audit;modelscan,,7,1,6,5,2,
https://github.com/infinityAJ/stock_smart,ok,20.2,bandit;semgrep;pip_audit;modelscan,,1,0,1,1,0,
https://github.com/fedem96/predict-cancer-variables,ok,605.2,bandit;semgrep;pip_audit;modelscan,,8,0,8,7,1,
https://github.com/jpmcd/jiant-v1-legacy,ok,7.9,bandit;semgrep;pip_audit;modelscan,,71,0,70,50,21,
https://github.com/AhmedAbouzaid1/Medical-Question-Answering-System,ok,14.7,bandit;semgrep;pip_audit;modelscan,,9,0,9,2,7,
https://github.com/iloveslowfood/RelationExtraction,ok,16.2,bandit;semgrep;pip_audit;modelscan,,33,0,33,25,8,
https://github.com/justinhchae/stocks,ok,13.4,bandit;semgrep;pip_audit;modelscan,,0,0,0,0,0,
https://github.com/TheJorseman/EmotionNeuralInterface,ok,18.9,bandit;semgrep;pip_audit;modelscan,,22,0,22,5,17,
https://github.com/Yunnglin/GeoQA,ok,605.0,bandit;semgrep;pip_audit;modelscan,,13,2,11,9,4,
https://github.com/AlexKay28/MedConcNorm,ok,24.7,bandit;semgrep;pip_audit;modelscan,,21,0,21,17,4,
https://github.com/ShengtianSang/SemaTyP,ok,15.9,bandit;semgrep;pip_audit;modelscan,,22,0,22,22,0,
https://github.com/onurbil/emotion_from_speech,ok,606.1,bandit;semgrep;pip_audit;modelscan,,1,0,1,1,0,
https://github.com/yyh0806/Ameme_public,ok,20.3,bandit;semgrep;pip_audit;modelscan,,51,0,51,9,42,
https://github.com/BitLab16/Machine-learning,ok,63.7,bandit;semgrep;pip_audit;modelscan,,0,0,0,0,0,
https://github.com/tim-inzitari/Hearthstone-Deck-Clusterer,ok,5.3,bandit;semgrep;pip_audit;modelscan,,9,1,8,1,8,
https://github.com/andreapdr/gFun,ok,16.4,bandit;semgrep;pip_audit;modelscan,,52,8,44,36,16,
https://github.com/indobenchmark/indonlu,clone_failed,0.3,bandit;semgrep;pip_audit;gitleaks;modelscan;nbdefense,,0,0,0,0,0,git rc=128: fatal: repository 'https://github.com/indobenchmark/indonlu/' not found
https://github.com/samantamrityunjay/Automatic-assignment-of-ICD10-codes,ok,605.2,bandit;semgrep;pip_audit;modelscan,,2,0,2,2,0,
https://github.com/saif-mahmud/self-attention-HAR,ok,14.4,bandit;semgrep;pip_audit;modelscan,,8,0,8,6,2,
https://github.com/dastronmighty/dl-project,ok,21.0,bandit;semgrep;pip_audit;modelscan,,1,0,1,1,0,
https://github.com/tayebiarasteh/retweet,ok,15.6,bandit;semgrep;pip_audit;modelscan,,7,1,6,7,0,
https://github.com/mikitachab/deepfake-detection,ok,14.7,bandit;semgrep;pip_audit;modelscan,,3,0,3,2,1,
https://github.com/mhezarei/ai-bot,ok,19.4,bandit;semgrep;pip_audit;modelscan,,14,4,7,4,10,
https://github.com/TakeruEndo/kaggle_Cassava,ok,5.9,bandit;semgrep;pip_audit;modelscan,,28,0,28,1,27,
https://github.com/bahtman/Adv_ML_Lira,ok,6.3,bandit;semgrep;pip_audit;modelscan,,8,0,8,6,2,
https://github.com/mb010/EquivariantSelfAttention,ok,18.0,bandit;semgrep;pip_audit;modelscan,,41,4,37,40,1,
https://github.com/leebebeto/Missing-children,ok,13.7,bandit;semgrep;pip_audit;modelscan,,18,0,18,6,12,
https://github.com/victor-basisai/credit-scoring,ok,4.5,bandit;semgrep;pip_audit;modelscan,,5,0,5,1,4,
https://github.com/samsudinng/speech_accent_recognition,ok,17.8,bandit;semgrep;pip_audit;modelscan,,17,0,17,2,15,
https://github.com/bastianatte/StockRegr,ok,604.3,bandit;semgrep;pip_audit;modelscan,,0,0,0,0,0,
https://github.com/sting1000/generator,ok,20.6,bandit;semgrep;pip_audit;modelscan,,24,6,18,19,5,
https://github.com/jaymody/misinformation-detection-with-transformers,ok,44.0,bandit;semgrep;pip_audit;modelscan,,15,0,14,12,3,
https://github.com/TatianaMoteuN/flair,ok,608.5,bandit;semgrep;pip_audit;modelscan,,58,2,56,50,8,
https://github.com/Murali-group/supervised-grns,ok,604.7,bandit;semgrep;pip_audit;modelscan,,1,0,1,1,0,
https://github.com/human-analysis/pytorchnet,ok,5.9,bandit;semgrep;pip_audit;modelscan,,16,3,13,15,1,
https://github.com/mpoiitis/iSpine,ok,15.3,bandit;semgrep;pip_audit;modelscan,,59,0,59,59,0,
https://github.com/talha12981/sahte,ok,16.2,bandit;semgrep;pip_audit;modelscan,,22,1,21,22,0,
https://github.com/liqing-ustc/ANS,ok,21.5,bandit;semgrep;pip_audit;modelscan,,4,1,3,3,1,
https://github.com/tarkantemizoz/Cost-Sensitive-Learning,ok,11.3,bandit;semgrep;pip_audit;modelscan,,4,0,4,4,0,
https://github.com/Hethsron/deepmwoo,ok,17.3,bandit;semgrep;pip_audit;modelscan,,0,0,0,0,0,
https://github.com/dfdazac/blp,ok,13.6,bandit;semgrep;pip_audit;modelscan,,17,0,17,14,3,
https://github.com/reach1dev/api-ml-web-tool,ok,17.9,bandit;semgrep;pip_audit;modelscan,,6,2,4,6,0,
https://github.com/ialab-puc/segmentation_guided_attention,ok,14.6,bandit;semgrep;pip_audit;modelscan,,10,0,10,4,6,
https://github.com/hojunroks/label2vec,ok,12.9,bandit;semgrep;pip_audit;modelscan,,1,0,1,1,0,
https://github.com/mslovett21/decaf-pegasus-covid,ok,16.3,bandit;semgrep;pip_audit;modelscan,,6,0,6,2,4,
https://github.com/DevMilk/AutoNLP-CLSF,ok,17.9,bandit;semgrep;pip_audit;modelscan,,0,0,0,0,0,
https://github.com/mengtinglll/deepke,ok,21.1,bandit;semgrep;pip_audit;modelscan,,8,0,8,8,0,
https://github.com/RayRuizhiLiao/resnet_chestxray,ok,19.2,bandit;semgrep;pip_audit;modelscan,,8,0,8,4,4,
https://github.com/elBichon/online_machine_learning,ok,604.5,bandit;semgrep;pip_audit;modelscan,,5,1,4,5,0,
https://github.com/mcps5601/TimeGAN-tensorflow2,ok,13.4,bandit;semgrep;pip_audit;modelscan,,5,0,5,5,0,
https://github.com/EricPostMaster/market-research-cluster-analysis,ok,16.2,bandit;semgrep;pip_audit;modelscan,,1,0,1,1,0,
https://github.com/Javihaus/Auto-ML-app-with-dash,ok,604.6,bandit;semgrep;pip_audit;modelscan,,2,1,1,2,0,
https://github.com/uoo723/M2m_text,ok,14.9,bandit;semgrep;pip_audit;modelscan,,12,1,11,11,1,
https://github.com/silencedsre/Fusemachines-AI-Training,ok,16.3,bandit;semgrep;pip_audit;modelscan,,10,2,8,10,0,
https://github.com/delinhquent/unnatural-reviews-detector,ok,27.0,bandit;semgrep;pip_audit;modelscan,,11,0,11,5,6,
https://github.com/CRJoshuaa/Data-Mining-Project,ok,604.5,bandit;semgrep;pip_audit;modelscan,,0,0,0,0,0,
https://github.com/mastrHyperion98/CNN-Music-Classifier,ok,18.3,bandit;semgrep;pip_audit;modelscan,,0,0,0,0,0,
https://github.com/alexchungio/Multi-Lable-Classification-Planet,ok,13.3,bandit;semgrep;pip_audit;modelscan,,5,0,5,3,2,
https://github.com/Zerkles/SRUDA,ok,17.6,bandit;semgrep;pip_audit;modelscan,,3,0,3,3,0,
https://github.com/oddeirikigland/ist-data-science,ok,14.9,bandit;semgrep;pip_audit;modelscan,,3,0,3,3,0,
https://github.com/nicoloverardo/master-degree-thesis,ok,1207.0,bandit;semgrep;pip_audit;modelscan,,0,0,0,0,0,
https://github.com/CHeffernan087/NBA_Machine_Learning_Model,ok,605.2,bandit;semgrep;pip_audit;modelscan,,3,0,3,1,2,
https://github.com/Jason0917/Normalizing-Flow-Based-Defect-Detection,ok,15.3,bandit;semgrep;pip_audit;modelscan,,7,1,6,4,3,
https://github.com/cristianokunas/Sentiment_Analysis,ok,4.2,bandit;semgrep;pip_audit;modelscan,,0,0,0,0,0,
https://github.com/LucaUrban/prova_streamlit,ok,16.4,bandit;semgrep;pip_audit;modelscan,,8,0,8,3,5,
https://github.com/rodrigorivera/mds20_returney,ok,604.6,bandit;semgrep;pip_audit;modelscan,,1,0,1,0,1,
https://github.com/isabelcachola/ML-Fall2020-Final-Project,ok,17.4,bandit;semgrep;pip_audit;modelscan,,23,0,23,17,6,
https://github.com/nantesmetropole/school_meal_forecast_xgboost,ok,604.5,bandit;semgrep;pip_audit;modelscan,,0,0,0,0,0,
https://github.com/tanmaymane18/AI202513,ok,18.7,bandit;semgrep;pip_audit;modelscan,,8,0,8,8,0,
https://github.com/NawasNaziru/REVENUE-PREDICTION-USING-IBM-AI-ENTERPRISE-WORKFLOW,ok,14.4,bandit;semgrep;pip_audit;modelscan,,18,1,11,4,14,
https://github.com/Tinusf/ml_cancer_screening,ok,18.0,bandit;semgrep;pip_audit;modelscan,,0,0,0,0,0,
https://github.com/DWhistle/virus-hack,ok,14.5,bandit;semgrep;pip_audit;modelscan,,2,0,2,2,0,
https://github.com/adamjstewart/crop_yield_prediction,ok,604.8,bandit;semgrep;pip_audit;modelscan,,0,0,0,0,0,
https://github.com/mlai-student/Lab2020-21ClusteringCovidData,ok,17.9,bandit;semgrep;pip_audit;modelscan,,26,0,26,8,18,
https://github.com/YuhaoCheng/PyAnomaly,ok,15.0,bandit;semgrep;pip_audit;modelscan,,17,0,17,16,1,
https://github.com/easylearn-fmri/easylearn_dev,ok,19.3,bandit;semgrep;pip_audit;modelscan,,64,5,59,22,42,
https://github.com/Fosso/trackdecpred,ok,7.1,bandit;semgrep;pip_audit;modelscan,,0,0,0,0,0,
https://github.com/kzinmr/mlflow_bert_ja,ok,605.5,bandit;semgrep;pip_audit;modelscan,,43,4,39,4,39,
https://github.com/MatthiasJakobs/explainable-interactive-website,ok,605.3,bandit;semgrep;pip_audit;modelscan,,4,0,4,2,2,
https://github.com/anhtuanhsgs/ColorRL,ok,25.0,bandit;semgrep;pip_audit;modelscan,,160,140,20,4,156,
https://github.com/hmashrique/Car-Price-Prediction,ok,607.4,bandit;semgrep;pip_audit;modelscan,,20,5,15,16,4,
https://github.com/IShengFang/Digital_Medicine_2020Fall_RSNA_ICH_Detection,ok,604.4,bandit;semgrep;pip_audit;modelscan,,3,0,3,2,1,
https://github.com/ebottabi/LiveAI,ok,19.4,bandit;semgrep;pip_audit;modelscan,,30,8,20,20,10,
https://github.com/alexaor/tdt4173,ok,18.0,bandit;semgrep;pip_audit;modelscan,,3,0,3,3,0,
https://github.com/feldlime/X5RetailHeroUplift,ok,14.4,bandit;semgrep;pip_audit;modelscan,,4,0,4,4,0,
https://github.com/Preeti24/Youtube-comments,ok,604.8,bandit;semgrep;pip_audit;modelscan,,10,0,10,5,5,
https://github.com/invett/nn.based.intersection.classficator,ok,26.7,bandit;semgrep;pip_audit;modelscan,,86,4,82,19,67,
https://github.com/unitaryai/detoxify,ok,4.3,bandit;semgrep;pip_audit;modelscan,,3,0,3,0,3,
https://github.com/nyu-mll/online-code-for-edge-probing,ok,7.8,bandit;semgrep;pip_audit;modelscan,,71,0,70,50,21,
https://github.com/PhilippKrueger/ml-many-body-localization,ok,23.8,bandit;semgrep;pip_audit;modelscan,,3,0,3,3,0,
https://github.com/noycohen100/MARCO-GE,ok,5.8,bandit;semgrep;pip_audit;modelscan,,1,0,1,1,0,
https://github.com/tmcphee/Hotel-Review-Analyzer,ok,606.7,bandit;semgrep;pip_audit;modelscan,,27,6,21,12,15,
https://github.com/wjensheng/recursion,ok,16.2,bandit;semgrep;pip_audit;modelscan,,13,0,13,12,1,
https://github.com/Allovertom/YouReadAtBranch,ok,604.3,bandit;semgrep;pip_audit;modelscan,,7,1,6,4,3,
https://github.com/techblogp/MusicVideoCommentAnalyzer,ok,604.7,bandit;semgrep;pip_audit;modelscan,,5,0,5,5,0,
https://github.com/machouz/TextClassificationScript,ok,14.4,bandit;semgrep;pip_audit;modelscan,,12,2,10,11,1,
https://github.com/microsoft/datadrivenmodel,ok,32.3,bandit;semgrep;pip_audit;modelscan,,57,0,57,57,0,
https://github.com/ben-hawks/pytorch-jet-classify,ok,20.6,bandit;semgrep;pip_audit;modelscan,,22,0,22,3,19,
https://github.com/chen-jimmy/AutoBot,ok,15.8,bandit;semgrep;pip_audit;modelscan,,2,0,2,0,2,
https://github.com/bentanlw/ebacs_plp_project,ok,26.9,bandit;semgrep;pip_audit;modelscan,,14,0,14,14,0,
https://github.com/YuehuaZhu/ProxyGML,ok,604.7,bandit;semgrep;pip_audit;modelscan,,1,0,1,1,0,
https://github.com/e2e-retrieval-in-continuous-space/e2e-retrieval,ok,604.4,bandit;semgrep;pip_audit;modelscan,,10,0,10,10,0,
https://github.com/benjides/MusicGenreClassifier,ok,14.4,bandit;semgrep;pip_audit;modelscan,,3,0,3,3,0,
https://github.com/MachineLP/PyTorch_image_classifier,ok,15.7,bandit;semgrep;pip_audit;modelscan,,16,2,14,3,13,
https://github.com/paulagd/GCE,ok,15.0,bandit;semgrep;pip_audit;modelscan,,6,0,6,2,4,
https://github.com/awarenessxz/acoustic-scene-classification,ok,18.4,bandit;semgrep;pip_audit;modelscan,,8,0,8,6,2,
https://github.com/grant-pittman/ML-FIFA-Stats,ok,16.2,bandit;semgrep;pip_audit;modelscan,,0,0,0,0,0,
https://github.com/danifranco/EM_Image_Segmentation,ok,18.6,bandit;semgrep;pip_audit;modelscan,,30,4,26,8,22,
https://github.com/michi-d/bundestweets,ok,605.8,bandit;semgrep;pip_audit;modelscan,,10,1,9,0,10,
https://github.com/sahivy13/clients_from_hell_heroku,ok,604.5,bandit;semgrep;pip_audit;modelscan,,18,0,18,11,7,
https://github.com/nyu-mll/jiant-v1-legacy,ok,7.8,bandit;semgrep;pip_audit;modelscan,,71,0,70,50,21,
https://github.com/jschiefner/covid19-classification,ok,12.8,bandit;semgrep;pip_audit;modelscan,,0,0,0,0,0,
https://github.com/dmcinerney/ehr-extraction-models,ok,34.5,bandit;semgrep;pip_audit;modelscan,,16,0,16,15,1,
https://github.com/wazeerzulfikar/deep-split-ensembles,ok,14.7,bandit;semgrep;pip_audit;modelscan,,0,0,0,0,0,
https://github.com/ashok-arjun/Zero-Shot-Sketch-Based-Image-Retrieval,ok,13.2,bandit;semgrep;pip_audit;modelscan,,1,0,1,1,0,
https://github.com/SamujjwalSam/Short-text_GNN,ok,14.3,bandit;semgrep;pip_audit;modelscan,,16,0,16,13,3,
https://github.com/fznsakib/great-ape-behaviour-detector,ok,20.2,bandit;semgrep;pip_audit;modelscan,,43,28,15,3,40,
https://github.com/ns-rokuyon/kaggle-bengali-classification,ok,4.7,bandit;semgrep;pip_audit;modelscan,,4,0,4,3,1,
https://github.com/kumatheworld/niaoge,ok,16.5,bandit;semgrep;pip_audit;modelscan,,1,0,1,1,0,
https://github.com/lRomul/argus-alaska,ok,16.1,bandit;semgrep;pip_audit;modelscan,,1,0,1,1,0,
https://github.com/lRomul/argus-bengali-ai,ok,16.7,bandit;semgrep;pip_audit;modelscan,,9,8,1,2,7,
https://github.com/gesiscss/sexism_custom_classifier,ok,28.5,bandit;semgrep;pip_audit;modelscan,,9,0,9,9,0,
https://github.com/a-luengen/anytimeDnn,ok,14.7,bandit;semgrep;pip_audit;modelscan,,11,0,10,4,7,
https://github.com/vndee/ab2sa,ok,14.9,bandit;semgrep;pip_audit;modelscan,,12,0,12,5,7,
https://github.com/wazeerzulfikar/alzheimers-dementia,ok,14.5,bandit;semgrep;pip_audit;modelscan,,10,0,10,10,0,
https://github.com/vietdung126/BankClassify,ok,4.8,bandit;semgrep;pip_audit;modelscan,,7,0,7,1,6,
https://github.com/ihaeyong/drama-graph,ok,23.6,bandit;semgrep;pip_audit;modelscan,,53,9,41,3,50,
https://github.com/shalomma/ToBark,ok,12.9,bandit;semgrep;pip_audit;modelscan,,7,0,7,6,1,
https://github.com/SwatiSSwain/SwatiSSwain-REP-Project-Three,ok,32.9,bandit;semgrep;pip_audit;modelscan,,3,1,2,2,1,
https://github.com/amirhk/recourse,ok,6.1,bandit;semgrep;pip_audit;modelscan,,14,0,14,7,7,
https://github.com/swapnanildutta/Mushroom-Classification-Web-App,ok,16.6,bandit;semgrep;pip_audit;modelscan,,7,0,7,7,0,
https://github.com/guillermoim/deepfakes-policy-optimization,ok,18.8,bandit;semgrep;pip_audit;modelscan,,2,0,2,2,0,
https://github.com/AxekA13/ModelTracking,ok,20.2,bandit;semgrep;pip_audit;modelscan,,14,6,8,8,6,
https://github.com/kangakum36/FlowAI,ok,25.5,bandit;semgrep;pip_audit;modelscan,,11,0,11,11,0,
https://github.com/iUssel/MiningPersonalityInGerman,ok,16.7,bandit;semgrep;pip_audit;modelscan,,7,1,6,2,5,
https://github.com/Maryam-Ah/Insurance-Charges-Prediction-App-with-Azure-and-Streamit,ok,15.1,bandit;semgrep;pip_audit;modelscan,,8,0,8,8,0,
https://github.com/timvdh123/simula_smarthome,ok,16.8,bandit;semgrep;pip_audit;modelscan,,0,0,0,0,0,
https://github.com/KIT-ISAS/TrackSort_Neural_Public,ok,11.5,bandit;semgrep;pip_audit;modelscan,,0,0,0,0,0,
https://github.com/bindog/nlp-training,ok,17.1,bandit;semgrep;pip_audit;modelscan,,10,2,8,7,3,
https://github.com/ryansteed/learning-appearance-bias,ok,7.9,bandit;semgrep;pip_audit;modelscan,,18,1,17,10,8,
https://github.com/vndee/bertvi-sentiment,ok,15.2,bandit;semgrep;pip_audit;modelscan,,18,3,15,11,7,
https://github.com/sampathkethineedi/bert-topic-sentiment,ok,604.4,bandit;semgrep;pip_audit;modelscan,,11,0,11,6,5,
https://github.com/flawnson/Generic_GNN,ok,13.2,bandit;semgrep;pip_audit;modelscan,,5,0,5,5,0,
https://github.com/mdork/Steganalysis-DeepVision-Project,ok,10.7,bandit;semgrep;pip_audit;modelscan,,2,0,2,2,0,
https://github.com/stefanDeveloper/covid-19-neural-network,ok,10.7,bandit;semgrep;pip_audit;modelscan,,3,0,3,3,0,
https://github.com/microsoft/robustdg,ok,15.6,bandit;semgrep;pip_audit;modelscan,,93,41,52,38,55,
https://github.com/gmftbyGMFTBY/OpenDialog,ok,653.9,bandit;semgrep;pip_audit;modelscan,,85,3,82,61,24,
https://github.com/shawnd29/eda-webapp,ok,611.0,bandit;semgrep;pip_audit;modelscan,,1,0,1,1,0,
https://github.com/arpanadhikari1/CPLP,ok,16.6,bandit;semgrep;pip_audit;modelscan,,0,0,0,0,0,
https://github.com/arpanadhikari1/FER,ok,20.6,bandit;semgrep;pip_audit;modelscan,,1,0,1,0,1,
https://github.com/anhdhbn/facerec,ok,13.9,bandit;semgrep;pip_audit;modelscan,,24,0,24,18,6,
https://github.com/TienSFU25/983-test,ok,13.0,bandit;semgrep;pip_audit;modelscan,,3,1,2,3,0,
https://github.com/micts/anomaly-detection-robotic-vehicle,ok,16.2,bandit;semgrep;pip_audit;modelscan,,12,1,11,4,8,
https://github.com/nicolasfacchinetti97/progettoBioInf,ok,604.4,bandit;semgrep;pip_audit;modelscan,,0,0,0,0,0,
https://github.com/mystery2828/playwithML,ok,51.0,bandit;semgrep;pip_audit;modelscan,,40,6,34,0,40,
https://github.com/kayjanw/test-app,ok,29.8,bandit;semgrep;pip_audit;modelscan,,10,1,9,9,1,
https://github.com/THUDM/GCC,ok,18.0,bandit;semgrep;pip_audit;modelscan,,8,0,8,1,7,
https://github.com/ptv1p3r/neuralnet_breastcancer,ok,15.3,bandit;semgrep;pip_audit;modelscan,,2,0,2,2,0,
https://github.com/pyyush/GraphML,ok,15.3,bandit;semgrep;pip_audit;modelscan,,0,0,0,0,0,
https://github.com/hellohaptik/multi-task-NLP,ok,18.0,bandit;semgrep;pip_audit;modelscan,,3,0,3,1,2,
https://github.com/leonoravesterbacka/carl-torch,ok,30.0,bandit;semgrep;pip_audit;modelscan,,12,3,9,12,0,
https://github.com/todatech/csda-lab,ok,18.1,bandit;semgrep;pip_audit;modelscan,,12,0,12,10,2,
https://github.com/DmitriiDenisov/research_oversampling,ok,30.0,bandit;semgrep;pip_audit;modelscan,,0,0,0,0,0,
https://github.com/svil1502/heroku,ok,17.9,bandit;semgrep;pip_audit;modelscan,,13,8,5,3,10,
https://github.com/epsilonai/mahmoud-abdelsattar-CeditCardFraud,ok,20.8,bandit;semgrep;pip_audit;modelscan,,0,0,0,0,0,
https://github.com/thundersparkf/tweet,ok,15.0,bandit;semgrep;pip_audit;modelscan,,0,0,0,0,0,
https://github.com/PJvanderLaan/IR-user-intent,ok,605.8,bandit;semgrep;pip_audit;modelscan,,4,0,4,4,0,
https://github.com/FMuenke/structured_segmentation,ok,15.9,bandit;semgrep;pip_audit;modelscan,,0,0,0,0,0,
https://github.com/OliverSaarela/ml-probability,ok,5.7,bandit;semgrep;pip_audit;modelscan,,0,0,0,0,0,
https://github.com/auto-flow/auto-flow,ok,612.2,bandit;semgrep;pip_audit;modelscan,,69,15,54,61,8,
https://github.com/ejson03/DWM-Mini-Project,ok,16.2,bandit;semgrep;pip_audit;modelscan,,3,1,2,3,0,
https://github.com/Frakma/IFT725-Projet,ok,17.7,bandit;semgrep;pip_audit;modelscan,,4,0,4,4,0,
https://github.com/iliasprc/COVIDNet,ok,20.3,bandit;semgrep;pip_audit;modelscan,,3,0,3,1,2,
https://github.com/taylorplumer/classifiers-dash,ok,41.3,bandit;semgrep;pip_audit;modelscan,,0,0,0,0,0,
https://github.com/AmadouSadouAbihi/Leaf-classification,ok,17.7,bandit;semgrep;pip_audit;modelscan,,0,0,0,0,0,
https://github.com/luanps/comex_stat,ok,18.1,bandit;semgrep;pip_audit;modelscan,,3,0,3,3,0,
https://github.com/luanps/airbnb,ok,17.5,bandit;semgrep;pip_audit;modelscan,,3,0,3,3,0,
https://github.com/svenkilian/Financial,ok,6.2,bandit;semgrep;pip_audit;modelscan,,0,0,0,0,0,
https://github.com/randilu/Impact-Analysis-Module-codebase,ok,605.1,bandit;semgrep;pip_audit;modelscan,,2,0,2,0,2,
https://github.com/BloomTech-Labs/omega2020-ds,ok,46.0,bandit;semgrep;pip_audit;modelscan,,33,4,28,16,17,
https://github.com/daniel235/RNAmodificationClassifier,ok,16.6,bandit;semgrep;pip_audit;modelscan,,3,0,3,3,0,
https://github.com/bot-zen/naacl_flp_st,ok,17.5,bandit;semgrep;pip_audit;modelscan,,1,0,1,1,0,
https://github.com/koukyo1994/kaggle-dsb2019,ok,22.3,bandit;semgrep;pip_audit;modelscan,,10,0,10,2,8,
https://github.com/omar-mohamed/X-Ray-Report-Generation,ok,40.5,bandit;semgrep;pip_audit;modelscan,,17,12,5,3,14,
https://github.com/CIDARLAB/neural-optimizer,ok,21.6,bandit;semgrep;pip_audit;modelscan,,4,0,4,2,2,
https://github.com/teotsi/Data_Mining_project,ok,15.7,bandit;semgrep;pip_audit;modelscan,,0,0,0,0,0,
https://github.com/RicherMans/Speaker-Anti-Spoofing-Classifiers,ok,24.5,bandit;semgrep;pip_audit;modelscan,,5,0,5,5,0,
https://github.com/alessiosavi/PyRecognizer,ok,605.3,bandit;semgrep;pip_audit;modelscan,,15,0,15,7,8,
https://github.com/GinGinWang/MTQ,ok,29.8,bandit;semgrep;pip_audit;modelscan,,6,0,6,6,0,
https://github.com/dirichletcal/experiments_neurips,ok,20.2,bandit;semgrep;pip_audit;modelscan,,2,0,2,2,0,
https://github.com/kasperekt/EnsembleDiversity,ok,16.2,bandit;semgrep;pip_audit;modelscan,,2,1,1,1,1,
https://github.com/aauss/EventEpi,ok,6.0,bandit;semgrep;pip_audit;modelscan,,19,0,18,17,2,
https://github.com/micado-scale/component-optimizer,ok,29.7,bandit;semgrep;pip_audit;modelscan,,8,1,7,0,8,
https://github.com/nestoor22/apartmentML,ok,16.0,bandit;semgrep;pip_audit;modelscan,,4,0,4,4,0,
https://github.com/naver/claf,ok,27.5,bandit;semgrep;pip_audit;modelscan,,36,2,34,29,7,
https://github.com/ZihengZZH/bipolar-disorder,ok,21.3,bandit;semgrep;pip_audit;modelscan,,7,1,6,7,0,
https://github.com/stefanoteso/calimocho,ok,26.6,bandit;semgrep;pip_audit;modelscan,,4,0,4,4,0,
https://github.com/xadrianzetx/fullstack.ai,ok,16.5,bandit;semgrep;pip_audit;modelscan,,7,0,7,3,4,
https://github.com/szymon6927/bio-gen-calc,ok,50.0,bandit;semgrep;pip_audit;modelscan,,43,8,35,2,41,
https://github.com/dodinhtrung97/stock_data_processor,ok,22.2,bandit;semgrep;pip_audit;modelscan,,8,0,8,5,3,
https://github.com/Prabhu204/Very-Deep-Convolutional-Networks-for-Large-Scale-Image-Recognition,ok,25.8,bandit;semgrep;pip_audit;modelscan,,8,0,8,2,6,
https://github.com/Garfounkel/emotion_analysis,ok,17.5,bandit;semgrep;pip_audit;modelscan,,38,0,38,38,0,
https://github.com/shitian-taiger/relational-extraction,ok,18.0,bandit;semgrep;pip_audit;modelscan,,53,9,44,11,42,
https://github.com/jakobzmrzlikar/DataBench,ok,52.2,bandit;semgrep;pip_audit;modelscan,,0,0,0,0,0,
https://github.com/BUPT-GAMMA/OpenHINE,ok,18.4,bandit;semgrep;pip_audit;modelscan,,4,1,3,4,0,
https://github.com/dwidemann/self_supervision_for_transfer_learning,ok,19.2,bandit;semgrep;pip_audit;modelscan,,31,0,31,12,19,
https://github.com/jtbricker/aidp,ok,22.7,bandit;semgrep;pip_audit;modelscan,,3,0,3,3,0,
https://github.com/namisan/mt-dnn,ok,17.1,bandit;semgrep;pip_audit;modelscan,,33,9,24,13,20,
https://github.com/pywash/pywash,ok,21.3,bandit;semgrep;pip_audit;modelscan,,3,0,3,3,0,
https://github.com/szymanskir/SpeechCommands-RNN,ok,16.0,bandit;semgrep;pip_audit;modelscan,,3,0,3,3,0,
https://github.com/tjcubing/TJCubing,ok,21.5,bandit;semgrep;pip_audit;modelscan,,5,0,5,5,0,
https://github.com/TrueWarg/hrmlp,ok,18.3,bandit;semgrep;pip_audit;modelscan,,0,0,0,0,0,
https://github.com/kohjingyu/lasagna,ok,19.4,bandit;semgrep;pip_audit;modelscan,,17,0,17,11,6,
https://github.com/thomaskuestner/CNNArt,ok,30.0,bandit;semgrep;pip_audit;modelscan,,62,0,62,6,56,
https://github.com/danhlee/squads,ok,33.1,bandit;semgrep;pip_audit;modelscan,,9,1,8,9,0,
https://github.com/ArronHZG/cancer2.0,ok,18.0,bandit;semgrep;pip_audit;modelscan,,3,0,3,3,0,
https://github.com/felixSchober/ABSA-Transformer,ok,24.3,bandit;semgrep;pip_audit;modelscan,,43,4,39,35,8,
https://github.com/yusuke0519/constrastive_predictive_coding,ok,14.7,bandit;semgrep;pip_audit;modelscan,,6,1,5,2,4,
https://github.com/amirrassafi/PFSBS,ok,27.0,bandit;semgrep;pip_audit;modelscan,,11,0,11,0,11,
https://github.com/national-basketball-association/NPS,ok,22.9,bandit;semgrep;pip_audit;modelscan,,5,0,5,5,0,
https://github.com/TsunndokuSeniorProject/back-end,ok,25.2,bandit;semgrep;pip_audit;modelscan,,12,3,9,10,2,
https://github.com/nshaud/DeepHyperX,ok,18.0,bandit;semgrep;pip_audit;modelscan,,3,0,3,2,1,
https://github.com/senakicir/ntds_project,ok,23.8,bandit;semgrep;pip_audit;modelscan,,3,0,3,3,0,
https://github.com/victorkifer/ecg-af-detection-physionet-2017,ok,30.9,bandit;semgrep;pip_audit;modelscan,,5,1,4,3,2,
https://github.com/pchampio/sentence-entailment,ok,4.5,bandit;semgrep;pip_audit;modelscan,,1,0,1,1,0,
https://github.com/samarthbhargav/hackathon4good,ok,17.1,bandit;semgrep;pip_audit;modelscan,,4,0,4,4,0,
https://github.com/AlexDel/levheimcube,ok,22.5,bandit;semgrep;pip_audit;modelscan,,8,0,8,3,5,
https://github.com/kairosart/factors,ok,18.0,bandit;semgrep;pip_audit;modelscan,,39,0,39,22,17,
https://github.com/garyblocks/scientist,ok,4.7,bandit;semgrep;pip_audit;modelscan,,0,0,0,0,0,
https://github.com/plstcharles/thelper,ok,42.0,bandit;semgrep;pip_audit;modelscan,,53,5,48,37,16,
https://github.com/KDD-OpenSource/DeepADoTS,ok,26.3,bandit;semgrep;pip_audit;modelscan,,10,0,10,10,0,
https://github.com/neuromodulation/py_neuromodulation,ok,7.2,bandit;semgrep;pip_audit,,13,3,10,7,6,
https://github.com/jbdel/vilmedic,ok,7.5,bandit;semgrep;pip_audit,,106,1,105,71,35,
https://github.com/cstenkamp/derive_conceptualspaces,ok,53.0,bandit;semgrep;pip_audit,,21,0,21,5,16,
https://github.com/davidtangGT/ALIGNN,ok,4.8,bandit;semgrep;pip_audit,,27,7,20,10,17,
https://github.com/lowe-lab-ucl/cellx-predict,ok,17.3,bandit;semgrep;pip_audit,,2,0,2,2,0,
https://github.com/btmartin721/PG-SUI,ok,20.6,bandit;semgrep;pip_audit,,10,3,7,0,10,
https://github.com/xudallas/Water-Consumption-Projection,ok,14.7,bandit;semgrep;pip_audit,,3,0,3,3,0,
https://github.com/caillonantoine/RAVE,ok,14.5,bandit;semgrep;pip_audit,,16,2,14,7,9,
https://github.com/thunlp/BERT-KPE,ok,9.2,bandit;semgrep;pip_audit,,102,0,102,9,93,
https://github.com/Arzik1987/prelim,ok,4.7,bandit;semgrep;pip_audit,,8,2,6,0,8,
https://github.com/Ascensiony/nlp-gpu,ok,13.0,bandit;semgrep;pip_audit,,10,0,10,9,1,
https://github.com/Michaeljurado24/Scrape-and-Classify,ok,18.2,bandit;semgrep;pip_audit,,12,6,6,0,12,
https://github.com/francescoignaziore/Sentiment_Analysis_Classification,ok,17.7,bandit;semgrep;pip_audit,,40,0,40,18,22,
https://github.com/nadyashanarova/about_mne,ok,50.0,bandit;semgrep;pip_audit,,68,16,52,45,23,
https://github.com/Living-with-machines/MapReader,ok,9.6,bandit;semgrep;pip_audit,,27,4,23,15,12,
https://github.com/ChristianBirchler/sdc-scissor,ok,6.5,bandit;semgrep;pip_audit,,0,0,0,0,0,
https://github.com/intelkevinputnam/lpot-docs,ok,79.3,bandit;semgrep;pip_audit,,1365,77,1288,34,1331,
https://github.com/doraadong/UNIFAN,ok,4.2,bandit;semgrep;pip_audit,,6,0,6,6,0,
https://github.com/language-brainscore/langbrainscore,ok,4.1,bandit;semgrep;pip_audit,,5,0,5,3,2,
https://github.com/jofa974/nlp-tweets,ok,52.7,bandit;semgrep;pip_audit,,0,0,0,0,0,
https://github.com/predictive-analytics-lab/positive-action-framework,ok,4.6,bandit;semgrep;pip_audit,,0,0,0,0,0,
https://github.com/mrstelmach/Deploy-ML-Model-on-Heroku-with-FastAPI,ok,20.8,bandit;semgrep;pip_audit,,16,0,16,6,10,
https://github.com/sofa566/rasa-for-botfront-origin,ok,19.2,bandit;semgrep;pip_audit,,42,6,36,22,20,
https://github.com/stanfordmlgroup/methane-gapfill-ml,ok,4.5,bandit;semgrep;pip_audit,,12,2,10,12,0,
https://github.com/sonjaremmer/icdcoder,ok,24.0,bandit;semgrep;pip_audit,,15,0,15,6,9,
https://github.com/manhhv87/densenet_bottleneck,ok,13.4,bandit;semgrep;pip_audit,,6,0,6,6,0,
https://github.com/uncbiag/OAI_analysis,ok,9.4,bandit;semgrep;pip_audit,,14,12,2,1,13,
https://github.com/DMAgit/INFOMAIR-Group30-2021,ok,17.5,bandit;semgrep;pip_audit,,0,0,0,0,0,
https://github.com/Daryl-PSH/us_traffic,ok,603.6,bandit;semgrep;pip_audit,,0,0,0,0,0,
https://github.com/m-beau/NeuroPyxels,ok,12.6,bandit;semgrep;pip_audit,,38,6,32,38,0,
https://github.com/JMGaljaard/fltk-testbed,ok,5.8,bandit;semgrep;pip_audit,,17,1,16,12,5,
https://github.com/tinkoff-ai/etna,ok,13.5,bandit;semgrep;pip_audit,,31,8,23,4,27,
https://github.com/paquolalab/dRFEtools,ok,4.5,bandit;semgrep;pip_audit,,0,0,0,0,0,
https://github.com/deepbreathe-ai/ab-line-classifier,ok,14.3,bandit;semgrep;pip_audit,,9,0,9,7,2,
https://github.com/WadhwaniAI/cough-against-covid,ok,7.7,bandit;semgrep;pip_audit,,51,30,21,13,38,
https://github.com/stepp1/protera-stability,ok,5.0,bandit;semgrep;pip_audit,,8,1,7,8,0,
https://github.com/biasvariancelabs/aitlas,ok,36.9,bandit;semgrep;pip_audit,,109,6,103,4,105,
https://github.com/tkim135/allennlp,ok,35.1,bandit;semgrep;pip_audit,,72,17,54,32,40,
https://github.com/felixbur/nkululeko,ok,40.7,bandit;semgrep;pip_audit,,192,5,187,106,86,
https://github.com/botfront/rasa-for-botfront,ok,20.2,bandit;semgrep;pip_audit,,42,6,36,22,20,
https://github.com/selflein/MA-EBM,ok,6.6,bandit;semgrep;pip_audit,,5,2,3,3,2,
https://github.com/frankier/skelshop,ok,6.1,bandit;semgrep;pip_audit,,8,2,6,8,0,
https://github.com/xmuyulab/DAISM-XMBD,ok,4.3,bandit;semgrep;pip_audit,,3,0,3,3,0,
https://github.com/nltk/nltk,ok,31.3,bandit;semgrep;pip_audit,,186,36,150,46,140,
https://github.com/ethz-asl/object_keypoints,ok,605.2,bandit;semgrep;pip_audit,,5,0,5,2,3,
https://github.com/microsoft/torchgeo,ok,24.9,bandit;semgrep;pip_audit,,34,9,25,16,18,
https://github.com/javabudd/jtrader,ok,43.6,bandit;semgrep;pip_audit,,13,2,11,13,0,
https://github.com/Jingnan-Jia/ssc_scoring,ok,606.0,bandit;semgrep;pip_audit,,10,2,8,4,6,
https://github.com/cy-xu/cosmic-conn,ok,6.0,bandit;semgrep;pip_audit,,4,1,3,2,2,
https://github.com/AugF/optimize-pygs,ok,26.2,bandit;semgrep;pip_audit,,34,23,11,2,32,
https://github.com/nidhaloff/igel,ok,5.5,bandit;semgrep;pip_audit,,9,8,1,4,5,
https://github.com/HastingsGreer/OAI_analysis,ok,10.3,bandit;semgrep;pip_audit,,14,12,2,1,13,
https://github.com/almonds0166/BCN,ok,21.2,bandit;semgrep;pip_audit,,22,0,22,7,15,
https://github.com/TeamGenerAid/GANerAid,ok,4.2,bandit;semgrep;pip_audit,,1,0,1,1,0,
https://github.com/kkrismer/seqgra,ok,14.1,bandit;semgrep;pip_audit,,50,2,48,49,1,
https://github.com/appleparan/mise.py,ok,38.3,bandit;semgrep;pip_audit,,0,0,0,0,0,
https://github.com/MIC-DKFZ/nnDetection,ok,27.5,bandit;semgrep;pip_audit,,28,0,28,16,12,
https://github.com/ThatFlint/FLTK-Testbed-Group-4,ok,4.9,bandit;semgrep;pip_audit,,8,0,8,8,0,
https://github.com/made-ml-in-prod-2021/panda06,ok,4.6,bandit;semgrep;pip_audit,,15,0,14,6,9,
https://github.com/Giulianini/image-alterations-detector,ok,605.3,bandit;semgrep;pip_audit,,0,0,0,0,0,
https://github.com/BorgwardtLab/graphkernels-review,ok,4.7,bandit;semgrep;pip_audit,,2,0,2,0,2,
https://github.com/LukasHedegaard/ride,ok,88.5,bandit;semgrep;pip_audit,,29,0,29,29,0,
https://github.com/tangming2008/Project_ShortImmersive_Classification,ok,4.6,bandit;semgrep;pip_audit,,1,0,1,1,0,
https://github.com/slatex/stexls,ok,7.3,bandit;semgrep;pip_audit,,46,3,43,39,7,
https://github.com/realzza/Presento,ok,22.9,bandit;semgrep;pip_audit,,70,0,70,36,34,
https://github.com/zudi-lin/pytorch_connectomics,ok,31.3,bandit;semgrep;pip_audit,,145,31,114,19,126,
https://github.com/usnistgov/alignn,ok,7.3,bandit;semgrep;pip_audit,,67,31,36,18,49,
https://github.com/PaddlePaddle/PaddleClas,ok,50.9,bandit;semgrep;pip_audit,,138,15,123,88,50,
https://github.com/jdonzallaz/solarnet,ok,6.7,bandit;semgrep;pip_audit,,3,0,3,3,0,
https://github.com/UCA-Datalab/nilm-thresholding,ok,4.7,bandit;semgrep;pip_audit,,1,0,1,1,0,
https://github.com/WilliamZipanHe/CMPT733-Fishing-Activity-Detection,ok,6.2,bandit;semgrep;pip_audit,,1,0,1,0,1,
https://github.com/sahilmodi/CheXpert-FewShot-Learning,ok,19.1,bandit;semgrep;pip_audit,,45,0,45,4,41,
https://github.com/AlonEirew/cross-doc-event-coref,ok,23.6,bandit;semgrep;pip_audit,,17,0,17,8,9,
https://github.com/deb-intel/LPOTtest,ok,88.5,bandit;semgrep;pip_audit,,1352,72,1280,31,1321,
https://github.com/djeada/Kaggle-Titanic,ok,19.1,bandit;semgrep;pip_audit,,0,0,0,0,0,
https://github.com/handal95/hiper-analysis-network,ok,20.0,bandit;semgrep;pip_audit,,2,0,2,0,2,
https://github.com/deep-voice/soundbay,ok,28.5,bandit;semgrep;pip_audit,,12,0,12,10,2,
https://github.com/TerenceDumartin/ocular-disease-recognition,ok,614.0,bandit;semgrep;pip_audit,,0,0,0,0,0,
https://github.com/CBICA/GaNDLF,ok,14.2,bandit;semgrep;pip_audit,,36,7,29,24,12,
https://github.com/aildnont/water-forecast,ok,15.2,bandit;semgrep;pip_audit,,3,0,3,3,0,
https://github.com/sgm-projects/sgm-analysis-computing-node,ok,28.0,bandit;semgrep;pip_audit,,1,0,1,1,0,
https://github.com/rwiatr/aggets,ok,8.5,bandit;semgrep;pip_audit,,7,0,7,5,2,
https://github.com/YaqiangCao/cLoops2,ok,12.8,bandit;semgrep;pip_audit,,57,57,0,1,56,
https://github.com/voxel51/fiftyone,ok,204.8,bandit;semgrep;pip_audit,,289,13,275,48,241,
https://github.com/lulivi/dgp-lib,ok,57.3,bandit;semgrep;pip_audit,,4,0,4,4,0,
https://github.com/barahona-research-group/hcga,ok,5.5,bandit;semgrep;pip_audit,,12,0,12,12,0,
https://github.com/CAMBI-tech/BciPy,ok,13.6,bandit;semgrep;pip_audit,,53,28,25,22,31,
https://github.com/tanvig14/Phishy,ok,16.3,bandit;semgrep;pip_audit,,7,0,7,1,6,
https://github.com/ezeeEric/DiVAE,ok,607.3,bandit;semgrep;pip_audit,,35,0,35,12,23,
https://github.com/LakshyaMalhotra/Salary-prediction-based-on-job-descriptions,ok,15.8,bandit;semgrep;pip_audit,,0,0,0,0,0,
https://github.com/jingquan-wang/mrp7pred,ok,23.9,bandit;semgrep;pip_audit,,10,1,9,3,7,
https://github.com/ranjita-naik/allennlp,ok,28.7,bandit;semgrep;pip_audit,,69,16,51,28,41,
https://github.com/WildflowerSchools/wf-process-cuwb-data,ok,4.9,bandit;semgrep;pip_audit,,9,0,9,9,0,
https://github.com/YttriLab/B-SOID,ok,613.9,bandit;semgrep;pip_audit,,2,2,0,0,2,
https://github.com/HaoyeTianCoder/BATS,ok,11.8,bandit;semgrep;pip_audit,,81,3,78,25,56,
https://github.com/yliess86/PaintsTorch2,ok,606.9,bandit;semgrep;pip_audit,,4,0,4,1,3,
https://github.com/IG-AI/Aichemy,ok,604.0,bandit;semgrep;pip_audit,,9,0,9,9,0,
https://github.com/aprox13/ml,ok,606.6,bandit;semgrep;pip_audit,,0,0,0,0,0,
https://github.com/alanying/london-emotions,ok,18.6,bandit;semgrep;pip_audit,,7,0,7,1,6,
https://github.com/ThanosPAS/gent2-predictor,ok,23.9,bandit;semgrep;pip_audit,,8,0,8,8,0,
https://github.com/StephAO/olfmlm,ok,7.5,bandit;semgrep;pip_audit,,50,1,48,16,34,
https://github.com/samsledje/D-SCRIPT,ok,10.8,bandit;semgrep;pip_audit,,12,0,12,11,1,
https://github.com/julian-risch/PatentMatch-FARM,ok,28.7,bandit;semgrep;pip_audit,,54,4,50,46,8,
https://github.com/AtrCheema/AI4Water,ok,25.0,bandit;semgrep;pip_audit,,9,3,6,8,1,
https://github.com/netr0m/katatasso,ok,3.5,bandit;semgrep;pip_audit,,5,1,4,3,2,
https://github.com/wojtek11530/song_lyric_classification,ok,32.5,bandit;semgrep;pip_audit,,26,0,24,3,23,
https://github.com/lebrice/Sequoia,ok,27.6,bandit;semgrep;pip_audit,,12,7,5,5,7,
https://github.com/sandrich/classifying_digits_mnist,ok,603.7,bandit;semgrep;pip_audit,,5,0,5,3,2,
https://github.com/nmichlo/disent,ok,8.4,bandit;semgrep;pip_audit,,5,1,4,5,0,
https://github.com/uio-bmi/immuneML,ok,32.2,bandit;semgrep;pip_audit,,205,1,204,35,170,
https://github.com/Xingbaji/rasa_bert_nlu,ok,7.9,bandit;semgrep;pip_audit,,39,1,38,21,18,
https://github.com/AlaaBejaoui/AberdeenProject,ok,604.0,bandit;semgrep;pip_audit,,18,2,16,13,5,
https://github.com/PNLPUOS/PNLPUOS,ok,6.0,bandit;semgrep;pip_audit,,15,2,13,15,0,
https://github.com/alonemanuel/twitter-author-predictor,ok,4.0,bandit;semgrep;pip_audit,,3,0,3,0,3,
https://github.com/aildnont/HIFIS-model,ok,604.4,bandit;semgrep;pip_audit,,5,0,5,0,5,
https://github.com/chemprop/chemprop,ok,287.5,bandit;semgrep;pip_audit,,14,0,14,13,1,
https://github.com/voidful/TFkit,ok,22.3,bandit;semgrep;pip_audit,,47,14,33,12,35,
https://github.com/matkalinowski/EfficientNet-on-Stanford-Cars-Dataset,ok,11.7,bandit;semgrep;pip_audit,,1,0,1,1,0,
https://github.com/ryh95/low_dim_numeracy,ok,604.9,bandit;semgrep;pip_audit,,39,0,39,3,36,
https://github.com/oliviermirat/ZebraZoom,ok,14.0,bandit;semgrep;pip_audit,,95,0,95,64,31,
https://github.com/willywsm1013/transformers-for-question-generation,ok,19.8,bandit;semgrep;pip_audit,,489,2,487,36,453,
https://github.com/GenoML/genoml2,ok,604.7,bandit;semgrep;pip_audit,,22,12,10,12,10,
https://github.com/tlawrence3/amPEPpy,ok,15.8,bandit;semgrep;pip_audit,,3,0,3,3,0,
https://github.com/wellcometrust/grants_tagger,ok,20.3,bandit;semgrep;pip_audit,,74,6,65,26,48,
https://github.com/flomock/vidhop,ok,4.4,bandit;semgrep;pip_audit,,3,0,3,3,0,
https://github.com/ddpoe/emt_project,ok,10.7,bandit;semgrep;pip_audit,,0,0,0,0,0,
https://github.com/dicaso/sina,ok,614.8,bandit;semgrep;pip_audit,,74,15,57,24,50,
https://github.com/TRI-AMDD/CAMD,ok,48.1,bandit;semgrep;pip_audit,,33,5,27,11,22,
https://github.com/doraadong/MESSI,ok,4.3,bandit;semgrep;pip_audit,,6,0,6,4,2,
https://github.com/GiuliaLanzillotta/Econobox-SA,ok,21.0,bandit;semgrep;pip_audit,,40,0,40,18,22,
https://github.com/pikvic/sgm-python,ok,21.1,bandit;semgrep;pip_audit,,1,0,1,1,0,
https://github.com/QData/TextAttack,ok,60.1,bandit;semgrep;pip_audit,,130,0,130,83,47,
https://github.com/mathdoug/Project_ML2,ok,13.5,bandit;semgrep;pip_audit,,0,0,0,0,0,
https://github.com/anguyen8/sam,ok,26.2,bandit;semgrep;pip_audit,,58,3,55,10,48,
https://github.com/Daanielvb/text-extractor,ok,14.8,bandit;semgrep;pip_audit,,7,0,7,7,0,
https://github.com/phucdev/TL_Bio_RE,ok,14.6,bandit;semgrep;pip_audit,,11,0,11,8,3,
https://github.com/winedarksea/AutoTS,ok,23.1,bandit;semgrep;pip_audit,,10,1,9,7,3,
https://github.com/THUDM/cogdl,ok,9.5,bandit;semgrep;pip_audit,,75,3,72,9,66,
https://github.com/arsfutura/face-recognition,ok,13.6,bandit;semgrep;pip_audit,,2,0,2,0,2,
https://github.com/clara-parabricks/AtacWorks,ok,605.5,bandit;semgrep;pip_audit,,4,1,3,1,3,
https://github.com/matthew-sochor/transfer,ok,3.8,bandit;semgrep;pip_audit,,7,1,6,7,0,
https://github.com/allegro/allRank,ok,23.0,bandit;semgrep;pip_audit,,2,1,1,2,0,
https://github.com/PaddlePaddle/ERNIE,ok,16.8,bandit;semgrep;pip_audit,,73,25,48,32,41,
https://github.com/dfdazac/mpqe,ok,19.1,bandit;semgrep;pip_audit,,41,0,41,31,10,
https://github.com/abhinavkashyap/sciwing,ok,14.8,bandit;semgrep;pip_audit,,18,4,14,10,8,
https://github.com/apollomok/allennlp,ok,28.0,bandit;semgrep;pip_audit,,69,16,51,28,41,
https://github.com/clinfo/kGCN,ok,10.1,bandit;semgrep;pip_audit,,17,10,7,1,16,
https://github.com/JakubBartoszewicz/DeePaC,ok,6.9,bandit;semgrep;pip_audit,,6,2,4,2,4,
https://github.com/cutright/DVH-Analytics,ok,20.9,bandit;semgrep;pip_audit,,28,1,27,28,0,
https://github.com/domi385/Histo,ok,22.0,bandit;semgrep;pip_audit,,1,0,1,0,1,
https://github.com/yurilq/rasa01,ok,34.4,bandit;semgrep;pip_audit,,58,7,51,40,18,
https://github.com/KevinMenden/scaden,ok,3.7,bandit;semgrep;pip_audit,,0,0,0,0,0,
https://github.com/esteinig/achilles,ok,17.1,bandit;semgrep;pip_audit,,7,0,7,7,0,
https://github.com/rcdilorenzo/abfs,ok,13.3,bandit;semgrep;pip_audit,,2,0,2,2,0,
https://github.com/LokiLuciferase/phenotrex,ok,1851.4,bandit;semgrep;pip_audit,,3,0,3,3,0,
https://github.com/ludwig-ai/ludwig,ok,21.2,bandit;semgrep;pip_audit,,95,8,84,29,66,
https://github.com/MartinXPN/word2morph,ok,4.1,bandit;semgrep;pip_audit,,2,0,2,2,0,
https://github.com/Merck/deepbgc,ok,5.2,bandit;semgrep;pip_audit,,23,1,22,22,1,
https://github.com/asalomatov/variants,ok,4.7,bandit;semgrep;pip_audit,,2,1,1,0,2,
https://github.com/newsgac/platform,ok,18.5,bandit;semgrep;pip_audit,,54,2,52,17,37,
https://github.com/penguinarmy94/AirSafe,ok,13.9,bandit;semgrep;pip_audit,,1,0,1,0,1,
https://github.com/DeepLabCut/DeepLabCut,ok,20.6,bandit;semgrep;pip_audit,,176,21,155,120,56,
https://github.com/jvs/autom8,ok,3.9,bandit;semgrep;pip_audit,,2,0,2,1,1,
https://github.com/NLPatVCU/medaCy,ok,5.5,bandit;semgrep;pip_audit,,6,2,4,6,0,
https://github.com/danmar3/hate-detector,ok,3.9,bandit;semgrep;pip_audit,,3,0,3,3,0,
https://github.com/rmill040/citrees,ok,19.5,bandit;semgrep;pip_audit,,27,5,22,13,14,
https://github.com/gvo34/energy-solar,ok,15.7,bandit;semgrep;pip_audit,,2,1,1,2,0,
https://github.com/piccolbo/rightload,ok,13.4,bandit;semgrep;pip_audit,,4,0,4,4,0,
https://github.com/minerva-ml/open-solution-toxic-comments,ok,15.2,bandit;semgrep;pip_audit,,7,2,5,7,0,
https://github.com/ziweiwu/ML-RNA-Microarray,ok,3.6,bandit;semgrep;pip_audit,,1,1,0,0,1,
https://github.com/emanjavacas/pie,ok,20.4,bandit;semgrep;pip_audit,,15,3,12,11,4,
https://github.com/paubellot/DL-Biobank,ok,13.6,bandit;semgrep;pip_audit,,0,0,0,0,0,
https://github.com/marl/l3embedding,ok,12.8,bandit;semgrep;pip_audit,,4,0,4,4,0,
https://github.com/e2crawfo/dps,ok,31.1,bandit;semgrep;pip_audit,,71,19,52,42,29,
https://github.com/rschweiz1/frontier,ok,15.3,bandit;semgrep;pip_audit,,1,0,1,0,1,
https://github.com/minerva-ml/open-solution-data-science-bowl-2018,ok,12.4,bandit;semgrep;pip_audit,,4,0,4,4,0,
https://github.com/ScottfreeLLC/AlphaPy,ok,4.9,bandit;semgrep;pip_audit,,20,0,20,12,8,
https://github.com/sdpython/mlprodict,ok,36.6,bandit;semgrep;pip_audit,,135,0,135,16,119,
https://github.com/Caparrini/pyGenreClf,ok,14.9,bandit;semgrep;pip_audit,,2,2,0,2,0,
https://github.com/pennmem/ram_utils,ok,14.0,bandit;semgrep;pip_audit,,19,2,17,7,12,
https://github.com/rkcosmos/deepcut,ok,13.1,bandit;semgrep;pip_audit,,3,0,3,0,3,
https://github.com/MTI830PyTraders/TradingPlayground,ok,13.9,bandit;semgrep;pip_audit,,0,0,0,0,0,
https://github.com/Hate-Speech-Detection-Project/hate_detector,ok,606.6,bandit;semgrep;pip_audit,,1,0,1,0,1,
https://github.com/soaxelbrooke/ptclf,ok,21.8,bandit;semgrep;pip_audit,,12,2,10,12,0,
https://github.com/RDFLib/graph-pattern-learner,ok,35.6,bandit;semgrep;pip_audit,,10,1,9,9,1,
https://github.com/linc-lion/linc-cv,ok,15.6,bandit;semgrep;pip_audit,,13,0,13,5,8,
https://github.com/yzhao062/pyod,ok,17.8,bandit;semgrep;pip_audit,,11,0,11,0,11,
https://github.com/quasi-coherent/basketball_reference,ok,13.2,bandit;semgrep;pip_audit,,0,0,0,0,0,
https://github.com/vpekar/forecastml,ok,18.9,bandit;semgrep;pip_audit,,0,0,0,0,0,
https://github.com/grahammorehead/gmutils,ok,14.0,bandit;semgrep;pip_audit,,8,1,7,7,1,
https://github.com/GeoscienceAustralia/uncover-ml,ok,23.3,bandit;semgrep;pip_audit,,37,2,35,17,20,
https://github.com/federico-terzi/pygarl,ok,13.5,bandit;semgrep;pip_audit,,0,0,0,0,0,
https://github.com/CS-433/ml-project-2-amg66,ok,13.1,bandit;semgrep;pip_audit,,0,0,0,0,0,
https://github.com/Walpolen/YOLO-V5-Top-view-detect,ok,17.3,bandit;semgrep;pip_audit,,56,23,33,41,15,
https://github.com/Chumsy0725/logit-adj-pytorch,ok,16.8,bandit;semgrep;pip_audit,,0,0,0,0,0,
https://github.com/Diane10/mlawesome,ok,5.1,bandit;semgrep;pip_audit,,7,0,7,7,0,
https://github.com/rknaebel/discopy,ok,12.1,bandit;semgrep;pip_audit,,32,0,32,31,1,
https://github.com/arcaorm00/stock_psychic_api,ok,29.1,bandit;semgrep;pip_audit,,13,0,13,12,1,
https://github.com/ngminhhieu/ai_platform,ok,15.1,bandit;semgrep;pip_audit,,1,0,1,1,0,
https://github.com/nemaher/stocks,ok,13.4,bandit;semgrep;pip_audit,,7,0,7,5,2,
https://github.com/isabellagc/recipes,ok,18.1,bandit;semgrep;pip_audit,,13,0,13,6,7,
https://github.com/robertvunabandi/mit-smart-confessions-data,ok,17.7,bandit;semgrep;pip_audit,,2,0,2,0,2,
https://github.com/SamuelPecar/nl-fiit-wassa-emotion,ok,19.0,bandit;semgrep;pip_audit,,1,0,1,1,0,
https://github.com/nginyc/trash-classifier,ok,14.9,bandit;semgrep;pip_audit,,0,0,0,0,0,
https://github.com/kundajelab/dragonn,ok,6.4,bandit;semgrep;pip_audit,,22,8,14,7,15,
https://github.com/microsoft/OLive,ok,46.6,bandit;semgrep;pip_audit,,128,8,120,32,96,
https://github.com/manlio99/vibe,ok,15.0,bandit;semgrep;pip_audit,,35,0,35,24,11,
https://github.com/justOleh/CSC-Hackathon-2021-MLions,ok,14.3,bandit;semgrep;pip_audit,,6,0,6,6,0,
https://github.com/a2un/CS3710-Course-Project,ok,4.8,bandit;semgrep;pip_audit,,13,8,5,5,8,
https://github.com/thatcherfreeman/CS231A-FinalProject,ok,12.8,bandit;semgrep;pip_audit,,1,0,1,1,0,
https://github.com/annaandraszek/Matching-Predicting-Scientific-Variables,ok,12.7,bandit;semgrep;pip_audit,,8,1,7,5,3,
https://github.com/bruceplai/ml-capstone,ok,14.4,bandit;semgrep;pip_audit,,4,0,4,1,3,
https://github.com/mkocabas/VIBE,ok,15.1,bandit;semgrep;pip_audit,,35,0,35,24,11,
https://github.com/allenai/deep_qa,ok,22.7,bandit;semgrep;pip_audit,,5,0,5,5,0,
https://github.com/emanuel248/yolov3-pytorch,ok,14.7,bandit;semgrep;pip_audit,,6,0,6,4,2,
https://github.com/AnatoliiPotapov/inpainting_FRRN,ok,12.2,bandit;semgrep;pip_audit,,9,0,9,5,4,
https://github.com/yangarbiter/adversarial-nonparametrics,ok,13.4,bandit;semgrep;pip_audit,,4,0,4,4,0,
https://github.com/faical-allou/grabchallenge,ok,17.4,bandit;semgrep;pip_audit,,0,0,0,0,0,
https://github.com/yuanlida/rasa,ok,34.2,bandit;semgrep;pip_audit,,60,8,52,42,18,
https://github.com/Oliverdeb/time-series-analysis-ml-honours-thesis,ok,13.9,bandit;semgrep;pip_audit,,12,0,12,5,7,
https://github.com/TeamHG-Memex/hh-page-classifier,ok,20.5,bandit;semgrep;pip_audit,,18,3,15,11,7,
https://github.com/YannDubs/lossyless,ok,32.3,bandit;semgrep;pip_audit,,8,0,8,3,5,
https://github.com/goruck/radar-ml,ok,17.4,bandit;semgrep;pip_audit,,21,0,21,7,14,
https://github.com/stevencoveta/Portfolio-neural-network-,ok,14.4,bandit;semgrep;pip_audit,,0,0,0,0,0,
https://github.com/yuyangaichifan/e2e_3D_yu,ok,16.1,bandit;semgrep;pip_audit,,42,0,42,31,11,
https://github.com/d-michele/gene-fusions-classifier,ok,12.3,bandit;semgrep;pip_audit,,25,0,25,24,1,
https://github.com/punyajoy/nasrl-without-training,ok,15.4,bandit;semgrep;pip_audit,,0,0,0,0,0,
https://github.com/kudep/DeepBurtsev,ok,5.2,bandit;semgrep;pip_audit,,7,1,6,7,0,
https://github.com/Jacob-Bishop/TTS,ok,17.5,bandit;semgrep;pip_audit,,35,1,34,7,28,
https://github.com/alsoncahyadi/absa_ml,ok,12.8,bandit;semgrep;pip_audit,,47,0,47,33,14,
https://github.com/bachelorbois/HumorHeadlines,ok,21.9,bandit;semgrep;pip_audit,,6,0,6,0,6,
https://github.com/Mukeshjv9798/TTS,ok,17.0,bandit;semgrep;pip_audit,,25,1,24,7,18,
https://github.com/nodiz/YOLOv3-pedestrian,ok,14.9,bandit;semgrep;pip_audit,,11,0,11,3,8,
https://github.com/modaresimr/UnifiedAR,ok,23.7,bandit;semgrep;pip_audit,,20,5,15,9,11,
https://github.com/rmardian/neural-optimizer,ok,14.6,bandit;semgrep;pip_audit,,4,0,4,2,2,
https://github.com/JohnMBrandt/text-classification,ok,12.1,bandit;semgrep;pip_audit,,3,0,3,3,0,
https://github.com/zhenghuazx/toxic-comment,ok,14.4,bandit;semgrep;pip_audit,,4,0,4,4,0,
https://github.com/lens-biophotonics/BCFind,ok,17.4,bandit;semgrep;pip_audit,,14,0,14,13,1,
https://github.com/thiagofigcosta/stock-pred-v2,ok,15.1,bandit;semgrep;pip_audit,,6,1,5,6,0,
https://github.com/danielphilippi/imgClassification_quickdraw,ok,16.3,bandit;semgrep;pip_audit,,3,0,3,3,0,
https://github.com/yuyangaichifan/VIBE_yu,ok,14.8,bandit;semgrep;pip_audit,,35,0,35,24,11,
https://github.com/ethylomat/LegalComplete,ok,3.8,bandit;semgrep;pip_audit,,1,0,1,1,0,
https://github.com/hiennguyen9874/person-attribute-recognition,ok,14.9,bandit;semgrep;pip_audit,,13,0,13,4,9,
https://github.com/alvinlander/TTS,ok,16.8,bandit;semgrep;pip_audit,,25,1,24,7,18,
https://github.com/samip-thakkar/fraud-detection,ok,19.8,bandit;semgrep;pip_audit,,6,1,5,0,6,
https://github.com/AIWintermuteAI/aXeleRate,ok,15.5,bandit;semgrep;pip_audit,,22,9,13,10,12,
https://github.com/gauravaror/catastrophic_forgetting,ok,4.7,bandit;semgrep;pip_audit,,16,0,16,1,15,
https://github.com/kakusikun/deep-learning-works,ok,21.0,bandit;semgrep;pip_audit,,3,0,3,1,2,
https://github.com/rohanchandra30/TrackNPred,ok,8.1,bandit;semgrep;pip_audit,,11,2,9,6,5,
https://github.com/mlflow/mlflow,ok,257.7,bandit;semgrep;pip_audit,,1008,27,979,93,915,
https://github.com/forjustice7474/pls,ok,15.0,bandit;semgrep;pip_audit,,35,0,35,24,11,
https://github.com/egi-megi/siec_neuronowa_Jurkiewicz_Sulek,ok,17.7,bandit;semgrep;pip_audit,,0,0,0,0,0,
https://github.com/L4zyy/CVIBE,ok,14.7,bandit;semgrep;pip_audit,,39,0,39,26,13,
https://github.com/HadarakDev/Kaggle_iWildCam2020,ok,7.1,bandit;semgrep;pip_audit,,0,0,0,0,0,
https://github.com/wangcongcong123/ttt,ok,4.9,bandit;semgrep;pip_audit,,30,1,29,16,14,
https://github.com/ankandrew/cnn-ocr-lp,ok,4.2,bandit;semgrep;pip_audit,,2,0,2,0,2,
https://github.com/lab-midas/med_segmentation,ok,16.0,bandit;semgrep;pip_audit,,41,0,41,40,1,
https://github.com/BBQuercus/deepBlink,ok,5.1,bandit;semgrep;pip_audit,,4,0,4,1,3,
https://github.com/lonelos/tts,ok,17.2,bandit;semgrep;pip_audit,,25,1,24,7,18,
https://github.com/SIPVZ/timecop,ok,29.9,bandit;semgrep;pip_audit,,6,0,6,6,0,
https://github.com/syeehyn/hinreddit,ok,24.0,bandit;semgrep;pip_audit,,30,19,11,29,1,
https://github.com/kotoroshinoto/whostheboss,ok,15.0,bandit;semgrep;pip_audit,,39,1,38,21,18,
https://github.com/ICB-DCM/pyABC,ok,8.2,bandit;semgrep;pip_audit,,32,2,30,15,17,
https://github.com/mgalardini/pyseer,ok,605.4,bandit;semgrep;pip_audit,,26,14,12,10,16,
https://github.com/MINGG2333/TextAttack,ok,616.0,bandit;semgrep;pip_audit,,96,0,96,71,25,
https://github.com/Daewon-Hwang/VIBE,ok,15.2,bandit;semgrep;pip_audit,,35,0,35,24,11,
https://github.com/ShreeshaN/COVID_19,ok,20.0,bandit;semgrep;pip_audit,,21,0,21,11,10,
https://github.com/aletrujim/vibe-test,ok,16.1,bandit;semgrep;pip_audit,,35,0,35,24,11,
https://github.com/erickeagle/beingdatum,ok,15.5,bandit;semgrep;pip_audit,,5,2,3,1,4,
https://github.com/capreolus-ir/capreolus,ok,40.6,bandit;semgrep;pip_audit,,85,15,70,30,55,
https://github.com/BBVA/timecop,ok,27.0,bandit;semgrep;pip_audit,,6,0,6,6,0,
https://github.com/Daniel139/Freesound_Audio_Tagging-COMP47650,ok,17.5,bandit;semgrep;pip_audit,,4,0,4,4,0,
https://github.com/xiamaz/flowCat,ok,5.3,bandit;semgrep;pip_audit,,4,0,4,1,3,
https://github.com/TylerYep/lung-xray,ok,4.0,bandit;semgrep;pip_audit,,3,0,3,2,1,
https://github.com/Ugness/Line-Art-Colorization-SPADE,ok,20.1,bandit;semgrep;pip_audit,,18,4,14,9,9,
https://github.com/codedecde/AttentionSegmentation,ok,27.9,bandit;semgrep;pip_audit,,63,19,44,24,39,
https://github.com/Asteur/deep-qa,ok,22.0,bandit;semgrep;pip_audit,,5,0,5,5,0,
https://github.com/nananana-Banana/2021-nh-bigdata-competition,ok,27.5,bandit;semgrep;pip_audit,,6,0,5,3,3,
https://github.com/9DemonFox/simpleLearning,ok,11.8,bandit;semgrep;pip_audit,,5,0,5,5,0,
https://github.com/KostyaRyabov/phishDetect,ok,39.6,bandit;semgrep;pip_audit,,154,0,150,145,9,
https://github.com/lukapecnik/NiaAML,ok,4.8,bandit;semgrep;pip_audit,,3,0,3,3,0,
