repo,total_findings,high,medium,low,info,unknown,data_acquisition_count,data_preparation_count,modeling_count,training_count,evaluation_count,inference_count,dependencies_count,reachable_unmapped_count,unreachable_count,unknown_count,bandit_count,semgrep_count,pip_audit_count,gitleaks_count,modelscan_count,nbdefense_count,bandit_error,semgrep_error,pip_audit_error,gitleaks_error,modelscan_error,nbdefense_error
https://github.com/neuromodulation/py_neuromodulation,13,3,10,0,0,0,4,3,1,1,1,1,0,2,6,0,8,5,0,0,0,0,,,,not installed,not installed,not installed
https://github.com/jbdel/vilmedic,106,1,105,0,0,0,26,16,30,12,0,12,0,10,35,0,70,36,0,0,0,0,,,,not installed,not installed,not installed
https://github.com/cstenkamp/derive_conceptualspaces,21,0,21,0,0,0,1,0,0,0,0,0,4,0,16,0,9,8,4,0,0,0,,,,not installed,not installed,not installed
https://github.com/davidtangGT/ALIGNN,27,7,20,0,0,0,10,4,0,6,10,6,0,0,17,0,23,4,0,0,0,0,,,,not installed,not installed,not installed
https://github.com/lowe-lab-ucl/cellx-predict,2,0,2,0,0,0,2,0,0,0,0,0,0,0,0,0,1,1,0,0,0,0,,,,not installed,not installed,not installed
https://github.com/btmartin721/PG-SUI,10,3,7,0,0,0,0,0,0,0,0,0,0,0,10,0,6,4,0,0,0,0,,,,not installed,not installed,not installed
https://github.com/xudallas/Water-Consumption-Projection,3,0,3,0,0,0,0,3,3,3,0,3,0,0,0,0,1,2,0,0,0,0,,,,not installed,not installed,not installed
https://github.com/caillonantoine/RAVE,16,2,14,0,0,0,5,2,0,3,0,0,2,0,9,0,12,4,0,0,0,0,,,,not installed,not installed,not installed
https://github.com/thunlp/BERT-KPE,102,0,102,0,0,0,6,0,1,0,0,1,0,2,93,0,98,4,0,0,0,0,,,,not installed,not installed,not installed
https://github.com/Arzik1987/prelim,8,2,6,0,0,0,0,0,0,0,0,0,0,0,8,0,7,1,0,0,0,0,,,,not installed,not installed,not installed
https://github.com/Ascensiony/nlp-gpu,10,0,10,0,0,0,6,1,1,7,0,0,0,0,1,0,7,3,0,0,0,0,,,,not installed,not installed,not installed
https://github.com/Michaeljurado24/Scrape-and-Classify,12,6,6,0,0,0,0,0,0,0,0,0,0,0,12,0,6,6,0,0,0,0,,,,not installed,not installed,not installed
https://github.com/francescoignaziore/Sentiment_Analysis_Classification,40,0,40,0,0,0,17,4,4,4,4,4,0,0,22,0,21,19,0,0,0,0,,,,not installed,not installed,not installed
https://github.com/nadyashanarova/about_mne,68,16,52,0,0,0,18,0,2,0,0,0,0,27,23,0,34,34,0,0,0,0,,,,not installed,not installed,not installed
https://github.com/Living-with-machines/MapReader,27,4,23,0,0,0,11,6,3,3,3,4,0,4,12,0,20,7,0,0,0,0,,,,not installed,not installed,not installed
https://github.com/ChristianBirchler/sdc-scissor,0,0,0,0,0,0,0,0,0,0,0,0,0,0,0,0,0,0,0,0,0,0,,,,not installed,not installed,not installed
https://github.com/intelkevinputnam/lpot-docs,1365,77,1288,0,0,0,21,0,8,0,0,2,4,5,1331,0,1215,150,0,0,0,0,,,,not installed,not installed,not installed
https://github.com/doraadong/UNIFAN,6,0,6,0,0,0,4,1,1,4,1,1,2,0,0,0,4,2,0,0,0,0,,,,not installed,not installed,not installed
https://github.com/language-brainscore/langbrainscore,5,0,5,0,0,0,0,3,3,0,0,3,0,0,2,0,4,1,0,0,0,0,,,,not installed,not installed,not installed
https://github.com/jofa974/nlp-tweets,0,0,0,0,0,0,0,0,0,0,0,0,0,0,0,0,0,0,0,0,0,0,,,,not installed,not installed,not installed
https://github.com/predictive-analytics-lab/positive-action-framework,0,0,0,0,0,0,0,0,0,0,0,0,0,0,0,0,0,0,0,0,0,0,,,,not installed,not installed,not installed
https://github.com/mrstelmach/Deploy-ML-Model-on-Heroku-with-FastAPI,16,0,16,0,0,0,6,0,0,0,0,6,0,0,10,0,7,9,0,0,0,0,,,,not installed,not installed,not installed
https://github.com/sofa566/rasa-for-botfront-origin,42,6,36,0,0,0,17,0,0,0,0,0,0,5,20,0,26,16,0,0,0,0,,,,not installed,not installed,not installed
https://github.com/stanfordmlgroup/methane-gapfill-ml,12,2,10,0,0,0,7,2,0,1,0,5,4,0,0,0,7,5,0,0,0,0,,,,not installed,not installed,not installed
https://github.com/sonjaremmer/icdcoder,15,0,15,0,0,0,2,5,4,5,2,2,0,0,9,0,7,8,0,0,0,0,,,,not installed,not installed,not installed
https://github.com/manhhv87/densenet_bottleneck,6,0,6,0,0,0,6,0,0,0,0,0,0,0,0,0,2,4,0,0,0,0,,,,not installed,not installed,not installed
https://github.com/uncbiag/OAI_analysis,14,12,2,0,0,0,0,0,0,0,0,0,0,1,13,0,8,6,0,0,0,0,,,,not installed,not installed,not installed
https://github.com/DMAgit/INFOMAIR-Group30-2021,0,0,0,0,0,0,0,0,0,0,0,0,0,0,0,0,0,0,0,0,0,0,,,,not installed,not installed,not installed
https://github.com/Daryl-PSH/us_traffic,0,0,0,0,0,0,0,0,0,0,0,0,0,0,0,0,0,0,0,0,0,0,,,,not installed,not installed,not installed
https://github.com/m-beau/NeuroPyxels,38,6,32,0,0,0,33,27,3,2,6,5,0,2,0,0,20,18,0,0,0,0,,,,not installed,not installed,not installed
https://github.com/JMGaljaard/fltk-testbed,17,1,16,0,0,0,4,0,0,0,2,0,0,6,5,0,12,5,0,0,0,0,,,,not installed,not installed,not installed
https://github.com/tinkoff-ai/etna,31,8,23,0,0,0,3,1,0,1,0,0,0,0,27,0,20,11,0,0,0,0,,,,not installed,not installed,not installed
https://github.com/paquolalab/dRFEtools,0,0,0,0,0,0,0,0,0,0,0,0,0,0,0,0,0,0,0,0,0,0,,,,not installed,not installed,not installed
https://github.com/deepbreathe-ai/ab-line-classifier,9,0,9,0,0,0,1,1,6,7,7,7,0,0,2,0,4,5,0,0,0,0,,,,not installed,not installed,not installed
https://github.com/WadhwaniAI/cough-against-covid,51,30,21,0,0,0,8,0,2,5,5,5,0,0,38,0,31,20,0,0,0,0,,,,not installed,not installed,not installed
https://github.com/stepp1/protera-stability,8,1,7,0,0,0,3,3,0,0,0,3,0,5,0,0,3,5,0,0,0,0,,,,not installed,not installed,not installed
https://github.com/biasvariancelabs/aitlas,109,6,103,0,0,0,0,0,1,1,4,1,0,0,105,0,97,12,0,0,0,0,,,,not installed,not installed,not installed
https://github.com/tkim135/allennlp,72,17,54,0,1,0,14,1,5,0,0,2,2,10,40,0,37,35,0,0,0,0,,,,not installed,not installed,not installed
https://github.com/felixbur/nkululeko,192,5,187,0,0,0,70,75,21,40,12,25,0,10,86,0,119,73,0,0,0,0,,,,not installed,not installed,not installed
https://github.com/botfront/rasa-for-botfront,42,6,36,0,0,0,17,0,0,0,0,0,0,5,20,0,26,16,0,0,0,0,,,,not installed,not installed,not installed
https://github.com/selflein/MA-EBM,5,2,3,0,0,0,2,0,0,1,1,0,0,0,2,0,4,1,0,0,0,0,,,,not installed,not installed,not installed
https://github.com/frankier/skelshop,8,2,6,0,0,0,6,3,1,1,0,0,0,2,0,0,3,5,0,0,0,0,,,,not installed,not installed,not installed
https://github.com/xmuyulab/DAISM-XMBD,3,0,3,0,0,0,1,3,1,1,2,3,0,0,0,0,3,0,0,0,0,0,,,,not installed,not installed,not installed
https://github.com/nltk/nltk,186,36,150,0,0,0,6,0,0,0,0,0,0,40,140,0,149,37,0,0,0,0,,,,not installed,not installed,not installed
https://github.com/ethz-asl/object_keypoints,5,0,5,0,0,0,0,0,2,2,0,2,0,0,3,0,5,0,0,0,0,0,,,,not installed,not installed,not installed
https://github.com/microsoft/torchgeo,34,9,25,0,0,0,14,3,0,0,0,0,0,2,18,0,25,9,0,0,0,0,,,,not installed,not installed,not installed
https://github.com/javabudd/jtrader,13,2,11,0,0,0,9,9,5,5,0,3,4,0,0,0,7,2,4,0,0,0,,,,not installed,not installed,not installed
https://github.com/Jingnan-Jia/ssc_scoring,10,2,8,0,0,0,1,1,0,2,3,3,0,0,6,0,10,0,0,0,0,0,,,,not installed,not installed,not installed
https://github.com/cy-xu/cosmic-conn,4,1,3,0,0,0,0,0,2,2,2,2,0,0,2,0,3,1,0,0,0,0,,,,not installed,not installed,not installed
https://github.com/AugF/optimize-pygs,34,23,11,0,0,0,1,0,0,0,0,0,0,1,32,0,25,9,0,0,0,0,,,,not installed,not installed,not installed
https://github.com/nidhaloff/igel,9,8,1,0,0,0,0,0,0,0,0,0,0,4,5,0,5,4,0,0,0,0,,,,not installed,not installed,not installed
https://github.com/HastingsGreer/OAI_analysis,14,12,2,0,0,0,0,0,0,0,0,0,0,1,13,0,8,6,0,0,0,0,,,,not installed,not installed,not installed
https://github.com/almonds0166/BCN,22,0,22,0,0,0,7,7,7,7,7,7,0,0,15,0,13,9,0,0,0,0,,,,not installed,not installed,not installed
https://github.com/TeamGenerAid/GANerAid,1,0,1,0,0,0,0,0,0,0,0,0,0,1,0,0,1,0,0,0,0,0,,,,not installed,not installed,not installed
https://github.com/kkrismer/seqgra,50,2,48,0,0,0,45,0,44,45,45,45,0,4,1,0,26,24,0,0,0,0,,,,not installed,not installed,not installed
https://github.com/appleparan/mise.py,0,0,0,0,0,0,0,0,0,0,0,0,0,0,0,0,0,0,0,0,0,0,,,,not installed,not installed,not installed
https://github.com/MIC-DKFZ/nnDetection,28,0,28,0,0,0,10,0,0,0,3,6,0,0,12,0,12,16,0,0,0,0,,,,not installed,not installed,not installed
https://github.com/ThatFlint/FLTK-Testbed-Group-4,8,0,8,0,0,0,6,0,0,2,2,2,0,2,0,0,6,2,0,0,0,0,,,,not installed,not installed,not installed
https://github.com/made-ml-in-prod-2021/panda06,15,0,14,0,1,0,6,3,0,3,3,3,0,0,9,0,7,8,0,0,0,0,,,,not installed,not installed,not installed
https://github.com/Giulianini/image-alterations-detector,0,0,0,0,0,0,0,0,0,0,0,0,0,0,0,0,0,0,0,0,0,0,,,,not installed,not installed,not installed
https://github.com/BorgwardtLab/graphkernels-review,2,0,2,0,0,0,0,0,0,0,0,0,0,0,2,0,2,0,0,0,0,0,,,,not installed,not installed,not installed
https://github.com/LukasHedegaard/ride,29,0,29,0,0,0,10,0,0,0,0,0,19,0,0,0,6,4,19,0,0,0,,,,not installed,not installed,not installed
https://github.com/tangming2008/Project_ShortImmersive_Classification,1,0,1,0,0,0,1,1,1,1,1,1,0,0,0,0,1,0,0,0,0,0,,,,not installed,not installed,not installed
https://github.com/slatex/stexls,46,3,43,0,0,0,35,25,24,24,24,24,0,3,7,0,24,22,0,0,0,0,,,,not installed,not installed,not installed
https://github.com/realzza/Presento,70,0,70,0,0,0,0,0,1,0,0,1,35,0,34,0,35,0,35,0,0,0,,,,not installed,not installed,not installed
https://github.com/zudi-lin/pytorch_connectomics,145,31,114,0,0,0,11,0,2,2,2,0,0,6,126,0,92,53,0,0,0,0,,,,not installed,not installed,not installed
https://github.com/usnistgov/alignn,67,31,36,0,0,0,8,4,0,6,10,6,0,6,49,0,58,9,0,0,0,0,,,,not installed,not installed,not installed
https://github.com/PaddlePaddle/PaddleClas,138,15,123,0,0,0,24,2,36,0,0,0,0,26,50,0,78,60,0,0,0,0,,,,not installed,not installed,not installed
https://github.com/jdonzallaz/solarnet,3,0,3,0,0,0,0,0,2,0,0,2,0,1,0,0,3,0,0,0,0,0,,,,not installed,not installed,not installed
https://github.com/UCA-Datalab/nilm-thresholding,1,0,1,0,0,0,0,0,0,1,0,1,0,0,0,0,1,0,0,0,0,0,,,,not installed,not installed,not installed
https://github.com/WilliamZipanHe/CMPT733-Fishing-Activity-Detection,1,0,1,0,0,0,0,0,0,0,0,0,0,0,1,0,0,1,0,0,0,0,,,,not installed,not installed,not installed
https://github.com/sahilmodi/CheXpert-FewShot-Learning,45,0,45,0,0,0,0,0,0,4,3,3,0,0,41,0,26,19,0,0,0,0,,,,not installed,not installed,not installed
https://github.com/AlonEirew/cross-doc-event-coref,17,0,17,0,0,0,8,4,4,0,0,4,0,0,9,0,9,8,0,0,0,0,,,,not installed,not installed,not installed
https://github.com/deb-intel/LPOTtest,1352,72,1280,0,0,0,18,0,9,0,0,0,4,5,1321,0,1231,121,0,0,0,0,,,,not installed,not installed,not installed
https://github.com/djeada/Kaggle-Titanic,0,0,0,0,0,0,0,0,0,0,0,0,0,0,0,0,0,0,0,0,0,0,,,,not installed,not installed,not installed
https://github.com/handal95/hiper-analysis-network,2,0,2,0,0,0,0,0,0,0,0,0,0,0,2,0,2,0,0,0,0,0,,,,not installed,not installed,not installed
https://github.com/deep-voice/soundbay,12,0,12,0,0,0,4,3,3,1,0,1,2,0,2,0,9,3,0,0,0,0,,,,not installed,not installed,not installed
https://github.com/TerenceDumartin/ocular-disease-recognition,0,0,0,0,0,0,0,0,0,0,0,0,0,0,0,0,0,0,0,0,0,0,,,,not installed,not installed,not installed
https://github.com/CBICA/GaNDLF,36,7,29,0,0,0,19,0,1,12,12,16,0,0,12,0,26,10,0,0,0,0,,,,not installed,not installed,not installed
https://github.com/aildnont/water-forecast,3,0,3,0,0,0,0,3,3,3,0,3,0,0,0,0,1,2,0,0,0,0,,,,not installed,not installed,not installed
https://github.com/sgm-projects/sgm-analysis-computing-node,1,0,1,0,0,0,1,0,0,0,0,0,0,0,0,0,1,0,0,0,0,0,,,,not installed,not installed,not installed
https://github.com/rwiatr/aggets,7,0,7,0,0,0,3,0,0,2,0,2,0,0,2,0,5,2,0,0,0,0,,,,not installed,not installed,not installed
https://github.com/YaqiangCao/cLoops2,57,57,0,0,0,0,0,0,0,0,0,0,0,1,56,0,57,0,0,0,0,0,,,,not installed,not installed,not installed
https://github.com/voxel51/fiftyone,289,13,275,0,1,0,35,5,5,0,0,5,2,11,241,0,197,92,0,0,0,0,,,,not installed,not installed,not installed
https://github.com/lulivi/dgp-lib,4,0,4,0,0,0,0,0,0,0,0,0,4,0,0,0,0,0,4,0,0,0,,,,not installed,not installed,not installed
https://github.com/barahona-research-group/hcga,12,0,12,0,0,0,12,0,0,0,0,0,0,0,0,0,4,8,0,0,0,0,,,,not installed,not installed,not installed
https://github.com/CAMBI-tech/BciPy,53,28,25,0,0,0,19,6,6,12,0,6,0,3,31,0,27,26,0,0,0,0,,,,not installed,not installed,not installed
https://github.com/tanvig14/Phishy,7,0,7,0,0,0,1,1,1,1,1,1,0,0,6,0,2,5,0,0,0,0,,,,not installed,not installed,not installed
https://github.com/ezeeEric/DiVAE,35,0,35,0,0,0,10,0,0,0,0,0,0,2,23,0,19,16,0,0,0,0,,,,not installed,not installed,not installed
https://github.com/LakshyaMalhotra/Salary-prediction-based-on-job-descriptions,0,0,0,0,0,0,0,0,0,0,0,0,0,0,0,0,0,0,0,0,0,0,,,,not installed,not installed,not installed
https://github.com/jingquan-wang/mrp7pred,10,1,9,0,0,0,2,3,0,1,0,0,0,0,7,0,3,7,0,0,0,0,,,,not installed,not installed,not installed
https://github.com/ranjita-naik/allennlp,69,16,51,0,2,0,10,0,3,0,0,2,2,13,41,0,33,36,0,0,0,0,,,,not installed,not installed,not installed
https://github.com/WildflowerSchools/wf-process-cuwb-data,9,0,9,0,0,0,9,7,0,0,0,0,0,0,0,0,7,2,0,0,0,0,,,,not installed,not installed,not installed
https://github.com/YttriLab/B-SOID,2,2,0,0,0,0,0,0,0,0,0,0,0,0,2,0,2,0,0,0,0,0,,,,not installed,not installed,not installed
https://github.com/HaoyeTianCoder/BATS,81,3,78,0,0,0,24,4,0,0,2,1,0,0,56,0,51,30,0,0,0,0,,,,not installed,not installed,not installed
https://github.com/yliess86/PaintsTorch2,4,0,4,0,0,0,0,0,1,0,0,0,0,0,3,0,4,0,0,0,0,0,,,,not installed,not installed,not installed
https://github.com/IG-AI/Aichemy,9,0,9,0,0,0,0,6,0,6,6,0,0,3,0,0,5,4,0,0,0,0,,,,not installed,not installed,not installed
https://github.com/aprox13/ml,0,0,0,0,0,0,0,0,0,0,0,0,0,0,0,0,0,0,0,0,0,0,,,,not installed,not installed,not installed
https://github.com/lukapecnik/NiaAML,1,0,1,0,0,0,1,1,0,0,0,0,0,0,0,0,1,0,0,0,0,0,,crash: AttributeError: 'NoneType' object has no attribute 'strip',,not installed,not installed,not installed
https://github.com/alanying/london-emotions,7,0,7,0,0,0,1,1,0,1,1,1,0,0,6,0,3,4,0,0,0,0,,,,not installed,not installed,not installed
https://github.com/ThanosPAS/gent2-predictor,8,0,8,0,0,0,4,2,4,0,0,4,0,0,0,0,6,2,0,0,0,0,,,,not installed,not installed,not installed
https://github.com/StephAO/olfmlm,50,1,48,0,1,0,4,4,3,4,0,4,0,3,34,0,27,23,0,0,0,0,,,,not installed,not installed,not installed
https://github.com/samsledje/D-SCRIPT,12,0,12,0,0,0,5,1,0,1,3,11,0,0,1,0,11,1,0,0,0,0,,,,not installed,not installed,not installed
https://github.com/julian-risch/PatentMatch-FARM,54,4,50,0,0,0,34,29,26,5,4,1,0,0,8,0,48,6,0,0,0,0,,,,not installed,not installed,not installed
https://github.com/AtrCheema/AI4Water,9,3,6,0,0,0,6,8,0,0,0,0,0,0,1,0,5,4,0,0,0,0,,,,not installed,not installed,not installed
https://github.com/netr0m/katatasso,5,1,4,0,0,0,3,0,0,0,0,0,0,0,2,0,2,3,0,0,0,0,,,,not installed,not installed,not installed
https://github.com/wojtek11530/song_lyric_classification,26,0,24,0,2,0,0,0,0,0,0,1,1,1,23,0,19,6,1,0,0,0,,,,not installed,not installed,not installed
https://github.com/lebrice/Sequoia,12,7,5,0,0,0,0,0,0,0,0,0,0,5,7,0,5,7,0,0,0,0,,,,not installed,not installed,not installed
https://github.com/sandrich/classifying_digits_mnist,5,0,5,0,0,0,3,3,3,3,0,3,0,0,2,0,3,2,0,0,0,0,,,,not installed,not installed,not installed
https://github.com/nmichlo/disent,5,1,4,0,0,0,4,0,0,0,0,1,0,0,0,0,4,1,0,0,0,0,,,,not installed,not installed,not installed
https://github.com/uio-bmi/immuneML,205,1,204,0,0,0,16,4,2,3,0,4,0,15,170,0,55,150,0,0,0,0,,,,not installed,not installed,not installed
https://github.com/Xingbaji/rasa_bert_nlu,39,1,38,0,0,0,19,0,6,6,6,9,2,0,18,0,14,25,0,0,0,0,,,,not installed,not installed,not installed
https://github.com/AlaaBejaoui/AberdeenProject,18,2,16,0,0,0,11,4,4,4,2,4,0,0,5,0,12,6,0,0,0,0,,,,not installed,not installed,not installed
https://github.com/PNLPUOS/PNLPUOS,15,2,13,0,0,0,10,12,12,10,5,10,0,0,0,0,7,8,0,0,0,0,,,,not installed,not installed,not installed
https://github.com/alonemanuel/twitter-author-predictor,3,0,3,0,0,0,0,0,0,0,0,0,0,0,3,0,1,2,0,0,0,0,,,,not installed,not installed,not installed
https://github.com/aildnont/HIFIS-model,5,0,5,0,0,0,0,0,0,0,0,0,0,0,5,0,2,3,0,0,0,0,,,,not installed,not installed,not installed
https://github.com/chemprop/chemprop,14,0,14,0,0,0,3,3,4,6,4,8,0,4,1,0,13,1,0,0,0,0,,,,not installed,not installed,not installed
https://github.com/voidful/TFkit,47,14,33,0,0,0,2,7,10,0,0,0,0,0,35,0,47,0,0,0,0,0,,,,not installed,not installed,not installed
https://github.com/matkalinowski/EfficientNet-on-Stanford-Cars-Dataset,1,0,1,0,0,0,0,0,0,0,0,0,0,1,0,0,0,1,0,0,0,0,,,,not installed,not installed,not installed
https://github.com/ryh95/low_dim_numeracy,39,0,39,0,0,0,2,2,0,0,0,0,0,1,36,0,16,23,0,0,0,0,,,,not installed,not installed,not installed
https://github.com/oliviermirat/ZebraZoom,95,0,95,0,0,0,61,18,10,7,2,7,0,3,31,0,42,53,0,0,0,0,,,,not installed,not installed,not installed
https://github.com/willywsm1013/transformers-for-question-generation,489,2,487,0,0,0,25,9,6,2,2,7,0,5,453,0,456,33,0,0,0,0,,,,not installed,not installed,not installed
https://github.com/GenoML/genoml2,22,12,10,0,0,0,11,7,0,0,0,1,0,1,10,0,14,8,0,0,0,0,,,,not installed,not installed,not installed
https://github.com/tlawrence3/amPEPpy,3,0,3,0,0,0,3,3,3,3,3,3,0,0,0,0,1,2,0,0,0,0,,,,not installed,not installed,not installed
https://github.com/wellcometrust/grants_tagger,74,6,65,0,3,0,16,7,3,5,13,6,0,0,48,0,37,37,0,0,0,0,,,,not installed,not installed,not installed
https://github.com/flomock/vidhop,3,0,3,0,0,0,3,1,3,1,1,3,0,0,0,0,1,2,0,0,0,0,,,,not installed,not installed,not installed
https://github.com/ddpoe/emt_project,0,0,0,0,0,0,0,0,0,0,0,0,0,0,0,0,0,0,0,0,0,0,,,,not installed,not installed,not installed
https://github.com/dicaso/sina,74,15,57,0,2,0,24,24,24,24,24,24,0,0,50,0,34,40,0,0,0,0,,,,not installed,not installed,not installed
https://github.com/TRI-AMDD/CAMD,33,5,27,0,1,0,11,1,1,0,0,0,0,0,22,0,23,10,0,0,0,0,,,,not installed,not installed,not installed
https://github.com/doraadong/MESSI,6,0,6,0,0,0,0,0,2,2,0,2,2,0,2,0,3,3,0,0,0,0,,,,not installed,not installed,not installed
https://github.com/GiuliaLanzillotta/Econobox-SA,40,0,40,0,0,0,17,4,4,4,4,4,0,0,22,0,21,19,0,0,0,0,,,,not installed,not installed,not installed
https://github.com/pikvic/sgm-python,1,0,1,0,0,0,1,0,0,0,0,0,0,0,0,0,1,0,0,0,0,0,,,,not installed,not installed,not installed
https://github.com/QData/TextAttack,130,0,130,0,0,0,20,24,25,1,1,19,11,30,47,0,96,23,11,0,0,0,,,,not installed,not installed,not installed
https://github.com/mathdoug/Project_ML2,0,0,0,0,0,0,0,0,0,0,0,0,0,0,0,0,0,0,0,0,0,0,,,,not installed,not installed,not installed
https://github.com/anguyen8/sam,58,3,55,0,0,0,0,0,0,10,10,10,0,0,48,0,50,8,0,0,0,0,,,,not installed,not installed,not installed
https://github.com/Daanielvb/text-extractor,7,0,7,0,0,0,5,5,0,0,0,0,0,2,0,0,2,5,0,0,0,0,,,,not installed,not installed,not installed
https://github.com/phucdev/TL_Bio_RE,11,0,11,0,0,0,6,1,2,2,3,2,0,0,3,0,7,4,0,0,0,0,,,,not installed,not installed,not installed
https://github.com/winedarksea/AutoTS,10,1,9,0,0,0,7,7,7,7,0,7,0,0,3,0,6,4,0,0,0,0,,,,not installed,not installed,not installed
https://github.com/THUDM/cogdl,75,3,72,0,0,0,5,4,2,0,2,0,0,2,66,0,64,11,0,0,0,0,,,,not installed,not installed,not installed
https://github.com/arsfutura/face-recognition,2,0,2,0,0,0,0,0,0,0,0,0,0,0,2,0,1,1,0,0,0,0,,,,not installed,not installed,not installed
https://github.com/clara-parabricks/AtacWorks,4,1,3,0,0,0,1,0,0,0,0,0,0,0,3,0,4,0,0,0,0,0,,,,not installed,not installed,not installed
https://github.com/matthew-sochor/transfer,7,1,6,0,0,0,7,0,0,0,0,0,0,0,0,0,7,0,0,0,0,0,,,,not installed,not installed,not installed
https://github.com/allegro/allRank,2,1,1,0,0,0,0,0,0,0,0,0,0,2,0,0,2,0,0,0,0,0,,,,not installed,not installed,not installed
https://github.com/PaddlePaddle/ERNIE,73,25,48,0,0,0,16,4,0,8,9,1,0,10,41,0,50,23,0,0,0,0,,,,not installed,not installed,not installed
https://github.com/dfdazac/mpqe,41,0,41,0,0,0,31,0,29,0,0,0,0,0,10,0,12,29,0,0,0,0,,,,not installed,not installed,not installed
https://github.com/abhinavkashyap/sciwing,18,4,14,0,0,0,6,3,0,3,3,6,0,1,8,0,16,2,0,0,0,0,,,,not installed,not installed,not installed
https://github.com/apollomok/allennlp,69,16,51,0,2,0,10,0,3,0,0,2,2,13,41,0,33,36,0,0,0,0,,,,not installed,not installed,not installed
https://github.com/clinfo/kGCN,17,10,7,0,0,0,0,0,0,0,0,0,0,1,16,0,9,8,0,0,0,0,,,,not installed,not installed,not installed
https://github.com/JakubBartoszewicz/DeePaC,6,2,4,0,0,0,2,0,0,0,0,0,0,0,4,0,3,3,0,0,0,0,,,,not installed,not installed,not installed
https://github.com/cutright/DVH-Analytics,28,1,27,0,0,0,27,0,0,0,0,0,0,1,0,0,23,5,0,0,0,0,,,,not installed,not installed,not installed
https://github.com/domi385/Histo,1,0,1,0,0,0,0,0,0,0,0,0,0,0,1,0,1,0,0,0,0,0,,,,not installed,not installed,not installed
https://github.com/yurilq/rasa01,58,7,51,0,0,0,32,3,7,7,0,7,2,6,18,0,23,35,0,0,0,0,,,,not installed,not installed,not installed
https://github.com/KevinMenden/scaden,0,0,0,0,0,0,0,0,0,0,0,0,0,0,0,0,0,0,0,0,0,0,,,,not installed,not installed,not installed
https://github.com/esteinig/achilles,7,0,7,0,0,0,6,5,1,1,4,1,0,0,0,0,4,3,0,0,0,0,,,,not installed,not installed,not installed
https://github.com/rcdilorenzo/abfs,2,0,2,0,0,0,0,0,0,0,0,0,0,2,0,0,2,0,0,0,0,0,,,,not installed,not installed,not installed
https://github.com/LokiLuciferase/phenotrex,3,0,3,0,0,0,2,0,0,0,0,0,0,1,0,0,2,1,0,0,0,0,,,,not installed,not installed,not installed
https://github.com/ludwig-ai/ludwig,95,8,84,0,3,0,19,13,10,3,0,1,0,4,66,0,83,12,0,0,0,0,,,,not installed,not installed,not installed
https://github.com/MartinXPN/word2morph,2,0,2,0,0,0,0,0,0,0,0,0,0,2,0,0,1,1,0,0,0,0,,,,not installed,not installed,not installed
https://github.com/Merck/deepbgc,23,1,22,0,0,0,20,15,16,5,0,5,2,0,1,0,11,12,0,0,0,0,,,,not installed,not installed,not installed
https://github.com/asalomatov/variants,2,1,1,0,0,0,0,0,0,0,0,0,0,0,2,0,1,1,0,0,0,0,,,,not installed,not installed,not installed
https://github.com/newsgac/platform,54,2,52,0,0,0,0,0,0,0,1,2,0,14,37,0,8,46,0,0,0,0,,,,not installed,not installed,not installed
https://github.com/penguinarmy94/AirSafe,1,0,1,0,0,0,0,0,0,0,0,0,0,0,1,0,0,1,0,0,0,0,,,,not installed,not installed,not installed
https://github.com/DeepLabCut/DeepLabCut,176,21,155,0,0,0,96,41,9,1,0,9,0,15,56,0,95,81,0,0,0,0,,,,not installed,not installed,not installed
https://github.com/jvs/autom8,2,0,2,0,0,0,1,0,0,0,0,0,0,0,1,0,1,1,0,0,0,0,,,,not installed,not installed,not installed
https://github.com/NLPatVCU/medaCy,6,2,4,0,0,0,5,3,0,4,0,4,0,0,0,0,5,1,0,0,0,0,,,,not installed,not installed,not installed
https://github.com/danmar3/hate-detector,3,0,3,0,0,0,3,0,0,3,0,0,0,0,0,0,1,2,0,0,0,0,,,,not installed,not installed,not installed
https://github.com/rmill040/citrees,27,5,22,0,0,0,9,1,0,0,0,0,0,4,14,0,20,7,0,0,0,0,,,,not installed,not installed,not installed
https://github.com/gvo34/energy-solar,2,1,1,0,0,0,2,2,2,2,2,2,0,0,0,0,1,1,0,0,0,0,,,,not installed,not installed,not installed
https://github.com/piccolbo/rightload,4,0,4,0,0,0,2,0,0,0,0,1,0,1,0,0,2,2,0,0,0,0,,,,not installed,not installed,not installed
https://github.com/minerva-ml/open-solution-toxic-comments,7,2,5,0,0,0,3,3,0,0,1,0,0,4,0,0,4,3,0,0,0,0,,,,not installed,not installed,not installed
https://github.com/ziweiwu/ML-RNA-Microarray,1,1,0,0,0,0,0,0,0,0,0,0,0,0,1,0,0,1,0,0,0,0,,,,not installed,not installed,not installed
https://github.com/emanjavacas/pie,15,3,12,0,0,0,5,2,2,2,3,4,4,0,4,0,11,4,0,0,0,0,,,,not installed,not installed,not installed
https://github.com/paubellot/DL-Biobank,0,0,0,0,0,0,0,0,0,0,0,0,0,0,0,0,0,0,0,0,0,0,,,,not installed,not installed,not installed
https://github.com/marl/l3embedding,4,0,4,0,0,0,3,1,1,1,1,1,0,0,0,0,0,4,0,0,0,0,,,,not installed,not installed,not installed
https://github.com/e2crawfo/dps,71,19,52,0,0,0,29,8,0,2,2,2,0,11,29,0,35,36,0,0,0,0,,,,not installed,not installed,not installed
https://github.com/rschweiz1/frontier,1,0,1,0,0,0,0,0,0,0,0,0,0,0,1,0,1,0,0,0,0,0,,,,not installed,not installed,not installed
https://github.com/minerva-ml/open-solution-data-science-bowl-2018,4,0,4,0,0,0,1,0,3,2,0,2,0,0,0,0,4,0,0,0,0,0,,,,not installed,not installed,not installed
https://github.com/ScottfreeLLC/AlphaPy,20,0,20,0,0,0,10,3,1,1,1,1,0,2,8,0,12,8,0,0,0,0,,,,not installed,not installed,not installed
https://github.com/sdpython/mlprodict,135,0,135,0,0,0,9,4,2,3,3,3,0,4,119,0,46,89,0,0,0,0,,,,not installed,not installed,not installed
https://github.com/Caparrini/pyGenreClf,2,2,0,0,0,0,0,2,0,0,0,0,0,0,0,0,2,0,0,0,0,0,,,,not installed,not installed,not installed
https://github.com/pennmem/ram_utils,19,2,17,0,0,0,0,3,0,0,3,0,0,4,12,0,7,12,0,0,0,0,,,,not installed,not installed,not installed
https://github.com/rkcosmos/deepcut,3,0,3,0,0,0,0,0,0,0,0,0,0,0,3,0,1,2,0,0,0,0,,,,not installed,not installed,not installed
https://github.com/MTI830PyTraders/TradingPlayground,0,0,0,0,0,0,0,0,0,0,0,0,0,0,0,0,0,0,0,0,0,0,,,,not installed,not installed,not installed
https://github.com/Hate-Speech-Detection-Project/hate_detector,1,0,1,0,0,0,0,0,0,0,0,0,0,0,1,0,1,0,0,0,0,0,,,,not installed,not installed,not installed
https://github.com/soaxelbrooke/ptclf,12,2,10,0,0,0,12,0,2,3,4,4,0,0,0,0,11,1,0,0,0,0,,,,not installed,not installed,not installed
https://github.com/RDFLib/graph-pattern-learner,10,1,9,0,0,0,8,0,0,0,0,0,0,1,1,0,1,9,0,0,0,0,,,,not installed,not installed,not installed
https://github.com/linc-lion/linc-cv,13,0,13,0,0,0,5,0,0,0,0,0,0,0,8,0,11,2,0,0,0,0,,,,not installed,not installed,not installed
https://github.com/yzhao062/pyod,11,0,11,0,0,0,0,0,0,0,0,0,0,0,11,0,7,4,0,0,0,0,,,,not installed,not installed,not installed
https://github.com/quasi-coherent/basketball_reference,0,0,0,0,0,0,0,0,0,0,0,0,0,0,0,0,0,0,0,0,0,0,,,,not installed,not installed,not installed
https://github.com/vpekar/forecastml,0,0,0,0,0,0,0,0,0,0,0,0,0,0,0,0,0,0,0,0,0,0,,,,not installed,not installed,not installed
https://github.com/grahammorehead/gmutils,8,1,7,0,0,0,7,0,0,0,7,0,0,0,1,0,4,4,0,0,0,0,,,,not installed,not installed,not installed
https://github.com/GeoscienceAustralia/uncover-ml,37,2,35,0,0,0,13,3,4,3,3,3,0,1,20,0,24,13,0,0,0,0,,,,not installed,not installed,not installed
https://github.com/federico-terzi/pygarl,0,0,0,0,0,0,0,0,0,0,0,0,0,0,0,0,0,0,0,0,0,0,,,,not installed,not installed,not installed
https://github.com/CS-433/ml-project-2-amg66,0,0,0,0,0,0,0,0,0,0,0,0,0,0,0,0,0,0,0,0,0,0,,,,not installed,not installed,not installed
https://github.com/Walpolen/YOLO-V5-Top-view-detect,56,23,33,0,0,0,38,0,10,3,1,4,0,0,15,0,41,15,0,0,0,0,,,,not installed,not installed,not installed
https://github.com/Chumsy0725/logit-adj-pytorch,0,0,0,0,0,0,0,0,0,0,0,0,0,0,0,0,0,0,0,0,0,0,,,,not installed,not installed,not installed
https://github.com/Diane10/mlawesome,7,0,7,0,0,0,7,7,7,7,7,7,0,0,0,0,0,7,0,0,0,0,,,,not installed,not installed,not installed
https://github.com/rknaebel/discopy,32,0,32,0,0,0,30,30,0,30,30,13,0,0,1,0,12,20,0,0,0,0,,,,not installed,not installed,not installed
https://github.com/arcaorm00/stock_psychic_api,13,0,13,0,0,0,12,4,12,0,0,0,0,0,1,0,8,5,0,0,0,0,,,,not installed,not installed,not installed
https://github.com/ngminhhieu/ai_platform,1,0,1,0,0,0,1,1,1,1,0,0,0,0,0,0,1,0,0,0,0,0,,,,not installed,not installed,not installed
https://github.com/nemaher/stocks,7,0,7,0,0,0,5,0,0,0,0,0,0,0,2,0,4,3,0,0,0,0,,,,not installed,not installed,not installed
https://github.com/isabellagc/recipes,13,0,13,0,0,0,6,6,6,6,6,6,0,0,7,0,10,3,0,0,0,0,,,,not installed,not installed,not installed
https://github.com/robertvunabandi/mit-smart-confessions-data,2,0,2,0,0,0,0,0,0,0,0,0,0,0,2,0,1,1,0,0,0,0,,,,not installed,not installed,not installed
https://github.com/SamuelPecar/nl-fiit-wassa-emotion,1,0,1,0,0,0,1,0,1,1,1,1,0,0,0,0,1,0,0,0,0,0,,,,not installed,not installed,not installed
https://github.com/nginyc/trash-classifier,0,0,0,0,0,0,0,0,0,0,0,0,0,0,0,0,0,0,0,0,0,0,,,,not installed,not installed,not installed
https://github.com/kundajelab/dragonn,22,8,14,0,0,0,0,0,7,7,0,7,0,0,15,0,8,14,0,0,0,0,,,,not installed,not installed,not installed
https://github.com/microsoft/OLive,128,8,120,0,0,0,16,18,6,11,0,19,0,10,96,0,107,21,0,0,0,0,,,,not installed,not installed,not installed
https://github.com/manlio99/vibe,35,0,35,0,0,0,9,0,4,2,1,5,0,8,11,0,25,10,0,0,0,0,,,,not installed,not installed,not installed
https://github.com/justOleh/CSC-Hackathon-2021-MLions,6,0,6,0,0,0,6,4,4,3,3,1,0,0,0,0,4,2,0,0,0,0,,,,not installed,not installed,not installed
https://github.com/a2un/CS3710-Course-Project,13,8,5,0,0,0,1,1,0,1,1,0,0,4,8,0,9,4,0,0,0,0,,,,not installed,not installed,not installed
https://github.com/thatcherfreeman/CS231A-FinalProject,1,0,1,0,0,0,0,1,0,0,0,0,0,0,0,0,1,0,0,0,0,0,,,,not installed,not installed,not installed
https://github.com/annaandraszek/Matching-Predicting-Scientific-Variables,8,1,7,0,0,0,0,0,0,0,0,5,0,0,3,0,2,6,0,0,0,0,,,,not installed,not installed,not installed
https://github.com/bruceplai/ml-capstone,4,0,4,0,0,0,0,1,1,1,1,1,0,0,3,0,2,2,0,0,0,0,,,,not installed,not installed,not installed
https://github.com/mkocabas/VIBE,35,0,35,0,0,0,9,0,4,2,1,5,0,8,11,0,25,10,0,0,0,0,,,,not installed,not installed,not installed
https://github.com/allenai/deep_qa,5,0,5,0,0,0,0,0,5,0,0,5,0,0,0,0,1,4,0,0,0,0,,,,not installed,not installed,not installed
https://github.com/emanuel248/yolov3-pytorch,6,0,6,0,0,0,4,0,0,3,0,1,0,0,2,0,6,0,0,0,0,0,,,,not installed,not installed,not installed
https://github.com/AnatoliiPotapov/inpainting_FRRN,9,0,9,0,0,0,1,0,4,0,0,0,0,0,4,0,9,0,0,0,0,0,,,,not installed,not installed,not installed
https://github.com/yangarbiter/adversarial-nonparametrics,4,0,4,0,0,0,4,0,0,0,0,4,0,0,0,0,3,1,0,0,0,0,,,,not installed,not installed,not installed
https://github.com/faical-allou/grabchallenge,0,0,0,0,0,0,0,0,0,0,0,0,0,0,0,0,0,0,0,0,0,0,,,,not installed,not installed,not installed
https://github.com/yuanlida/rasa,60,8,52,0,0,0,34,3,7,7,0,7,2,6,18,0,24,36,0,0,0,0,,,,not installed,not installed,not installed
https://github.com/Oliverdeb/time-series-analysis-ml-honours-thesis,12,0,12,0,0,0,5,0,0,0,0,0,0,0,7,0,5,7,0,0,0,0,,,,not installed,not installed,not installed
https://github.com/TeamHG-Memex/hh-page-classifier,18,3,15,0,0,0,8,8,7,1,1,8,0,3,7,0,8,10,0,0,0,0,,,,not installed,not installed,not installed
https://github.com/YannDubs/lossyless,8,0,8,0,0,0,2,2,1,1,1,1,0,0,5,0,5,3,0,0,0,0,,,,not installed,not installed,not installed
https://github.com/goruck/radar-ml,21,0,21,0,0,0,7,7,7,7,7,7,0,0,14,0,8,13,0,0,0,0,,,,not installed,not installed,not installed
https://github.com/stevencoveta/Portfolio-neural-network-,0,0,0,0,0,0,0,0,0,0,0,0,0,0,0,0,0,0,0,0,0,0,,,,not installed,not installed,not installed
https://github.com/yuyangaichifan/e2e_3D_yu,42,0,42,0,0,0,14,0,9,2,1,7,0,8,11,0,32,10,0,0,0,0,,,,not installed,not installed,not installed
https://github.com/d-michele/gene-fusions-classifier,25,0,25,0,0,0,22,0,21,23,23,23,0,0,1,0,9,16,0,0,0,0,,,,not installed,not installed,not installed
https://github.com/punyajoy/nasrl-without-training,0,0,0,0,0,0,0,0,0,0,0,0,0,0,0,0,0,0,0,0,0,0,,,,not installed,not installed,not installed
https://github.com/kudep/DeepBurtsev,7,1,6,0,0,0,7,2,0,0,2,0,0,0,0,0,5,2,0,0,0,0,,,,not installed,not installed,not installed
https://github.com/Jacob-Bishop/TTS,35,1,34,0,0,0,5,0,0,5,0,5,0,2,28,0,25,10,0,0,0,0,,,,not installed,not installed,not installed
https://github.com/alsoncahyadi/absa_ml,47,0,47,0,0,0,5,12,24,6,7,10,0,0,14,0,19,28,0,0,0,0,,,,not installed,not installed,not installed
https://github.com/bachelorbois/HumorHeadlines,6,0,6,0,0,0,0,0,0,0,0,0,0,0,6,0,2,4,0,0,0,0,,,,not installed,not installed,not installed
https://github.com/Mukeshjv9798/TTS,25,1,24,0,0,0,5,0,0,5,0,5,0,2,18,0,19,6,0,0,0,0,,,,not installed,not installed,not installed
https://github.com/nodiz/YOLOv3-pedestrian,11,0,11,0,0,0,3,0,0,1,0,2,0,0,8,0,7,4,0,0,0,0,,,,not installed,not installed,not installed
https://github.com/modaresimr/UnifiedAR,20,5,15,0,0,0,5,3,0,0,1,1,0,3,11,0,16,4,0,0,0,0,,,,not installed,not installed,not installed
https://github.com/rmardian/neural-optimizer,4,0,4,0,0,0,0,0,0,0,0,0,0,2,2,0,1,3,0,0,0,0,,,,not installed,not installed,not installed
https://github.com/JohnMBrandt/text-classification,3,0,3,0,0,0,3,3,3,3,3,3,0,0,0,0,1,2,0,0,0,0,,,,not installed,not installed,not installed
https://github.com/zhenghuazx/toxic-comment,4,0,4,0,0,0,4,0,4,0,0,0,0,0,0,0,0,4,0,0,0,0,,,,not installed,not installed,not installed
https://github.com/lens-biophotonics/BCFind,14,0,14,0,0,0,7,5,0,0,1,1,0,6,1,0,6,8,0,0,0,0,,,,not installed,not installed,not installed
https://github.com/thiagofigcosta/stock-pred-v2,6,1,5,0,0,0,2,0,0,0,0,0,0,4,0,0,3,3,0,0,0,0,,,,not installed,not installed,not installed
https://github.com/danielphilippi/imgClassification_quickdraw,3,0,3,0,0,0,3,1,1,1,1,1,0,0,0,0,1,2,0,0,0,0,,,,not installed,not installed,not installed
https://github.com/yuyangaichifan/VIBE_yu,35,0,35,0,0,0,9,0,4,2,1,5,0,8,11,0,25,10,0,0,0,0,,,,not installed,not installed,not installed
https://github.com/ethylomat/LegalComplete,1,0,1,0,0,0,1,0,0,0,0,0,0,0,0,0,1,0,0,0,0,0,,,,not installed,not installed,not installed
https://github.com/hiennguyen9874/person-attribute-recognition,13,0,13,0,0,0,0,0,0,1,1,1,0,2,9,0,9,4,0,0,0,0,,,,not installed,not installed,not installed
https://github.com/alvinlander/TTS,25,1,24,0,0,0,5,0,0,5,0,5,0,2,18,0,19,6,0,0,0,0,,,,not installed,not installed,not installed
https://github.com/samip-thakkar/fraud-detection,6,1,5,0,0,0,0,0,0,0,0,0,0,0,6,0,3,3,0,0,0,0,,,,not installed,not installed,not installed
https://github.com/AIWintermuteAI/aXeleRate,22,9,13,0,0,0,5,0,5,0,0,0,0,5,12,0,11,11,0,0,0,0,,,,not installed,not installed,not installed
https://github.com/gauravaror/catastrophic_forgetting,16,0,16,0,0,0,1,0,0,1,1,1,0,0,15,0,12,4,0,0,0,0,,,,not installed,not installed,not installed
https://github.com/kakusikun/deep-learning-works,3,0,3,0,0,0,0,0,0,1,0,1,0,0,2,0,2,1,0,0,0,0,,,,not installed,not installed,not installed
https://github.com/rohanchandra30/TrackNPred,11,2,9,0,0,0,2,0,0,1,0,2,0,2,5,0,10,1,0,0,0,0,,,,not installed,not installed,not installed
https://github.com/mlflow/mlflow,1008,27,979,0,2,0,35,1,7,4,0,4,15,36,915,0,890,103,15,0,0,0,,,,not installed,not installed,not installed
https://github.com/forjustice7474/pls,35,0,35,0,0,0,9,0,4,2,1,5,0,8,11,0,25,10,0,0,0,0,,,,not installed,not installed,not installed
https://github.com/egi-megi/siec_neuronowa_Jurkiewicz_Sulek,0,0,0,0,0,0,0,0,0,0,0,0,0,0,0,0,0,0,0,0,0,0,,,,not installed,not installed,not installed
https://github.com/L4zyy/CVIBE,39,0,39,0,0,0,9,0,6,2,1,5,0,8,13,0,29,10,0,0,0,0,,,,not installed,not installed,not installed
https://github.com/HadarakDev/Kaggle_iWildCam2020,0,0,0,0,0,0,0,0,0,0,0,0,0,0,0,0,0,0,0,0,0,0,,,,not installed,not installed,not installed
https://github.com/wangcongcong123/ttt,30,1,29,0,0,0,8,10,8,0,0,0,0,0,14,0,26,4,0,0,0,0,,,,not installed,not installed,not installed
https://github.com/ankandrew/cnn-ocr-lp,2,0,2,0,0,0,0,0,0,0,0,0,0,0,2,0,1,1,0,0,0,0,,,,not installed,not installed,not installed
https://github.com/lab-midas/med_segmentation,41,0,41,0,0,0,37,3,0,12,3,23,0,3,1,0,16,25,0,0,0,0,,,,not installed,not installed,not installed
https://github.com/BBQuercus/deepBlink,4,0,4,0,0,0,1,0,0,0,0,0,0,0,3,0,1,3,0,0,0,0,,,,not installed,not installed,not installed
https://github.com/lonelos/tts,25,1,24,0,0,0,5,0,0,5,0,5,0,2,18,0,19,6,0,0,0,0,,,,not installed,not installed,not installed
https://github.com/SIPVZ/timecop,6,0,6,0,0,0,4,0,0,1,1,5,0,1,0,0,2,4,0,0,0,0,,,,not installed,not installed,not installed
https://github.com/syeehyn/hinreddit,30,19,11,0,0,0,29,29,0,0,0,2,0,0,1,0,19,11,0,0,0,0,,,,not installed,not installed,not installed
https://github.com/kotoroshinoto/whostheboss,39,1,38,0,0,0,21,9,6,6,3,6,0,0,18,0,13,26,0,0,0,0,,,,not installed,not installed,not installed
https://github.com/ICB-DCM/pyABC,32,2,30,0,0,0,0,0,0,0,0,11,0,4,17,0,8,24,0,0,0,0,,,,not installed,not installed,not installed
https://github.com/mgalardini/pyseer,26,14,12,0,0,0,10,2,0,0,0,0,0,0,16,0,12,14,0,0,0,0,,,,not installed,not installed,not installed
https://github.com/MINGG2333/TextAttack,96,0,96,0,0,0,20,22,23,1,1,17,0,31,25,0,72,24,0,0,0,0,,,,not installed,not installed,not installed
https://github.com/Daewon-Hwang/VIBE,35,0,35,0,0,0,9,0,4,2,1,5,0,8,11,0,25,10,0,0,0,0,,,,not installed,not installed,not installed
https://github.com/ShreeshaN/COVID_19,21,0,21,0,0,0,8,2,6,9,9,9,0,0,10,0,8,13,0,0,0,0,,,,not installed,not installed,not installed
https://github.com/aletrujim/vibe-test,35,0,35,0,0,0,9,0,4,2,1,5,0,8,11,0,25,10,0,0,0,0,,,,not installed,not installed,not installed
https://github.com/erickeagle/beingdatum,5,2,3,0,0,0,1,1,1,1,1,1,0,0,4,0,0,5,0,0,0,0,,,,not installed,not installed,not installed
https://github.com/capreolus-ir/capreolus,85,15,70,0,0,0,13,5,0,4,4,4,0,10,55,0,59,26,0,0,0,0,,,,not installed,not installed,not installed
https://github.com/BBVA/timecop,6,0,6,0,0,0,4,0,0,1,1,5,0,1,0,0,2,4,0,0,0,0,,,,not installed,not installed,not installed
https://github.com/Daniel139/Freesound_Audio_Tagging-COMP47650,4,0,4,0,0,0,4,4,0,0,0,0,0,0,0,0,2,2,0,0,0,0,,,,not installed,not installed,not installed
https://github.com/xiamaz/flowCat,4,0,4,0,0,0,0,0,0,0,0,0,0,1,3,0,2,2,0,0,0,0,,,,not installed,not installed,not installed
https://github.com/TylerYep/lung-xray,3,0,3,0,0,0,0,0,2,0,0,0,0,0,1,0,3,0,0,0,0,0,,,,not installed,not installed,not installed
https://github.com/Ugness/Line-Art-Colorization-SPADE,18,4,14,0,0,0,3,0,0,0,0,0,0,6,9,0,7,11,0,0,0,0,,,,not installed,not installed,not installed
https://github.com/codedecde/AttentionSegmentation,63,19,44,0,0,0,6,0,1,3,0,0,0,14,39,0,30,33,0,0,0,0,,,,not installed,not installed,not installed
https://github.com/Asteur/deep-qa,5,0,5,0,0,0,0,0,5,0,0,5,0,0,0,0,1,4,0,0,0,0,,,,not installed,not installed,not installed
