stage,insecure_deserialization,untrusted_model_download,code_injection,command_injection,vulnerable_dependency,sql_injection,network_security,xss_template_injection,url_scheme_ssrf,flask_django_misconfig,xxe_xml,tempfile_and_perms,weak_crypto,path_traversal,hardcoded_secret,total
data_acquisition,1411,61,127,55,0,150,86,0,58,35,13,41,28,18,4,2087
data_preparation,751,294,68,4,0,81,21,0,7,20,3,24,24,3,2,1302
modeling,511,229,66,6,0,24,9,0,5,8,0,10,2,1,1,872
training,542,55,46,10,0,25,7,0,3,12,0,5,1,0,2,708
evaluation,479,45,22,6,0,25,11,0,3,4,0,7,1,0,2,605
inference,648,87,58,13,0,80,17,20,17,72,2,15,15,1,4,1049
dependencies,0,0,8,6,304,0,0,0,0,0,0,5,0,0,0,323
out_of_scope,1287,198,308,350,0,96,167,208,152,92,104,57,51,10,10,3090
total,5629,969,703,450,304,481,318,228,245,243,122,164,122,33,25,10036
