repo,entry_route,entry_files,notes
https://github.com/ChristianDjurhuus/mlops_g27,dockerfile,src/models/predict_model.py,
https://github.com/Youcef9797/CNN,fallback_root,main.py,resolved via fallback (fallback_root): main.py at repository root
https://github.com/uoo723/PMGT,fallback_root,main.py,resolved via fallback (fallback_root): main.py at repository root
https://github.com/KasperSkytte/ASMC-prediction,fallback_root,main.py,resolved via fallback (fallback_root): main.py at repository root
https://github.com/zhaoyanpeng/vipant,fallback_root,train.py,resolved via fallback (fallback_root): train.py at repository root
https://github.com/PanyiDong/My_AutoML,fallback_root,main.py,resolved via fallback (fallback_root): main.py at repository root
https://github.com/Shaza-Is/Re-IDOL,fallback_root,main.py,resolved via fallback (fallback_root): main.py at repository root
https://github.com/diascarolina/project-insurance-forecast,fallback_root,train.py,resolved via fallback (fallback_root): train.py at repository root
https://github.com/sethusaim/Wafer-Fault-Prediction-using-MlFlow,dockerfile,main.py,
https://github.com/StevRamos/video_summarization,fallback_root,app.py,resolved via fallback (fallback_root): app.py at repository root
https://github.com/binaybehera/test-model,dockerfile,runmodel.py,
https://github.com/IAbda/FORESEE_ETHZ,dockerfile,train_traffic_intensity_RF_model.py;train_traffic_intensity_RF_model.py,
https://github.com/TCC-joaorobson-ViniciusBernardo/backend,dockerfile,run_time_series_handler.py;run_training_handler.py,
https://github.com/christinalchang/take-a-hike,fallback_root,run.py,resolved via fallback (fallback_root): run.py at repository root
https://github.com/uhh-lt/neural-coref,fallback_root,run.py,resolved via fallback (fallback_root): run.py at repository root
https://github.com/JeffWang0325/Image-Identification-for-Self-Driving-Cars,fallback_root,train.py,resolved via fallback (fallback_root): train.py at repository root
https://github.com/alekseyen/ScoringWebServer,fallback_root,main.py,resolved via fallback (fallback_root): main.py at repository root
https://github.com/kdziedzic66/hate_speech,dockerfile,deployment/app.py,
https://github.com/cyfronet-fid/recommender-system,fallback_root,app.py,resolved via fallback (fallback_root): app.py at repository root
https://github.com/takeru1205/AutoEncoderForClassification,fallback_root,main.py,resolved via fallback (fallback_root): main.py at repository root
https://github.com/Hydrospheredata/hydro-visualization,dockerfile,hydro_viz/run.py,shell script runs `python -m hydro_viz.run` -> hydro_viz/run.py
https://github.com/paragrapharamus/msdp,fallback_root,run.py,resolved via fallback (fallback_root): run.py at repository root
https://github.com/pelekhs/RiskML,fallback_root,train.py,resolved via fallback (fallback_root): train.py at repository root
https://github.com/sanghyeonp/MP-Net,fallback_root,main.py,resolved via fallback (fallback_root): main.py at repository root
https://github.com/PowerLineSeg/PointCAD,fallback_root,train.py,resolved via fallback (fallback_root): train.py at repository root
https://github.com/cassiahh/TCC,fallback_root,main.py,resolved via fallback (fallback_root): main.py at repository root
https://github.com/anisurahaman/First,fallback_root,train.py,resolved via fallback (fallback_root): train.py at repository root
https://github.com/heinrichreimer/modern-talking,dockerfile,main.py,
https://github.com/Protein-Engineering-Framework/PyPEF,fallback_root,run.py,resolved via fallback (fallback_root): run.py at repository root
https://github.com/anik-jha/tnp,fallback_root,main.py,resolved via fallback (fallback_root): main.py at repository root
https://github.com/aj-naik/Women-Diabetes-Detector,fallback_root,app.py,resolved via fallback (fallback_root): app.py at repository root
https://github.com/worldtaboonpong/datast,dockerfile,app.py,
https://github.com/AtlantixJJ/LinearGAN,fallback_root,train.py,resolved via fallback (fallback_root): train.py at repository root
https://github.com/jpmcd/jiant-v1-legacy,fallback_root,main.py,resolved via fallback (fallback_root): main.py at repository root
https://github.com/TheJorseman/EmotionNeuralInterface,fallback_root,run.py,resolved via fallback (fallback_root): run.py at repository root
https://github.com/BitLab16/Machine-learning,fallback_root,app.py,resolved via fallback (fallback_root): app.py at repository root
https://github.com/victor-basisai/credit-scoring,fallback_root,train.py,resolved via fallback (fallback_root): train.py at repository root
https://github.com/jaymody/misinformation-detection-with-transformers,dockerfile,pipeline.py,shell script runs pipeline.py
https://github.com/Hethsron/deepmwoo,fallback_root,main.py,resolved via fallback (fallback_root): main.py at repository root
https://github.com/RayRuizhiLiao/resnet_chestxray,dockerfile,test_inference.py,
https://github.com/uoo723/M2m_text,fallback_root,main.py,resolved via fallback (fallback_root): main.py at repository root
https://github.com/silencedsre/Fusemachines-AI-Training,dockerfile,app.py,
https://github.com/nicoloverardo/master-degree-thesis,fallback_root,app.py,resolved via fallback (fallback_root): app.py at repository root
https://github.com/NawasNaziru/REVENUE-PREDICTION-USING-IBM-AI-ENTERPRISE-WORKFLOW,dockerfile,app.py,
https://github.com/DWhistle/virus-hack,dockerfile,main.py,
https://github.com/YuhaoCheng/PyAnomaly,fallback_root,main.py,resolved via fallback (fallback_root): main.py at repository root
https://github.com/kzinmr/mlflow_bert_ja,dockerfile,ner_local.py,shell script runs ner_local.py
https://github.com/nyu-mll/online-code-for-edge-probing,fallback_root,main.py,resolved via fallback (fallback_root): main.py at repository root
https://github.com/tmcphee/Hotel-Review-Analyzer,dockerfile,main.py,
https://github.com/microsoft/datadrivenmodel,dockerfile,ddm_predictor.py,
https://github.com/ben-hawks/pytorch-jet-classify,fallback_root,train.py,resolved via fallback (fallback_root): train.py at repository root
https://github.com/MachineLP/PyTorch_image_classifier,fallback_root,train.py,resolved via fallback (fallback_root): train.py at repository root
https://github.com/danifranco/EM_Image_Segmentation,fallback_root,main.py,resolved via fallback (fallback_root): main.py at repository root
https://github.com/michi-d/bundestweets,fallback_root,app.py,resolved via fallback (fallback_root): app.py at repository root
https://github.com/nyu-mll/jiant-v1-legacy,fallback_root,main.py,resolved via fallback (fallback_root): main.py at repository root
https://github.com/lRomul/argus-alaska,fallback_root,train.py,resolved via fallback (fallback_root): train.py at repository root
https://github.com/lRomul/argus-bengali-ai,fallback_root,train.py,resolved via fallback (fallback_root): train.py at repository root
https://github.com/Maryam-Ah/Insurance-Charges-Prediction-App-with-Azure-and-Streamit,fallback_root,app.py,resolved via fallback (fallback_root): app.py at repository root
https://github.com/flawnson/Generic_GNN,dockerfile,main.py,
https://github.com/micts/anomaly-detection-robotic-vehicle,fallback_root,main.py,resolved via fallback (fallback_root): main.py at repository root
https://github.com/nicolasfacchinetti97/progettoBioInf,dockerfile,progettobioinf/entry_point.py,
https://github.com/kayjanw/test-app,fallback_root,app.py,resolved via fallback (fallback_root): app.py at repository root
https://github.com/todatech/csda-lab,dockerfile,index.py,
https://github.com/BloomTech-Labs/omega2020-ds,fallback_root,app.py,resolved via fallback (fallback_root): app.py at repository root
https://github.com/koukyo1994/kaggle-dsb2019,fallback_root,main.py,resolved via fallback (fallback_root): main.py at repository root
https://github.com/alessiosavi/PyRecognizer,dockerfile,main.py,
https://github.com/kasperekt/EnsembleDiversity,fallback_root,main.py,resolved via fallback (fallback_root): main.py at repository root
https://github.com/micado-scale/component-optimizer,dockerfile,optimizer.py,shell script runs optimizer.py
https://github.com/naver/claf,fallback_root,train.py,resolved via fallback (fallback_root): train.py at repository root
https://github.com/xadrianzetx/fullstack.ai,dockerfile,app.py,
https://github.com/szymon6927/bio-gen-calc,fallback_root,run.py,resolved via fallback (fallback_root): run.py at repository root
https://github.com/dodinhtrung97/stock_data_processor,dockerfile,trade-advisor-ws.py,shell script runs trade-advisor-ws.py
https://github.com/dwidemann/self_supervision_for_transfer_learning,fallback_root,train.py,resolved via fallback (fallback_root): train.py at repository root
https://github.com/namisan/mt-dnn,fallback_root,train.py,resolved via fallback (fallback_root): train.py at repository root
https://github.com/felixSchober/ABSA-Transformer,fallback_root,main.py,resolved via fallback (fallback_root): main.py at repository root
https://github.com/nshaud/DeepHyperX,fallback_root,main.py,resolved via fallback (fallback_root): main.py at repository root
https://github.com/AlexDel/levheimcube,fallback_root,main.py,resolved via fallback (fallback_root): main.py at repository root
https://github.com/plstcharles/thelper,dockerfile,thelper/__main__.py,module thelper resolved to thelper/__main__.py
https://github.com/KDD-OpenSource/DeepADoTS,fallback_root,main.py,resolved via fallback (fallback_root): main.py at repository root
