repo,repo_name,visibility,currently_reachable,stars,watchers,forks,open_issues,closed_issues,open_prs,closed_prs,contributors,created_at,updated_at,pushed_at,topics,has_issues,has_wiki,has_discussions
https://github.com/glev1/credit-service,glev1/credit-service,public,True,0,1,0,0,0,0,0,1,2022-01-15T15:35:12Z,2022-01-29T18:18:12Z,2022-01-29T21:25:39Z,,True,True,False
https://github.com/zhouqibing0000m/saif-mahmudd,zhouqibing0000m/saif-mahmudd,public,True,1,1,0,0,0,0,0,1,2022-01-19T04:08:00Z,2022-07-01T06:59:54Z,2022-01-19T04:11:42Z,,True,True,False
https://github.com/hagairavid18/OCT_project,hagairavid18/OCT_project,public,True,0,1,0,0,0,0,0,1,2022-01-19T11:41:55Z,2022-01-19T11:54:48Z,2022-02-22T13:17:32Z,,True,True,False
https://github.com/ChristianDjurhuus/mlops_g27,ChristianDjurhuus/mlops_g27,public,True,3,1,2,0,0,3,28,4,2022-01-07T08:33:37Z,2023-05-20T05:39:12Z,2022-01-21T12:28:46Z,,True,True,False
https://github.com/songwan/HTPPs,songwan/HTPPs,public,True,1,1,1,0,0,0,0,1,2022-01-05T19:13:14Z,2022-04-02T02:21:52Z,2022-10-26T02:47:30Z,,True,True,False
https://github.com/hailuteju/deploying-ml-model,hailuteju/deploying-ml-model,public,True,0,1,3,0,0,0,0,1,2022-01-10T01:41:09Z,2022-01-10T02:38:00Z,2022-01-30T02:55:50Z,,True,True,False
https://github.com/keyjhk/ABSA,keyjhk/ABSA,public,True,0,1,0,0,0,0,0,1,2022-01-09T03:51:57Z,2022-01-10T02:33:31Z,2022-01-10T02:33:28Z,,True,True,False
https://github.com/vita-epfl/looking,vita-epfl/looking,public,True,30,3,10,4,5,0,0,4,2021-03-09T08:26:32Z,2024-01-18T19:35:38Z,2022-03-02T08:05:27Z,,True,True,False
https://github.com/Youcef9797/CNN,Youcef9797/CNN,public,True,0,1,0,0,0,0,0,7,2022-01-07T13:56:12Z,2022-01-07T13:56:27Z,2022-01-07T13:56:21Z,,True,True,False
https://github.com/timfronteau/SAMproject,timfronteau/SAMproject,public,True,1,1,0,0,0,0,15,3,2021-12-09T16:29:08Z,2022-02-12T09:49:23Z,2022-01-31T22:43:36Z,,True,True,False
https://github.com/Supreeth-Shetty/Projectathon---Simplified-AI,Supreeth-Shetty/Projectathon---Simplified-AI,public,True,0,1,0,0,0,0,0,8,2022-01-05T14:04:34Z,2022-01-05T14:23:22Z,2022-01-05T14:22:29Z,,True,True,False
https://github.com/uoo723/PMGT,uoo723/PMGT,public,True,17,1,4,1,0,0,0,1,2022-01-03T05:34:00Z,2025-11-29T00:56:07Z,2022-03-17T13:31:20Z,deep-learning;graph-transformer;machine-learning;multi-modal-learning;python;pytorch;recommendation,True,True,False
https://github.com/ankitsharma6652/Scania-Truck-Failures,ankitsharma6652/Scania-Truck-Failures,public,True,1,1,0,0,0,0,1,2,2021-12-09T02:04:33Z,2022-06-17T03:26:20Z,2022-04-01T03:35:38Z,,True,True,False
https://github.com/vcsrot/Project03_MLOps,vcsrot/Project03_MLOps,public,True,0,1,0,0,0,0,0,2,2021-12-27T16:12:28Z,2021-12-29T22:26:06Z,2021-12-29T22:26:03Z,,True,True,False
https://github.com/jasma-balasangameshwara/Publish-an-ML-on-Heroku-with-FastAPI,jasma-balasangameshwara/Publish-an-ML-on-Heroku-with-FastAPI,public,True,2,1,0,0,0,1,1,2,2021-12-24T06:43:07Z,2022-02-16T12:19:38Z,2024-03-06T04:41:07Z,,True,True,True
https://github.com/CS-433/ml-project-2-abs,CS-433/ml-project-2-abs,public,True,0,4,1,0,0,0,0,3,2021-11-22T11:14:58Z,2021-12-30T10:17:55Z,2021-12-30T10:17:53Z,,True,True,False
https://github.com/boostcampaitech2/final-project-level3-nlp-12,boostcampaitech2/final-project-level3-nlp-12,public,True,9,6,5,0,1,0,19,7,2021-11-19T02:00:32Z,2024-09-04T06:50:37Z,2022-07-12T01:17:33Z,,True,True,True
https://github.com/leouchoa/deploy_bureau_census_classifier_with_fastAPI,leouchoa/deploy_bureau_census_classifier_with_fastAPI,public,True,0,1,0,0,0,0,0,1,2021-12-09T09:43:56Z,2021-12-30T12:24:23Z,2021-12-30T12:24:21Z,,True,True,False
https://github.com/rgwoodiii/heroku_api,rgwoodiii/heroku_api,public,True,0,1,0,0,0,0,0,1,2021-12-19T04:34:59Z,2022-01-11T03:35:47Z,2022-01-25T04:17:25Z,,True,True,False
https://github.com/KasperSkytte/ASMC-prediction,KasperSkytte/ASMC-prediction,public,True,23,1,7,,,,,5,2021-05-21T11:13:43Z,2026-05-30T13:11:10Z,2026-04-15T09:52:19Z,,True,True,False
https://github.com/kaist-dmlab/Time-CAD,kaist-dmlab/Time-CAD,public,True,6,2,2,0,0,0,12,3,2021-12-15T01:54:00Z,2025-07-10T08:22:37Z,2023-09-22T08:21:27Z,,True,True,False
https://github.com/LemengDai/Final_Project,LemengDai/Final_Project,public,True,0,1,3,0,0,0,0,4,2021-12-05T02:09:39Z,2021-12-15T18:43:28Z,2022-01-20T04:13:29Z,,True,True,False
https://github.com/jhammarstedt/SLN-on-Sound,jhammarstedt/SLN-on-Sound,public,True,0,1,0,0,0,0,0,5,2021-11-01T10:14:54Z,2021-12-14T16:33:31Z,2022-03-27T11:58:41Z,,True,True,False
https://github.com/zhaoyanpeng/vipant,zhaoyanpeng/vipant,public,True,22,4,3,0,1,0,0,5,2021-06-07T18:10:48Z,2025-01-07T19:01:54Z,2022-05-16T23:56:07Z,,True,True,False
https://github.com/happyfuntimegroup/machinelearning,happyfuntimegroup/machinelearning,public,True,1,0,1,21,9,0,0,4,2021-11-02T12:47:58Z,2021-12-14T08:17:24Z,2021-12-14T08:17:21Z,,True,True,False
https://github.com/A-F-V/XAI-Cancer-Diagnosis,A-F-V/XAI-Cancer-Diagnosis,public,True,4,2,0,0,0,0,12,2,2021-12-03T17:13:28Z,2025-01-03T20:49:04Z,2023-12-03T11:37:09Z,deep-learning;healthcare;machine-learning,True,True,False
https://github.com/Larkinnjm1/GLCM_svm_model,Larkinnjm1/GLCM_svm_model,public,True,9,1,1,0,0,5,3,4,2019-10-29T21:27:24Z,2024-12-11T00:36:32Z,2023-02-11T00:25:28Z,glcm;haralick-features;machine-learning;python;svm;svm-classifier;texture-analysis,True,True,False
https://github.com/mandiehyewon/goodviews_ecg,mandiehyewon/goodviews_ecg,public,True,6,2,2,0,1,0,0,3,2021-10-28T13:15:12Z,2025-06-03T17:46:56Z,2025-02-11T21:11:22Z,,True,True,False
https://github.com/spyroot/shapenet,spyroot/shapenet,public,True,0,1,2,0,0,0,0,1,2021-12-05T13:40:36Z,2024-07-27T13:21:36Z,2021-12-10T07:15:38Z,deep-learning;gan;graph;graphrnn;pytorch,True,True,False
https://github.com/PanyiDong/My_AutoML,PanyiDong/My_AutoML,public,True,11,1,0,,,,,1,2021-10-05T00:13:33Z,2026-01-20T18:46:36Z,2026-01-20T18:46:41Z,,True,True,False
https://github.com/ITU-AI-ML-in-5G-Challenge/fedipc-spatial-reuse,ITU-AI-ML-in-5G-Challenge/fedipc-spatial-reuse,public,True,0,1,0,0,0,0,0,3,2021-11-28T23:02:35Z,2022-11-18T19:42:18Z,2021-11-29T22:48:58Z,,True,True,False
https://github.com/kolxy/cyber-security-analysis,kolxy/cyber-security-analysis,public,True,4,1,0,0,0,0,0,3,2021-11-21T07:23:16Z,2025-05-25T12:02:27Z,2021-12-15T08:07:08Z,,True,True,False
https://github.com/Shaza-Is/Re-IDOL,Shaza-Is/Re-IDOL,public,True,6,1,1,2,0,0,0,2,2021-10-22T13:48:22Z,2023-05-24T01:28:33Z,2021-12-18T00:37:05Z,,True,True,False
https://github.com/ptigas/geoeffectivenet,ptigas/geoeffectivenet,public,True,4,2,5,1,0,0,0,2,2021-06-16T05:32:02Z,2024-08-23T00:19:49Z,2022-03-16T09:46:19Z,,True,True,False
https://github.com/hansen1416/football-prediction,hansen1416/football-prediction,public,True,0,1,0,0,0,0,0,1,2021-10-19T14:01:47Z,2021-12-29T07:45:07Z,2022-01-14T02:37:45Z,,True,True,False
https://github.com/Simplified-Artificial-Intelligence/SimplifiedAI,Simplified-Artificial-Intelligence/SimplifiedAI,public,True,1,3,1,0,0,0,21,9,2021-10-25T17:31:21Z,2024-07-03T04:55:05Z,2022-02-08T10:23:41Z,,True,True,False
https://github.com/bgauzere/deep-ged,bgauzere/deep-ged,public,True,0,2,0,0,0,0,10,8,2021-04-18T09:54:31Z,2021-12-17T13:00:50Z,2023-05-03T08:50:24Z,,True,True,False
https://github.com/joren015/MercariProject,joren015/MercariProject,public,True,1,2,0,0,0,0,0,4,2021-10-26T21:23:18Z,2021-12-20T05:45:42Z,2021-12-20T05:46:41Z,,True,True,False
https://github.com/ThatOneGoat/sidewalk-cv-2021,ThatOneGoat/sidewalk-cv-2021,public,True,5,3,3,,,,,22,2021-10-28T22:27:24Z,2025-04-03T15:52:41Z,2023-05-26T19:18:27Z,,True,True,False
https://github.com/juneskiafc/bert-probing,juneskiafc/bert-probing,public,True,2,1,1,0,0,0,0,1,2021-11-17T22:10:20Z,2023-01-16T08:32:48Z,2022-12-07T02:08:35Z,,True,True,False
https://github.com/simonamtoft/generative-convergence,simonamtoft/generative-convergence,public,True,2,1,0,0,0,0,0,3,2021-11-16T10:04:40Z,2025-12-09T13:49:05Z,2022-02-21T08:36:06Z,deep-learning;generative;generative-model;pytorch,True,True,False
https://github.com/gaylordmarville/MLDOPS-P4,gaylordmarville/MLDOPS-P4,public,True,0,1,0,0,0,0,59,4,2021-10-12T19:16:56Z,2021-11-28T19:09:05Z,2021-11-28T19:09:39Z,,True,True,False
https://github.com/navidstuv/self_path,navidstuv/self_path,public,True,9,1,5,1,0,0,19,1,2020-04-13T10:28:34Z,2024-01-19T10:14:10Z,2021-11-15T15:50:10Z,,True,True,False
https://github.com/georgii-nigm/Improvements-to-ML-algorithms,georgii-nigm/Improvements-to-ML-algorithms,public,True,0,1,1,,,,,3,2021-09-28T12:21:28Z,2021-11-17T13:42:23Z,2022-02-12T07:20:44Z,anomalies;imputation;regression,True,True,False
https://github.com/z404/reviewzon-backend,z404/reviewzon-backend,public,True,1,1,0,0,0,0,7,2,2021-10-06T11:22:32Z,2024-03-15T12:11:30Z,2023-11-22T15:18:52Z,,True,True,False
https://github.com/boostcampaitech2/klue-level2-nlp-04,boostcampaitech2/klue-level2-nlp-04,public,True,0,6,5,0,0,0,0,6,2021-09-27T03:09:04Z,2021-11-08T02:15:59Z,2021-11-08T02:15:56Z,,True,True,True
https://github.com/NouamaneTazi/ml_project_example,NouamaneTazi/ml_project_example,public,True,4,0,0,2,13,0,16,3,2021-10-23T10:07:51Z,2023-12-23T07:45:13Z,2021-11-30T02:09:53Z,classification;example;example-project;gradio;huggingface-examples;kaggle;machine-learning;sklearn,True,True,False
https://github.com/apoorvjha/SmokeFireDetection,apoorvjha/SmokeFireDetection,public,True,1,1,0,0,0,0,0,2,2021-11-04T20:25:51Z,2023-02-24T05:09:28Z,2022-01-29T12:46:39Z,,True,True,False
https://github.com/DavidMachajewski/fer_fmpn_pytorch,DavidMachajewski/fer_fmpn_pytorch,public,True,1,2,0,0,0,0,0,1,2021-04-08T21:05:02Z,2024-07-19T00:18:25Z,2021-11-03T00:45:53Z,,True,True,False
https://github.com/diascarolina/project-insurance-forecast,diascarolina/project-insurance-forecast,public,True,11,1,0,0,0,0,0,1,2021-10-22T23:19:01Z,2025-03-14T08:37:12Z,2021-12-21T17:39:55Z,,True,True,False
https://github.com/Zukang-Liao/ML4ML-invariance-testing,Zukang-Liao/ML4ML-invariance-testing,public,True,22,2,0,0,0,0,0,2,2021-05-27T15:01:52Z,2026-04-13T00:12:46Z,2026-04-13T00:12:41Z,,True,True,False
https://github.com/nikmall/MTT-Sentiment-Classification,nikmall/MTT-Sentiment-Classification,public,True,2,1,1,0,0,0,1,1,2021-10-23T16:45:44Z,2022-04-08T02:40:32Z,2022-07-24T13:13:46Z,,True,True,False
https://github.com/sethusaim/Wafer-Fault-Prediction-using-MlFlow,sethusaim/Wafer-Fault-Prediction-using-MlFlow,public,True,0,1,0,0,0,0,1,1,2021-10-19T13:30:26Z,2022-03-11T12:30:04Z,2022-03-28T17:03:04Z,aws;data-science;fastapi;html5;machine-learning;ml;mlflow;mlops;python3,True,True,False
https://github.com/nananana-Banana/2021-nh-bigdata-competition,nananana-Banana/2021-nh-bigdata-competition,public,True,0,0,0,0,0,0,37,5,2021-09-02T12:00:13Z,2022-08-01T04:42:58Z,2022-10-12T04:02:43Z,bigdata;competition-project;rmse;stock-analysis,True,True,False
https://github.com/paras2612/CauseBox,paras2612/CauseBox,public,True,22,1,6,1,0,0,0,2,2021-08-22T19:19:37Z,2026-05-24T19:50:47Z,2021-10-29T01:21:11Z,,True,True,False
https://github.com/YefanZhou/dispersion-score,YefanZhou/dispersion-score,public,True,10,4,2,0,0,0,0,1,2021-10-09T22:19:50Z,2023-12-02T06:46:48Z,2022-01-25T04:13:24Z,,True,True,False
https://github.com/linhlt-it-ee/wiki_builder,linhlt-it-ee/wiki_builder,public,True,1,1,0,0,0,0,0,4,2020-01-08T13:54:05Z,2021-12-14T04:44:38Z,2021-12-14T04:44:35Z,,True,True,False
https://github.com/DFKI-SignLanguage/EASIER-EkmanClassifier,DFKI-SignLanguage/EASIER-EkmanClassifier,public,True,0,5,0,8,4,0,0,3,2021-07-07T14:36:52Z,2025-06-04T13:11:39Z,2025-06-04T13:11:36Z,,True,True,False
https://github.com/wenqi006/SlideGraph,wenqi006/SlideGraph,public,True,57,3,12,5,1,0,0,1,2021-09-17T12:46:31Z,2026-05-06T15:59:40Z,2022-01-18T21:20:38Z,,True,True,False
https://github.com/StevRamos/video_summarization,StevRamos/video_summarization,public,True,19,2,4,5,3,0,0,1,2021-08-31T19:25:16Z,2025-10-26T01:07:35Z,2022-01-13T21:01:41Z,deep-learning;fastapi;pytorch;video-summarization,True,True,False
https://github.com/esvs2202/Concrete-Compressive-Strength-Prediction,esvs2202/Concrete-Compressive-Strength-Prediction,public,True,22,1,9,0,0,0,0,1,2021-09-25T16:57:51Z,2026-05-21T18:19:23Z,2023-06-25T06:52:15Z,anaconda;data-visualization;flask;gunicorn-web-server;heroku-deployment;html5;joblib;jupyter-notebook;machine-learning-algorithms;matplotlib-pyplot;numpy;pandas;pycharm-ide;python3;randomizedsearchcv;scikit-learn;seaborn;statsmodels;xgboost-regression,True,True,False
https://github.com/rurusasu/OrigNet,rurusasu/OrigNet,public,True,1,1,1,0,0,0,1,1,2021-09-21T05:18:01Z,2022-08-14T13:59:57Z,2022-02-09T05:27:01Z,,True,True,False
https://github.com/binaybehera/test-model,binaybehera/test-model,public,True,0,1,1,0,0,0,0,1,2021-09-27T11:57:05Z,2021-12-29T13:32:53Z,2021-12-29T13:32:50Z,,True,True,False
https://github.com/Alok589/thesis_project,Alok589/thesis_project,public,True,0,1,0,0,0,0,0,1,2021-06-30T02:51:30Z,2025-03-26T13:42:31Z,2025-03-26T13:42:26Z,,True,True,False
https://github.com/kangzh015/zhongguoyikeda,kangzh015/zhongguoyikeda,public,True,0,1,0,0,0,0,0,3,2021-09-26T01:25:10Z,2021-09-26T01:36:19Z,2021-09-26T01:27:57Z,,True,True,False
https://github.com/flowerpot-ai/stabilizer,flowerpot-ai/stabilizer,public,True,41,1,4,4,0,1,18,3,2021-09-10T12:59:23Z,2024-04-29T13:52:54Z,2022-03-28T17:24:56Z,,True,True,False
https://github.com/soni-ratnesh/Deploying-a-Machine-Learning-Model-on-Heroku-with-FastAPI,soni-ratnesh/Deploying-a-Machine-Learning-Model-on-Heroku-with-FastAPI,public,True,1,1,3,0,0,0,0,2,2021-09-17T08:52:54Z,2023-01-06T12:08:49Z,2021-09-17T16:51:09Z,,True,True,False
https://github.com/IAbda/FORESEE_ETHZ,IAbda/FORESEE_ETHZ,public,True,0,2,0,5,8,0,0,2,2020-12-03T08:57:41Z,2021-09-16T12:28:39Z,2021-09-16T12:28:36Z,,True,True,False
https://github.com/TCC-joaorobson-ViniciusBernardo/backend,TCC-joaorobson-ViniciusBernardo/backend,public,True,0,0,0,10,4,0,4,2,2021-08-21T18:35:32Z,2021-11-17T01:56:39Z,2021-11-17T01:56:36Z,hacktoberfest,True,True,False
https://github.com/LerysG/Project_7_OC_dashboard,LerysG/Project_7_OC_dashboard,public,True,1,1,2,0,0,0,4,1,2021-09-09T13:22:33Z,2022-05-20T12:51:28Z,2021-09-25T12:41:25Z,,True,True,False
https://github.com/Baukmeister/stefanos_angels,Baukmeister/stefanos_angels,public,True,0,1,1,0,0,0,20,7,2021-09-08T12:49:24Z,2021-10-25T07:52:58Z,2021-10-25T07:53:09Z,,True,True,False
https://github.com/jeetv/GMVD,jeetv/GMVD,public,True,26,2,4,0,0,0,1,2,2021-09-06T12:52:37Z,2026-03-04T08:30:40Z,2024-02-07T17:00:54Z,gta5;multiview;pedestrian-detection;pedestrian-tracking;synthetic-data,True,True,False
https://github.com/adeshkin/road_segment,adeshkin/road_segment,public,True,3,1,0,0,0,0,0,2,2021-09-03T12:23:58Z,2023-01-28T01:08:29Z,2022-01-10T13:29:20Z,,True,True,False
https://github.com/christinalchang/take-a-hike,christinalchang/take-a-hike,public,True,0,1,0,0,0,0,0,1,2021-09-03T13:16:15Z,2021-09-03T13:17:54Z,2021-09-03T13:16:29Z,,True,True,False
https://github.com/khalld/trashbin-classifier,khalld/trashbin-classifier,public,True,2,1,0,0,0,0,1,3,2021-04-09T18:02:51Z,2022-05-17T07:45:55Z,2021-11-13T19:36:44Z,,True,True,False
https://github.com/anonymous-nips2021/ASRGLUE,anonymous-nips2021/ASRGLUE,public,True,0,1,1,0,0,1,0,2,2021-08-27T17:10:59Z,2021-09-30T08:02:34Z,2022-12-15T15:32:53Z,,True,True,False
https://github.com/uhh-lt/neural-coref,uhh-lt/neural-coref,public,True,11,12,1,2,2,0,0,4,2021-07-29T14:17:35Z,2025-11-26T21:50:55Z,2022-12-16T09:54:15Z,,True,False,False
https://github.com/fundsan/census_project,fundsan/census_project,public,True,0,1,0,0,0,0,0,1,2021-08-29T22:11:16Z,2021-10-14T02:49:58Z,2021-10-14T02:49:56Z,,True,True,False
https://github.com/lamartine-sl/census-app-mlops,lamartine-sl/census-app-mlops,public,True,1,1,0,0,0,0,0,1,2021-08-29T13:13:33Z,2022-05-23T10:12:21Z,2021-09-20T16:18:54Z,ci-cd;fastapi;heroku;machine-learning;mlops;python,True,True,False
https://github.com/JeffWang0325/Image-Identification-for-Self-Driving-Cars,JeffWang0325/Image-Identification-for-Self-Driving-Cars,public,True,52,1,13,0,1,9,617,139,2021-08-17T23:57:35Z,2026-05-22T14:06:57Z,2026-05-25T04:36:56Z,computer-vision;convolutional-neural-networks;deep-learning;deep-neural-networks;dr;droidcam;python;pytorch;real-time-detection;self-driving-car;tensorflow;tkinter;tkinter-gui;tkinter-python;traffic-light-classification;traffic-sign-classification;webcam;webcam-capture;yolo;yolov5,True,True,False
https://github.com/LuciaHrovatin/AML-3D_object_classification,LuciaHrovatin/AML-3D_object_classification,public,True,2,1,0,0,0,0,1,5,2021-08-06T10:52:15Z,2022-01-05T16:44:23Z,2022-01-22T13:28:51Z,,True,True,False
https://github.com/ChelseaGuan/Improving-Phishing-Detection-Models,ChelseaGuan/Improving-Phishing-Detection-Models,public,True,0,2,4,0,0,0,0,1,2021-08-21T12:48:45Z,2024-08-12T20:15:47Z,2022-01-13T06:21:51Z,,True,True,False
https://github.com/f-castellanos/lbp-pyramid,f-castellanos/lbp-pyramid,public,True,0,1,0,0,0,0,0,1,2020-09-20T09:55:03Z,2021-12-29T09:36:41Z,2022-08-10T10:37:40Z,,True,True,False
https://github.com/alekseyen/ScoringWebServer,alekseyen/ScoringWebServer,public,True,0,1,0,0,0,0,0,1,2021-08-20T19:11:31Z,2021-08-20T19:11:45Z,2021-08-20T19:11:40Z,,True,True,False
https://github.com/waterwheel31/scalableMLpipeline,waterwheel31/scalableMLpipeline,public,True,0,1,0,0,0,0,0,2,2021-08-17T06:57:52Z,2021-08-22T01:12:09Z,2021-08-22T01:12:07Z,,True,True,False
https://github.com/hiimmuc/Speaker-verification-pytorch,hiimmuc/Speaker-verification-pytorch,public,True,7,1,2,,,,,3,2021-08-19T15:35:36Z,2025-05-17T18:17:55Z,2022-07-05T10:29:25Z,,True,True,False
https://github.com/peymanrasouli/CARE,peymanrasouli/CARE,public,True,5,1,1,0,0,0,0,2,2021-03-01T17:46:16Z,2025-11-18T08:51:34Z,2022-09-30T19:39:03Z,actionable-recourse;alibi;blackbox-model;certifai;classification;counterfactual-explanations;dice;explainability;explainable-ai;explainable-ml;multi-objective-optimization;regression,True,True,False
https://github.com/gsq7474741/Paddle-NCR,gsq7474741/Paddle-NCR,public,True,2,1,1,0,0,0,0,3,2021-08-13T11:38:57Z,2024-12-16T10:12:09Z,2024-04-24T20:02:42Z,,True,True,False
https://github.com/eduard357/car-price-estimation,eduard357/car-price-estimation,public,True,0,1,0,0,0,0,0,1,2021-06-01T10:47:21Z,2021-10-04T08:53:31Z,2021-10-04T08:53:28Z,,True,True,False
https://github.com/kyshel/ich,kyshel/ich,public,True,0,0,0,0,0,0,0,1,2021-06-07T09:04:19Z,2021-08-21T13:43:40Z,2021-08-21T13:43:37Z,,True,True,False
https://github.com/alimirzazadeh/SemisupervisedAttention,alimirzazadeh/SemisupervisedAttention,public,True,13,2,3,2,0,0,22,18,2021-05-20T14:21:37Z,2023-03-28T10:02:17Z,2022-12-02T02:57:13Z,,True,True,False
https://github.com/3neutronstar/criminal-cargo-detection,3neutronstar/criminal-cargo-detection,public,True,3,2,0,0,0,0,0,4,2021-06-24T07:51:00Z,2022-12-22T14:01:33Z,2021-08-12T01:32:58Z,detection;python;pytorch,True,True,False
https://github.com/sallyqiansun/network-eval,sallyqiansun/network-eval,public,True,0,1,0,0,2,0,0,5,2021-08-02T09:20:52Z,2021-12-29T18:34:07Z,2022-03-28T16:13:50Z,,True,True,False
https://github.com/Tawfiqh/ML-Model-Comparison,Tawfiqh/ML-Model-Comparison,public,True,0,1,0,0,0,1,8,3,2021-07-26T19:04:18Z,2021-08-03T20:05:51Z,2021-09-02T20:39:49Z,,True,True,False
https://github.com/Tawfiqh/Car-Regression,Tawfiqh/Car-Regression,public,True,0,1,0,0,0,0,0,3,2021-08-01T18:35:14Z,2021-08-12T10:21:37Z,2021-08-12T10:21:35Z,,True,True,False
https://github.com/MIR-MU/regemt,MIR-MU/regemt,public,True,1,3,2,1,0,0,1,7,2021-08-02T14:01:31Z,2025-09-12T19:13:18Z,2025-09-12T19:13:13Z,,True,True,False
https://github.com/mariusbock/dl-for-har,mariusbock/dl-for-har,public,True,63,4,33,0,6,1,9,7,2021-06-23T11:00:58Z,2026-05-05T15:52:10Z,2025-03-21T14:09:11Z,deep-learning;human-activity-recognition,True,True,False
https://github.com/VineetKT/ML_fastapi_on_Heroku_CI-CD,VineetKT/ML_fastapi_on_Heroku_CI-CD,public,True,2,2,2,0,0,0,4,1,2021-07-19T18:18:24Z,2024-06-10T10:04:00Z,2021-07-28T03:50:50Z,ci-cd;continuous-delivery;continuous-deployment;continuous-integration;data-version-control;data-versioning;dvc;dvc-for-data-science;fastapi;github-actions;heroku;heroku-deployment;machine-learning;model-versioning;python,True,True,False
https://github.com/kdziedzic66/hate_speech,kdziedzic66/hate_speech,public,True,0,1,0,0,0,0,0,3,2021-07-22T17:35:07Z,2021-07-29T11:48:27Z,2021-07-29T11:48:23Z,,True,True,False
https://github.com/cyfronet-fid/recommender-system,cyfronet-fid/recommender-system,public,True,11,5,2,70,197,6,181,6,2020-12-19T16:00:03Z,2024-08-21T05:43:23Z,2024-08-29T18:03:00Z,,True,True,False
https://github.com/Jokoe66/TianchiTrafficEstimation,Jokoe66/TianchiTrafficEstimation,public,True,4,2,1,1,0,0,7,3,2020-07-09T08:15:10Z,2022-06-06T15:34:52Z,2022-06-06T15:34:49Z,lane-detection;object-detection;ordinal-regression;semantic-segmantation;sequence-classification,True,True,False
https://github.com/RAraghavarora/DFTB,RAraghavarora/DFTB,public,True,1,1,0,0,0,0,0,1,2021-07-02T04:28:51Z,2025-03-26T00:47:56Z,2022-01-12T22:50:48Z,,True,True,False
https://github.com/ogunlao/saint,ogunlao/saint,public,True,30,4,11,2,2,1,1,5,2021-06-18T15:46:08Z,2025-09-26T10:13:30Z,2023-11-20T20:47:24Z,semi-supervised-learning;tabular-data;transformer,True,True,False
https://github.com/johnmatzakos/detect-covid-19-in-xray-images,johnmatzakos/detect-covid-19-in-xray-images,public,True,1,1,0,0,0,0,0,2,2021-01-24T19:33:23Z,2021-10-30T20:10:55Z,2021-10-30T20:10:53Z,computer-vision;covid-19;deep-learning;machine-learning;medical-imaging,True,True,False
https://github.com/takeru1205/AutoEncoderForClassification,takeru1205/AutoEncoderForClassification,public,True,1,1,0,0,8,0,5,1,2021-03-31T08:24:09Z,2022-05-21T16:27:05Z,2021-07-11T08:41:41Z,,True,True,False
https://github.com/iamraymondlow/poi-conflation-tool,iamraymondlow/poi-conflation-tool,public,True,0,1,0,0,0,0,0,2,2021-03-30T13:29:41Z,2021-09-13T09:46:10Z,2021-09-13T09:46:08Z,,True,True,False
https://github.com/Pit-CL/footprintwifi,Pit-CL/footprintwifi,public,True,0,1,0,0,0,0,0,1,2021-07-11T02:45:19Z,2021-08-15T19:21:37Z,2021-08-15T19:21:34Z,,True,True,False
https://github.com/Alexhaoge/MLSR,Alexhaoge/MLSR,public,True,2,1,1,0,0,0,0,5,2020-12-20T07:48:29Z,2023-11-15T21:51:24Z,2021-09-22T19:49:59Z,machine-learning,True,True,False
https://github.com/rvorias/ind_knn_ad,rvorias/ind_knn_ad,public,True,167,3,50,1,31,0,2,2,2021-07-07T23:19:45Z,2026-06-01T09:27:40Z,2024-10-04T20:16:52Z,anomaly-detection;deep-learning;mvtec-ad,True,True,False
https://github.com/joepalermo/dm_math_solvers,joepalermo/dm_math_solvers,public,True,3,2,0,0,0,0,18,6,2020-09-10T19:47:25Z,2026-03-07T07:50:27Z,2021-07-07T20:31:06Z,,True,True,False
https://github.com/Raghuveer1997/Sentiment_Analysis,Raghuveer1997/Sentiment_Analysis,public,True,0,1,0,0,1,0,0,1,2021-07-05T11:04:28Z,2024-05-02T21:11:06Z,2024-05-02T21:11:02Z,,True,True,False
https://github.com/elenamer/ecg_classification_DL,elenamer/ecg_classification_DL,public,True,20,1,2,1,2,0,4,3,2021-04-25T21:21:19Z,2026-03-25T19:49:32Z,2023-08-31T15:55:40Z,arrhythmia-classification;ecg;machine-learning,True,True,False
https://github.com/tomerkeren42/MetabolicRate,tomerkeren42/MetabolicRate,public,True,0,1,0,0,0,0,0,2,2021-06-19T07:08:34Z,2021-07-05T15:16:59Z,2021-07-05T15:16:56Z,,True,True,False
https://github.com/imanefarah/ocp-heroku,imanefarah/ocp-heroku,public,True,0,1,0,0,0,0,0,1,2021-06-29T11:55:46Z,2021-07-16T19:37:43Z,2021-07-16T19:37:40Z,,True,True,False
https://github.com/GiuliaLanzillotta/CausalAE,GiuliaLanzillotta/CausalAE,public,True,3,1,2,0,0,0,0,1,2021-04-01T07:56:26Z,2024-07-31T07:05:42Z,2022-05-26T10:31:40Z,,True,True,False
https://github.com/ZhaoqingLiu/FuzzyTrees,ZhaoqingLiu/FuzzyTrees,public,True,28,1,5,0,2,0,0,2,2021-04-19T01:16:06Z,2026-02-09T16:24:09Z,2025-06-07T02:22:28Z,,True,True,False
https://github.com/ML4ITS/mtad-gat-pytorch,ML4ITS/mtad-gat-pytorch,public,True,394,6,89,9,28,0,9,3,2021-06-14T14:53:17Z,2026-06-03T02:46:03Z,2024-01-16T15:16:12Z,2021;anomaly-detection;attention;deep-learning;gnn;graph-attention-networks;graph-neural-networks;mtad-gat;pytorch;time-series,True,True,False
https://github.com/marcobenito/hipf,marcobenito/hipf,public,True,0,1,0,0,0,0,0,4,2021-05-30T18:23:12Z,2023-03-28T16:17:30Z,2023-03-28T16:17:26Z,,True,True,False
https://github.com/Keredu/Intracranial-Hemorrhage-Detection,Keredu/Intracranial-Hemorrhage-Detection,public,True,3,1,1,0,0,0,0,2,2021-06-09T16:04:30Z,2025-04-15T00:56:28Z,2024-01-25T14:26:18Z,,True,True,False
https://github.com/Hydrospheredata/hydro-visualization,Hydrospheredata/hydro-visualization,public,True,3,4,2,1,5,10,57,12,2019-12-12T12:29:03Z,2024-10-31T09:53:41Z,2022-12-12T21:02:25Z,hydrosphere;python,True,True,False
https://github.com/JeroendenBoef/GraphPOPE,JeroendenBoef/GraphPOPE,public,True,2,1,0,0,7,0,2,1,2021-02-08T14:08:53Z,2026-04-01T04:23:18Z,2021-06-25T12:23:37Z,deep-learning;gcn;gnn;graph;graphconvolution;graphneuralnetwork;pytorch,True,True,False
https://github.com/viramya-shah/Improving-Customer-Experience,viramya-shah/Improving-Customer-Experience,public,True,0,1,1,0,0,0,1,2,2021-02-01T03:32:47Z,2021-06-24T01:35:59Z,2021-06-24T01:35:56Z,,True,True,False
https://github.com/SeiyaMatsuda/LIFont,SeiyaMatsuda/LIFont,public,True,4,1,0,,,,,1,2021-06-23T05:44:20Z,2024-09-20T09:43:43Z,2022-06-08T13:26:00Z,,True,True,False
https://github.com/icik251/HWR_group_5,icik251/HWR_group_5,public,True,0,2,0,0,0,0,6,3,2021-04-27T09:56:45Z,2021-06-27T19:29:00Z,2021-06-27T19:28:57Z,,True,True,False
https://github.com/DrFab1/va_explainable_ai,DrFab1/va_explainable_ai,public,True,0,1,0,0,0,0,0,4,2021-06-04T13:21:24Z,2022-05-27T15:28:10Z,2022-05-27T15:28:07Z,,True,True,False
https://github.com/UVA-MCPS-Lab/CARNA,UVA-MCPS-Lab/CARNA,public,True,0,1,0,0,0,0,0,3,2021-06-18T16:43:00Z,2021-06-18T17:03:20Z,2021-06-18T17:02:39Z,,True,True,False
https://github.com/jozieLamp/CARNA,jozieLamp/CARNA,public,True,6,3,0,0,0,0,0,3,2020-08-06T16:31:57Z,2024-10-10T14:36:52Z,2024-04-02T15:59:26Z,,True,True,False
https://github.com/paragrapharamus/msdp,paragrapharamus/msdp,public,True,0,1,0,0,0,0,0,1,2021-04-08T13:27:34Z,2021-11-12T13:23:37Z,2021-06-18T09:26:50Z,,True,True,False
https://github.com/pelekhs/RiskML,pelekhs/RiskML,public,True,1,1,0,0,0,0,11,2,2020-12-07T17:31:56Z,2021-12-28T15:02:11Z,2021-12-28T15:02:08Z,,True,True,False
https://github.com/sanghyeonp/MP-Net,sanghyeonp/MP-Net,public,True,0,1,1,0,0,0,5,3,2021-06-11T13:17:15Z,2021-10-07T07:02:39Z,2022-11-23T02:54:19Z,,True,True,False
https://github.com/jckuri/Heroku_FastAPI,jckuri/Heroku_FastAPI,public,True,1,1,0,0,0,0,0,2,2021-05-14T02:39:18Z,2023-06-05T03:14:01Z,2023-06-06T16:24:23Z,,True,True,False
https://github.com/PowerLineSeg/PointCAD,PowerLineSeg/PointCAD,public,True,7,1,1,1,0,0,0,28,2021-06-14T06:34:27Z,2026-05-19T13:11:20Z,2021-06-14T06:54:11Z,,True,True,False
https://github.com/cassiahh/TCC,cassiahh/TCC,public,True,1,1,0,0,0,0,0,1,2021-04-29T22:04:36Z,2021-07-08T11:43:49Z,2021-07-08T11:43:47Z,,True,True,False
https://github.com/kavko8/jiant_slovene,kavko8/jiant_slovene,public,True,0,2,2,0,0,1,0,62,2021-04-22T14:32:06Z,2021-06-08T07:26:14Z,2022-10-29T06:03:14Z,,True,True,False
https://github.com/KostyaRyabov/phishDetect,KostyaRyabov/phishDetect,public,True,1,1,4,0,0,0,0,1,2021-01-14T12:43:02Z,2024-08-12T20:09:25Z,2021-06-10T04:27:12Z,,True,True,False
https://github.com/tdeng-zuel/scRNA-FeatureSelection,tdeng-zuel/scRNA-FeatureSelection,public,True,4,1,1,,,,,1,2021-02-16T14:51:30Z,2022-12-15T16:39:46Z,2023-02-12T05:05:07Z,ensemble-gene-selection;evaluation;marker-genes;single-cell,True,True,False
https://github.com/joaopedromattos/GNEE,joaopedromattos/GNEE,public,True,1,1,0,0,0,0,1,5,2021-01-22T20:27:34Z,2026-05-27T22:58:43Z,2021-06-03T22:50:34Z,graph-algorithms;graphml;graphs;machine-learning,True,True,False
https://github.com/AnetaKaczynska/ProtoPNet,AnetaKaczynska/ProtoPNet,public,True,0,1,0,0,0,0,0,8,2021-06-04T12:27:13Z,2021-06-04T12:35:43Z,2021-06-04T12:35:28Z,,True,True,False
https://github.com/hcw-00/STPM_anomaly_detection,hcw-00/STPM_anomaly_detection,public,True,86,1,10,3,5,0,4,3,2021-04-08T17:02:27Z,2026-04-30T08:53:52Z,2021-06-29T03:38:43Z,,True,True,False
https://github.com/gauravbajodia/SynGen,gauravbajodia/SynGen,public,True,1,1,1,0,0,0,0,1,2021-05-31T22:05:59Z,2024-09-18T13:57:12Z,2021-06-16T12:17:32Z,,True,True,False
https://github.com/EastGit0/JITNet_segmentation,EastGit0/JITNet_segmentation,public,True,1,1,0,0,0,0,0,4,2021-05-29T17:39:11Z,2022-01-26T05:56:19Z,2021-06-03T21:19:32Z,,True,True,False
https://github.com/bohniti/jigsaw-puzzle-solver,bohniti/jigsaw-puzzle-solver,public,True,4,1,1,0,0,0,3,2,2021-05-15T17:30:06Z,2023-03-17T03:43:38Z,2021-08-23T14:08:32Z,,True,True,False
https://github.com/anisurahaman/First,anisurahaman/First,public,True,0,1,0,0,0,0,0,6,2021-05-28T05:49:25Z,2021-05-28T05:50:00Z,2021-05-28T05:49:49Z,,True,True,False
https://github.com/skywalker0803r/Tomofun-Dog-Voice-Recognition-AI-Million-Challenge,skywalker0803r/Tomofun-Dog-Voice-Recognition-AI-Million-Challenge,public,True,2,2,5,0,0,0,1,2,2021-05-27T05:35:26Z,2022-03-06T07:26:01Z,2021-06-10T00:21:12Z,,True,True,False
https://github.com/mehrdadep/deep-learning-nids,mehrdadep/deep-learning-nids,public,True,25,1,8,0,2,0,0,3,2019-01-12T06:00:22Z,2025-06-11T05:01:18Z,2023-08-08T09:09:31Z,keras;keras-tensorflow;python,True,True,False
https://github.com/micqu/hotel-challenge,micqu/hotel-challenge,public,True,1,1,1,0,0,0,0,2,2021-04-15T18:13:40Z,2021-05-25T14:56:21Z,2021-05-25T14:56:18Z,,True,True,False
https://github.com/tyiannak/readys,tyiannak/readys,public,True,13,1,4,3,26,11,20,3,2020-07-08T10:26:01Z,2026-03-17T07:53:30Z,2022-12-08T12:00:37Z,,True,True,False
https://github.com/VumBleBot/odqa_baseline_code,VumBleBot/odqa_baseline_code,public,True,76,0,12,3,38,0,74,6,2021-05-01T02:51:47Z,2025-04-05T08:16:37Z,2023-08-11T01:35:48Z,bert;electra;korquad;machine-reading-comprehension;mrc;odqa;openqa;pytorch;question-answering,True,True,False
https://github.com/QVPR/Patch-NetVLAD,QVPR/Patch-NetVLAD,public,True,590,19,78,6,76,0,10,6,2021-03-01T06:19:47Z,2026-05-27T12:37:50Z,2024-05-21T08:48:24Z,descriptors;fusion;local-features;localization;netvlad;patch-netvlad;place-recognition;regions,True,True,False
https://github.com/JonasStankevicius/ConvPoint_Keras,JonasStankevicius/ConvPoint_Keras,public,True,5,1,2,1,0,0,0,1,2022-05-06T06:57:59Z,2026-04-06T17:58:12Z,2022-05-09T10:46:50Z,,True,True,False
https://github.com/saadabbasi/anomoly-detection,saadabbasi/anomoly-detection,public,True,0,1,0,0,0,0,0,1,2021-03-11T00:07:51Z,2021-06-23T23:04:16Z,2021-06-23T23:04:13Z,,True,True,False
https://github.com/phykn/xai_tree,phykn/xai_tree,public,True,2,1,0,,,,,1,2021-05-17T08:57:22Z,2024-10-08T16:21:01Z,2022-09-18T07:21:11Z,,True,True,False
https://github.com/ryanpram/indonlu-facqa,ryanpram/indonlu-facqa,public,True,0,1,0,0,0,0,0,6,2021-05-17T10:47:31Z,2021-05-17T10:58:26Z,2021-05-17T10:58:15Z,,True,True,False
https://github.com/heinrichreimer/modern-talking,heinrichreimer/modern-talking,public,True,5,3,1,,,,,8,2021-04-13T12:24:16Z,2025-09-29T16:21:57Z,2025-09-29T16:21:48Z,natural-language-processing;nlp;text-classification,True,False,False
https://github.com/Protein-Engineering-Framework/PyPEF,Protein-Engineering-Framework/PyPEF,public,True,26,2,4,0,1,0,1,1,2021-05-11T10:04:32Z,2026-03-27T03:56:19Z,2025-09-20T13:32:05Z,in-silico;machine-learning;protein-engineering;protein-fitness-prediction;protein-sequences;python3;regression,True,True,False
https://github.com/Venky0892/NLP_APP,Venky0892/NLP_APP,public,True,0,1,0,0,0,0,0,1,2021-05-11T08:00:20Z,2021-06-06T19:40:34Z,2021-07-02T16:04:12Z,,True,True,False
https://github.com/galikatz/phd_2021_new,galikatz/phd_2021_new,public,True,0,1,0,0,0,0,0,2,2021-05-10T06:40:11Z,2022-06-19T04:46:10Z,2024-01-02T08:43:23Z,,True,True,False
https://github.com/Pex2892/PEAK,Pex2892/PEAK,public,True,4,1,0,0,0,0,1,2,2021-02-27T11:20:00Z,2025-10-29T06:47:53Z,2021-06-18T16:33:41Z,,True,True,False
https://github.com/DuoJiang/Importance-Weighting-in-Deep-Learning,DuoJiang/Importance-Weighting-in-Deep-Learning,public,True,0,2,2,0,0,0,14,7,2021-05-04T01:43:09Z,2021-05-14T02:35:22Z,2021-05-14T02:35:20Z,,True,True,False
https://github.com/deep-wind/miniproject,deep-wind/miniproject,public,True,0,1,0,0,0,0,0,1,2021-04-05T16:32:44Z,2021-11-07T19:47:01Z,2023-02-25T02:07:57Z,,True,True,False
https://github.com/anik-jha/tnp,anik-jha/tnp,public,True,0,1,0,0,0,0,0,5,2021-05-04T04:09:42Z,2021-05-04T04:28:49Z,2021-05-04T04:28:47Z,,True,True,False
https://github.com/aj-naik/Women-Diabetes-Detector,aj-naik/Women-Diabetes-Detector,public,True,3,1,0,0,4,4,113,2,2021-05-02T16:49:41Z,2022-11-16T09:24:12Z,2023-06-29T12:19:47Z,,True,True,False
https://github.com/worldtaboonpong/datast,worldtaboonpong/datast,public,True,0,1,0,0,0,0,0,5,2020-12-03T14:03:34Z,2021-05-25T07:35:57Z,2021-05-25T07:35:54Z,,True,True,False
https://github.com/Bosti07/Financial_fraud_detection,Bosti07/Financial_fraud_detection,public,True,0,1,0,0,0,0,0,1,2021-04-14T11:23:34Z,2021-10-18T12:59:18Z,2021-06-14T05:54:38Z,,True,True,False
https://github.com/amalolan/vehicle-counter,amalolan/vehicle-counter,public,True,5,1,3,0,0,0,2,4,2021-04-28T16:47:24Z,2024-11-06T15:35:13Z,2021-08-12T15:33:00Z,,True,True,False
https://github.com/A6a7H/Rich,A6a7H/Rich,public,True,0,1,0,,,,,3,2020-11-24T12:41:39Z,2023-02-01T14:39:34Z,2023-02-01T14:39:42Z,,True,True,False
https://github.com/flawnson/Ouroboros,flawnson/Ouroboros,public,True,1,3,0,4,5,0,15,4,2021-01-07T17:44:42Z,2021-10-13T23:41:13Z,2022-08-17T18:33:49Z,,True,True,False
https://github.com/cheesama/shopee-product-matching,cheesama/shopee-product-matching,public,True,4,1,0,0,0,0,0,4,2021-04-15T13:00:00Z,2023-01-07T08:34:47Z,2021-04-28T01:16:24Z,,True,True,False
https://github.com/julsunny/darthradar,julsunny/darthradar,public,True,0,1,0,0,0,0,0,10,2021-04-25T11:48:57Z,2021-04-25T11:49:41Z,2021-04-25T11:49:35Z,,True,True,False
https://github.com/princeton-nlp/SimCSE,princeton-nlp/SimCSE,public,True,3651,24,533,0,276,0,16,13,2021-04-16T02:57:04Z,2026-06-03T07:00:17Z,2024-10-16T14:35:29Z,nlp;sentence-embeddings,True,True,False
https://github.com/adblackx/ODR,adblackx/ODR,public,True,1,1,0,0,0,0,1,7,2021-03-25T15:08:10Z,2021-04-21T17:20:54Z,2021-04-21T17:20:51Z,,True,True,False
https://github.com/karthikbhamidipati/multi-task-speech-classification,karthikbhamidipati/multi-task-speech-classification,public,True,28,1,2,0,0,1,9,2,2021-04-19T07:17:59Z,2026-04-22T00:58:34Z,2025-05-30T19:40:23Z,,True,True,False
https://github.com/AtlantixJJ/LinearGAN,AtlantixJJ/LinearGAN,public,True,26,3,4,0,0,0,0,6,2021-04-04T00:57:48Z,2024-11-01T10:29:56Z,2022-04-06T03:18:28Z,,True,True,False
https://github.com/nayeemrizve/invariance-equivariance,nayeemrizve/invariance-equivariance,public,True,38,3,11,2,3,0,1,1,2021-03-10T19:42:33Z,2026-05-11T20:08:41Z,2023-03-14T21:10:51Z,deep-learning;equivariant-representations;few-shot-learning;invariant-features;meta-learning;metric-learning;pytorch;representation-learning;transfer-learning,True,True,False
https://github.com/jforbis/make-that-bread,jforbis/make-that-bread,public,True,0,1,0,0,0,0,38,3,2021-04-10T17:36:49Z,2021-04-27T01:43:47Z,2021-04-27T01:43:45Z,,True,True,False
https://github.com/ASUS-AICS/LibMultiLabel,ASUS-AICS/LibMultiLabel,public,True,153,8,28,,,,,25,2021-03-30T03:11:27Z,2025-08-11T16:56:24Z,2024-10-24T09:37:31Z,external-code;multi-label-classification;multiclass-classification;multilabel-classification;text-classificaiton,True,True,False
https://github.com/angusev/SCGAN,angusev/SCGAN,public,True,0,2,0,0,0,0,0,3,2021-04-15T18:06:02Z,2021-10-30T21:42:20Z,2021-10-30T21:42:11Z,,True,True,False
https://github.com/infinityAJ/stock_smart,infinityAJ/stock_smart,public,True,0,1,0,0,0,0,0,1,2021-04-12T02:06:17Z,2021-04-20T08:24:53Z,2021-04-20T08:24:50Z,,True,True,False
https://github.com/fedem96/predict-cancer-variables,fedem96/predict-cancer-variables,public,True,0,1,0,0,0,0,0,1,2020-08-29T10:16:19Z,2021-12-02T08:27:44Z,2021-06-11T16:51:21Z,natural-language-processing;pandas;pytorch;scikit-learn;xgboost,True,True,False
https://github.com/jpmcd/jiant-v1-legacy,jpmcd/jiant-v1-legacy,public,True,0,1,0,0,0,0,0,49,2021-04-14T18:17:17Z,2021-04-14T18:24:12Z,2021-04-22T17:48:12Z,,True,True,False
https://github.com/AhmedAbouzaid1/Medical-Question-Answering-System,AhmedAbouzaid1/Medical-Question-Answering-System,public,True,12,1,4,0,0,0,0,1,2021-04-12T15:10:06Z,2025-11-01T06:41:01Z,2021-05-21T20:29:01Z,bert;bigru;bilstm;deep-learning;knowledge-base;knowledge-graph;nlp,True,True,False
https://github.com/iloveslowfood/RelationExtraction,iloveslowfood/RelationExtraction,public,True,1,1,0,,,,,1,2021-04-12T03:32:38Z,2021-09-14T09:20:01Z,2021-04-23T04:03:54Z,huggingface;nlp;python;pytorch;relation-extraction,True,True,False
https://github.com/justinhchae/stocks,justinhchae/stocks,public,True,8,1,4,1,0,0,12,3,2021-02-09T01:48:23Z,2024-09-23T17:22:51Z,2021-05-06T16:04:53Z,arima;cpu-pooling;deep-neural-networks;facebook-prophet;forecasting;forecasting-experiements;lstm;multiprocessing;python;pytorch;sentiment-analysis;stock-prediction;stock-prices;timeseries;vader-sentiment-analysis,True,True,False
https://github.com/TheJorseman/EmotionNeuralInterface,TheJorseman/EmotionNeuralInterface,public,True,0,1,0,0,0,0,0,1,2021-02-12T23:49:18Z,2021-12-14T01:02:07Z,2022-04-09T01:45:58Z,,True,True,False
https://github.com/Yunnglin/GeoQA,Yunnglin/GeoQA,public,True,0,1,0,1,0,0,0,1,2021-01-17T03:18:32Z,2021-04-01T08:28:46Z,2021-04-01T08:28:44Z,,True,True,False
https://github.com/AlexKay28/MedConcNorm,AlexKay28/MedConcNorm,public,True,6,1,1,0,3,0,0,2,2021-03-14T12:51:01Z,2023-08-30T06:01:54Z,2021-06-29T09:40:06Z,,True,True,False
https://github.com/ShengtianSang/SemaTyP,ShengtianSang/SemaTyP,public,True,8,1,2,0,0,0,0,1,2021-03-23T03:10:49Z,2025-11-28T18:02:51Z,2021-03-23T23:31:35Z,,True,True,False
https://github.com/onurbil/emotion_from_speech,onurbil/emotion_from_speech,public,True,0,4,1,0,0,0,0,3,2021-02-15T17:55:52Z,2021-03-21T22:12:29Z,2021-03-21T22:12:27Z,,True,True,False
https://github.com/yyh0806/Ameme_public,yyh0806/Ameme_public,public,True,0,1,0,0,0,6,0,3,2020-06-09T06:49:30Z,2021-04-28T05:15:27Z,2023-07-20T13:16:07Z,,True,True,False
https://github.com/BitLab16/Machine-learning,BitLab16/Machine-learning,public,True,2,0,0,5,11,0,4,3,2021-03-01T22:23:07Z,2023-02-20T10:09:01Z,2021-05-18T15:05:33Z,,True,True,False
https://github.com/tim-inzitari/Hearthstone-Deck-Clusterer,tim-inzitari/Hearthstone-Deck-Clusterer,public,True,1,1,0,0,0,0,2,4,2020-09-17T00:02:23Z,2021-10-22T16:36:36Z,2022-04-22T19:27:03Z,,True,True,False
https://github.com/andreapdr/gFun,andreapdr/gFun,public,True,4,2,0,0,1,0,3,3,2020-04-06T10:19:01Z,2025-05-26T10:04:31Z,2022-10-10T09:49:11Z,,True,True,False
https://github.com/indobenchmark/indonlu,indobenchmark/indonlu,,False,,,,,,,,,,,,,,,
https://github.com/samantamrityunjay/Automatic-assignment-of-ICD10-codes,samantamrityunjay/Automatic-assignment-of-ICD10-codes,public,True,22,1,4,1,0,2,1,3,2020-07-25T06:04:03Z,2026-04-06T10:17:21Z,2023-06-12T21:52:36Z,bert;cnn;icd-coding;lstm-neural-networks;machine-learning;nlp,True,True,False
https://github.com/saif-mahmud/self-attention-HAR,saif-mahmud/self-attention-HAR,public,True,50,4,12,4,2,1,1,3,2021-01-06T07:40:11Z,2026-04-23T02:57:57Z,2021-03-30T06:08:22Z,human-activity-recognition;self-attention;wearable-sensors,True,True,False
https://github.com/dastronmighty/dl-project,dastronmighty/dl-project,public,True,0,1,0,0,0,0,0,2,2021-02-23T11:45:50Z,2021-04-09T20:49:22Z,2021-04-09T20:49:13Z,,True,True,False
https://github.com/tayebiarasteh/retweet,tayebiarasteh/retweet,public,True,11,1,5,1,0,0,0,2,2020-03-22T23:06:49Z,2024-06-28T06:39:37Z,2021-08-29T19:34:13Z,bidirectional-lstm;deep-learning;deep-neural-networks;lstm;manual-annotations;natural-language;natural-language-processing;nlp;pytorch;sentiment-analysis;sentiment-polarity;text-classification;text-data;tweepy;tweet;tweet-analysis;tweet-data;tweet-replies;tweeter;unsupervised-learning,True,True,False
https://github.com/mikitachab/deepfake-detection,mikitachab/deepfake-detection,public,True,0,1,0,0,0,0,0,1,2020-12-22T21:19:44Z,2021-08-14T13:30:16Z,2021-08-14T13:30:14Z,,True,True,False
https://github.com/mhezarei/ai-bot,mhezarei/ai-bot,public,True,8,1,3,0,0,1,0,4,2021-02-18T09:51:11Z,2025-12-02T10:15:26Z,2021-03-06T16:39:29Z,bert;nlp;persian-nlp,True,True,False
https://github.com/TakeruEndo/kaggle_Cassava,TakeruEndo/kaggle_Cassava,public,True,0,1,1,22,1,0,3,1,2021-01-09T06:22:12Z,2021-03-08T05:04:14Z,2021-03-08T05:04:12Z,,True,True,False
https://github.com/bahtman/Adv_ML_Lira,bahtman/Adv_ML_Lira,public,True,0,1,0,0,0,0,5,5,2021-02-25T13:49:13Z,2021-05-06T17:09:45Z,2021-05-06T17:09:42Z,,True,True,False
https://github.com/mb010/EquivariantSelfAttention,mb010/EquivariantSelfAttention,public,True,3,1,2,0,0,1,4,2,2021-03-01T09:33:25Z,2024-01-18T02:29:47Z,2022-11-04T14:33:22Z,,True,True,False
https://github.com/leebebeto/Missing-children,leebebeto/Missing-children,public,True,0,2,0,0,0,0,0,4,2021-03-01T03:16:53Z,2022-05-16T08:37:23Z,2022-09-05T12:17:32Z,,True,True,False
https://github.com/victor-basisai/credit-scoring,victor-basisai/credit-scoring,public,True,0,1,4,0,0,0,8,7,2021-02-28T09:35:49Z,2021-12-05T23:42:13Z,2022-07-18T07:47:55Z,,True,True,False
https://github.com/samsudinng/speech_accent_recognition,samsudinng/speech_accent_recognition,public,True,0,2,0,0,0,0,0,1,2020-12-04T06:37:00Z,2021-02-28T07:29:50Z,2021-02-28T07:29:47Z,,True,True,False
https://github.com/bastianatte/StockRegr,bastianatte/StockRegr,public,True,0,1,0,0,0,0,0,2,2020-12-05T15:11:14Z,2021-04-13T06:35:29Z,2021-04-13T06:35:27Z,,True,True,False
https://github.com/sting1000/generator,sting1000/generator,public,True,0,1,0,0,0,0,0,6,2020-09-25T13:32:21Z,2021-02-28T22:39:00Z,2021-02-28T22:38:58Z,,True,True,False
https://github.com/jaymody/misinformation-detection-with-transformers,jaymody/misinformation-detection-with-transformers,public,True,5,1,2,0,0,0,1,1,2019-11-07T09:38:24Z,2025-10-28T14:36:02Z,2022-02-20T21:52:05Z,,True,True,False
https://github.com/TatianaMoteuN/flair,TatianaMoteuN/flair,public,True,0,1,2,0,0,1,0,170,2021-02-24T17:47:20Z,2021-02-24T18:57:31Z,2022-12-14T07:50:38Z,,True,True,False
https://github.com/Murali-group/supervised-grns,Murali-group/supervised-grns,public,True,0,5,0,2,8,2,11,4,2020-11-12T03:58:16Z,2021-06-23T15:12:24Z,2021-06-23T15:12:20Z,,True,True,False
https://github.com/human-analysis/pytorchnet,human-analysis/pytorchnet,public,True,32,9,14,1,4,7,6,3,2017-04-14T21:31:59Z,2023-05-17T10:45:25Z,2021-11-25T04:31:09Z,,True,True,False
https://github.com/mpoiitis/iSpine,mpoiitis/iSpine,public,True,5,2,0,0,1,0,0,2,2020-09-24T09:11:58Z,2025-03-28T14:50:49Z,2021-09-02T10:53:42Z,,True,True,False
https://github.com/talha12981/sahte,talha12981/sahte,public,True,0,1,0,0,0,0,0,1,2021-02-08T06:29:01Z,2021-10-30T10:48:39Z,2021-02-10T11:35:14Z,,True,True,False
https://github.com/liqing-ustc/ANS,liqing-ustc/ANS,public,True,5,1,2,0,0,0,0,1,2020-10-24T00:42:57Z,2022-05-17T20:57:42Z,2022-08-30T06:01:34Z,,True,True,False
https://github.com/tarkantemizoz/Cost-Sensitive-Learning,tarkantemizoz/Cost-Sensitive-Learning,public,True,0,1,0,0,0,0,0,2,2020-11-02T13:32:28Z,2023-11-14T11:15:09Z,2023-11-14T11:42:11Z,,True,True,False
https://github.com/Hethsron/deepmwoo,Hethsron/deepmwoo,public,True,0,1,1,0,0,0,0,2,2020-09-25T09:41:59Z,2021-04-23T13:52:37Z,2021-04-23T13:52:34Z,,True,True,False
https://github.com/dfdazac/blp,dfdazac/blp,public,True,64,3,8,0,6,1,1,1,2020-03-31T12:09:36Z,2025-12-19T14:57:50Z,2023-06-12T21:27:43Z,,True,True,False
https://github.com/reach1dev/api-ml-web-tool,reach1dev/api-ml-web-tool,public,True,2,1,0,0,0,0,0,1,2021-02-01T08:30:03Z,2021-02-04T19:36:40Z,2021-02-03T06:39:37Z,,True,True,False
https://github.com/ialab-puc/segmentation_guided_attention,ialab-puc/segmentation_guided_attention,public,True,5,0,0,0,0,12,14,1,2018-12-22T19:11:17Z,2024-03-26T12:43:35Z,2022-12-08T01:33:45Z,,True,True,False
https://github.com/hojunroks/label2vec,hojunroks/label2vec,public,True,1,1,0,0,0,0,0,1,2020-12-18T16:43:29Z,2021-02-20T08:27:16Z,2021-02-20T08:27:14Z,,True,True,False
https://github.com/mslovett21/decaf-pegasus-covid,mslovett21/decaf-pegasus-covid,public,True,0,1,0,0,0,0,0,4,2020-09-01T01:59:28Z,2021-01-26T05:08:43Z,2021-02-18T15:34:15Z,,True,True,False
https://github.com/DevMilk/AutoNLP-CLSF,DevMilk/AutoNLP-CLSF,public,True,1,1,0,0,0,0,3,1,2021-01-08T10:46:05Z,2021-01-25T21:03:54Z,2021-01-25T21:29:24Z,nlp;nlp-machine-learning;text-classification,True,True,False
https://github.com/mengtinglll/deepke,mengtinglll/deepke,public,True,0,1,0,0,0,0,0,2,2021-01-21T03:27:58Z,2021-01-21T03:35:20Z,2021-01-21T03:35:18Z,,True,True,False
https://github.com/RayRuizhiLiao/resnet_chestxray,RayRuizhiLiao/resnet_chestxray,public,True,1,2,2,0,0,0,0,2,2020-10-08T14:38:10Z,2021-12-03T13:08:45Z,2021-11-12T21:39:13Z,,True,True,False
https://github.com/elBichon/online_machine_learning,elBichon/online_machine_learning,public,True,1,1,0,0,0,0,40,2,2021-01-10T17:34:51Z,2021-03-26T12:44:34Z,2021-03-26T12:44:31Z,,True,False,False
https://github.com/mcps5601/TimeGAN-tensorflow2,mcps5601/TimeGAN-tensorflow2,public,True,6,1,2,1,0,0,0,1,2020-09-29T15:26:53Z,2025-05-21T14:56:07Z,2021-01-18T02:07:16Z,tensorflow2;time-series;timegan,True,True,False
https://github.com/EricPostMaster/market-research-cluster-analysis,EricPostMaster/market-research-cluster-analysis,public,True,14,2,3,0,0,0,1,2,2020-12-11T15:40:43Z,2026-04-01T17:12:40Z,2021-03-07T03:04:36Z,,True,True,False
https://github.com/Javihaus/Auto-ML-app-with-dash,Javihaus/Auto-ML-app-with-dash,public,True,1,1,1,0,0,0,0,1,2021-01-11T18:44:03Z,2025-09-29T07:54:29Z,2021-01-14T18:11:51Z,app;automl-algorithms;automl-experiments;automl-for-compression;plotly-analytics-projects;plotly-dash;xgboost,True,True,True
https://github.com/uoo723/M2m_text,uoo723/M2m_text,public,True,1,1,0,0,0,0,0,1,2020-12-31T09:22:42Z,2023-05-21T10:19:02Z,2021-09-23T06:34:24Z,deep-learning;docker;python;pytorch,True,True,False
https://github.com/silencedsre/Fusemachines-AI-Training,silencedsre/Fusemachines-AI-Training,public,True,0,1,0,0,0,0,10,2,2020-12-28T10:33:38Z,2021-01-08T04:34:10Z,2021-01-08T04:34:07Z,,True,True,False
https://github.com/delinhquent/unnatural-reviews-detector,delinhquent/unnatural-reviews-detector,public,True,0,1,0,0,0,0,0,1,2020-12-17T15:28:58Z,2021-04-28T17:45:31Z,2021-04-28T17:45:28Z,,True,True,False
https://github.com/CRJoshuaa/Data-Mining-Project,CRJoshuaa/Data-Mining-Project,public,True,1,1,0,0,0,0,0,3,2020-09-05T08:22:32Z,2021-01-02T09:25:59Z,2021-01-02T09:25:56Z,,True,True,False
https://github.com/mastrHyperion98/CNN-Music-Classifier,mastrHyperion98/CNN-Music-Classifier,public,True,0,1,0,0,0,1,12,3,2020-10-26T23:59:40Z,2025-04-27T03:32:12Z,2025-06-18T02:11:13Z,,True,True,False
https://github.com/alexchungio/Multi-Lable-Classification-Planet,alexchungio/Multi-Lable-Classification-Planet,public,True,0,1,0,0,0,0,0,1,2020-11-30T01:59:11Z,2021-03-01T08:26:14Z,2021-03-01T08:26:12Z,,True,True,False
https://github.com/Zerkles/SRUDA,Zerkles/SRUDA,public,True,0,1,0,0,0,0,2,7,2020-08-31T19:52:01Z,2025-09-05T09:55:23Z,2021-01-30T16:14:28Z,,True,True,False
https://github.com/oddeirikigland/ist-data-science,oddeirikigland/ist-data-science,public,True,0,1,0,0,9,0,14,3,2019-09-26T13:58:59Z,2020-03-20T12:25:00Z,2019-11-22T18:24:55Z,,True,True,False
https://github.com/9DemonFox/simpleLearning,9DemonFox/simpleLearning,public,True,8,1,0,4,6,0,62,5,2020-12-08T10:13:31Z,2021-04-09T06:41:43Z,2021-04-09T06:41:40Z,,True,True,False
https://github.com/nicoloverardo/master-degree-thesis,nicoloverardo/master-degree-thesis,public,True,3,1,0,0,0,0,0,1,2020-12-01T14:21:54Z,2022-12-29T09:49:00Z,2022-12-23T20:30:06Z,arima;compartmental-models;covid;covid-19;dashboard;data-science;italy;lstm;master-degree-thesis;master-thesis;sird;sird-model;streamlit;tensorflow;thesis;time-series,True,True,True
https://github.com/CHeffernan087/NBA_Machine_Learning_Model,CHeffernan087/NBA_Machine_Learning_Model,public,True,0,3,0,0,0,0,28,5,2020-11-11T18:08:31Z,2020-12-22T22:48:33Z,2020-12-22T22:48:31Z,,True,True,False
https://github.com/Jason0917/Normalizing-Flow-Based-Defect-Detection,Jason0917/Normalizing-Flow-Based-Defect-Detection,public,True,2,1,0,0,0,0,0,7,2020-12-21T05:32:57Z,2022-04-18T22:40:19Z,2020-12-22T07:30:25Z,,True,True,False
https://github.com/cristianokunas/Sentiment_Analysis,cristianokunas/Sentiment_Analysis,public,True,0,0,0,0,0,3,14,6,2020-04-02T16:54:33Z,2021-08-28T05:29:08Z,2023-03-25T01:37:55Z,artificial-intelligence;lstm-sentiment-analysis;recurrent-neural-network,True,True,False
https://github.com/LucaUrban/prova_streamlit,LucaUrban/prova_streamlit,public,True,0,1,0,0,0,0,0,1,2020-12-19T07:34:57Z,2022-01-04T17:32:18Z,2022-02-18T11:27:28Z,,True,True,False
https://github.com/rodrigorivera/mds20_returney,rodrigorivera/mds20_returney,public,True,0,1,2,,,,,3,2020-11-03T13:57:52Z,2020-12-17T20:36:59Z,2020-12-17T20:36:57Z,,True,True,False
https://github.com/isabelcachola/ML-Fall2020-Final-Project,isabelcachola/ML-Fall2020-Final-Project,public,True,1,1,0,0,1,0,11,6,2020-11-09T18:20:57Z,2021-08-15T14:59:45Z,2020-12-15T02:53:19Z,,True,False,False
https://github.com/nantesmetropole/school_meal_forecast_xgboost,nantesmetropole/school_meal_forecast_xgboost,public,True,4,0,4,2,0,0,4,4,2020-12-14T17:18:28Z,2023-07-08T21:18:42Z,2022-01-22T22:14:07Z,,True,True,False
https://github.com/tanmaymane18/AI202513,tanmaymane18/AI202513,public,True,0,1,0,0,0,0,0,1,2020-12-12T20:58:32Z,2025-03-10T17:52:33Z,2025-03-10T17:52:29Z,,True,True,False
https://github.com/NawasNaziru/REVENUE-PREDICTION-USING-IBM-AI-ENTERPRISE-WORKFLOW,NawasNaziru/REVENUE-PREDICTION-USING-IBM-AI-ENTERPRISE-WORKFLOW,public,True,0,1,0,0,0,0,0,1,2020-12-11T10:06:11Z,2020-12-13T06:54:50Z,2020-12-13T06:54:48Z,,True,True,False
https://github.com/Tinusf/ml_cancer_screening,Tinusf/ml_cancer_screening,public,True,0,1,0,1,1,0,13,2,2020-01-22T12:52:35Z,2020-04-22T20:48:38Z,2020-04-22T20:47:37Z,,True,True,False
https://github.com/DWhistle/virus-hack,DWhistle/virus-hack,public,True,0,1,0,0,0,0,0,3,2020-04-24T16:49:03Z,2020-05-04T18:36:35Z,2020-05-04T18:14:41Z,,True,True,False
https://github.com/adamjstewart/crop_yield_prediction,adamjstewart/crop_yield_prediction,public,True,19,0,10,0,0,0,0,1,2018-04-30T15:20:05Z,2025-10-14T10:58:18Z,2018-06-22T18:24:22Z,crop-model;deep-learning;machine-learning;neural-network,True,False,False
https://github.com/mlai-student/Lab2020-21ClusteringCovidData,mlai-student/Lab2020-21ClusteringCovidData,public,True,0,1,0,0,0,0,0,4,2020-11-09T12:53:49Z,2021-03-13T21:25:02Z,2021-03-13T21:25:01Z,,True,True,False
https://github.com/YuhaoCheng/PyAnomaly,YuhaoCheng/PyAnomaly,public,True,110,1,16,0,2,1,10,1,2020-06-01T07:13:18Z,2025-11-20T13:07:40Z,2021-08-30T02:30:59Z,anomaly-detection;artificial-intelligence;artificial-neural-networks;computer-vision;machine-learning;multimedia;python;pytroch;video-analysis;video-anomaly-detection;video-understanding,True,True,False
https://github.com/easylearn-fmri/easylearn_dev,easylearn-fmri/easylearn_dev,public,True,39,3,15,1,1,0,56,3,2020-03-02T15:23:17Z,2026-03-26T17:34:10Z,2023-03-10T02:39:57Z,deep-learning;graphic-user-interface;machine-learning;neuroimaging;radiomics;resting-state-fmri,True,True,False
https://github.com/Fosso/trackdecpred,Fosso/trackdecpred,public,True,1,1,0,0,8,0,26,2,2020-11-01T13:56:06Z,2023-12-14T09:00:11Z,2020-11-27T22:30:58Z,,True,True,False
https://github.com/kzinmr/mlflow_bert_ja,kzinmr/mlflow_bert_ja,public,True,0,1,1,0,0,1,0,1,2020-11-24T09:49:57Z,2021-01-14T13:55:07Z,2022-10-17T10:22:40Z,,True,True,False
https://github.com/MatthiasJakobs/explainable-interactive-website,MatthiasJakobs/explainable-interactive-website,public,True,4,2,0,0,0,0,0,6,2020-10-14T13:18:51Z,2020-12-07T16:39:14Z,2020-12-07T16:39:12Z,,True,True,False
https://github.com/anhtuanhsgs/ColorRL,anhtuanhsgs/ColorRL,public,True,11,0,1,0,0,9,24,2,2020-07-24T08:43:23Z,2025-11-19T11:19:10Z,2025-11-19T11:19:05Z,,True,True,False
https://github.com/hmashrique/Car-Price-Prediction,hmashrique/Car-Price-Prediction,public,True,0,2,2,0,0,0,0,2,2020-11-06T03:53:28Z,2020-11-26T07:50:57Z,2020-11-21T21:38:36Z,,True,True,False
https://github.com/IShengFang/Digital_Medicine_2020Fall_RSNA_ICH_Detection,IShengFang/Digital_Medicine_2020Fall_RSNA_ICH_Detection,public,True,0,1,0,0,0,0,0,4,2020-11-07T14:27:32Z,2020-11-18T05:54:47Z,2020-11-18T05:54:45Z,,True,True,False
https://github.com/ebottabi/LiveAI,ebottabi/LiveAI,public,True,0,1,3,0,0,0,0,1,2016-09-26T02:10:36Z,2019-03-23T17:33:47Z,2016-09-06T16:27:52Z,,False,True,False
https://github.com/alexaor/tdt4173,alexaor/tdt4173,public,True,0,1,0,0,0,0,30,3,2020-10-08T17:27:53Z,2020-11-26T18:44:32Z,2020-11-26T18:44:27Z,,True,True,False
https://github.com/feldlime/X5RetailHeroUplift,feldlime/X5RetailHeroUplift,public,True,3,1,3,0,0,0,11,4,2020-01-19T16:01:22Z,2024-01-09T10:43:45Z,2020-03-18T18:51:05Z,,True,True,False
https://github.com/Preeti24/Youtube-comments,Preeti24/Youtube-comments,public,True,0,1,0,0,0,4,1,1,2020-02-06T03:43:15Z,2020-12-26T06:04:24Z,2022-09-23T22:50:24Z,,True,False,False
https://github.com/invett/nn.based.intersection.classficator,invett/nn.based.intersection.classficator,public,True,4,1,1,6,6,0,2,3,2020-07-16T10:54:40Z,2024-02-22T09:38:05Z,2024-05-08T14:04:20Z,dnn;intelligent-vehicles;intersection-classification;its;pytorch,True,True,True
https://github.com/unitaryai/detoxify,unitaryai/detoxify,public,True,1250,12,142,36,32,3,58,14,2020-09-23T15:24:21Z,2026-05-29T15:30:08Z,2026-04-06T21:28:40Z,bert;bert-model;hate-speech;hate-speech-detection;hatespeech;huggingface;huggingface-transformers;kaggle-competition;nlp;pytorch-lightning;sentence-classification;toxic-comment-classification;toxic-comments;toxicity;toxicity-classification,True,True,True
https://github.com/nyu-mll/online-code-for-edge-probing,nyu-mll/online-code-for-edge-probing,public,True,5,4,2,0,0,0,0,49,2020-11-09T03:30:02Z,2024-08-21T09:14:06Z,2020-11-09T16:47:03Z,,True,True,False
https://github.com/PhilippKrueger/ml-many-body-localization,PhilippKrueger/ml-many-body-localization,public,True,1,1,0,0,0,2,8,3,2020-11-08T10:47:29Z,2022-01-25T08:16:49Z,2023-03-25T00:18:43Z,,True,True,False
https://github.com/noycohen100/MARCO-GE,noycohen100/MARCO-GE,public,True,9,1,4,0,0,0,0,1,2020-11-03T07:17:22Z,2024-12-03T15:29:51Z,2021-07-13T09:40:13Z,,True,True,False
https://github.com/tmcphee/Hotel-Review-Analyzer,tmcphee/Hotel-Review-Analyzer,public,True,0,1,1,0,0,0,0,4,2020-10-09T14:15:30Z,2021-05-27T01:09:21Z,2020-11-22T04:54:10Z,google-cloud;html;mechine-learning;python,True,True,False
https://github.com/wjensheng/recursion,wjensheng/recursion,public,True,2,0,0,0,0,1,1,2,2019-08-01T04:45:18Z,2021-08-24T14:50:50Z,2019-09-04T11:51:08Z,,True,True,False
https://github.com/Allovertom/YouReadAtBranch,Allovertom/YouReadAtBranch,public,True,0,1,1,0,0,0,0,4,2020-10-25T03:22:45Z,2020-12-04T07:53:23Z,2020-12-04T07:53:21Z,,True,True,False
https://github.com/techblogp/MusicVideoCommentAnalyzer,techblogp/MusicVideoCommentAnalyzer,public,True,0,1,1,0,0,1,0,1,2020-10-28T21:37:49Z,2021-02-27T05:25:19Z,2021-02-27T05:25:17Z,,True,True,False
https://github.com/machouz/TextClassificationScript,machouz/TextClassificationScript,public,True,0,0,1,0,0,0,0,5,2020-01-26T09:11:01Z,2020-05-20T16:09:23Z,2020-02-24T09:44:07Z,,False,True,False
https://github.com/microsoft/datadrivenmodel,microsoft/datadrivenmodel,public,True,22,15,22,10,7,6,37,15,2020-09-08T21:25:22Z,2026-03-05T14:27:48Z,2023-09-07T16:12:48Z,,True,True,True
https://github.com/ben-hawks/pytorch-jet-classify,ben-hawks/pytorch-jet-classify,public,True,9,2,8,3,4,6,19,3,2020-06-09T14:27:38Z,2026-03-15T17:15:35Z,2023-10-18T01:50:54Z,,True,True,False
https://github.com/chen-jimmy/AutoBot,chen-jimmy/AutoBot,public,True,1,2,0,0,0,0,0,4,2020-10-24T16:02:01Z,2020-12-27T20:26:38Z,2020-10-25T19:44:38Z,,True,True,False
https://github.com/bentanlw/ebacs_plp_project,bentanlw/ebacs_plp_project,public,True,0,1,0,0,0,0,0,1,2020-08-08T05:20:11Z,2020-10-27T12:54:45Z,2020-10-27T12:54:42Z,,True,True,False
https://github.com/YuehuaZhu/ProxyGML,YuehuaZhu/ProxyGML,public,True,58,2,8,1,0,0,1,2,2020-10-09T02:46:05Z,2025-09-22T09:28:44Z,2021-04-28T09:03:43Z,deep-metric-learning;graph;proxy,True,True,False
https://github.com/e2e-retrieval-in-continuous-space/e2e-retrieval,e2e-retrieval-in-continuous-space/e2e-retrieval,public,True,0,1,0,0,0,0,28,2,2020-10-16T18:41:50Z,2022-04-26T04:53:27Z,2022-04-26T04:53:24Z,,True,True,False
https://github.com/benjides/MusicGenreClassifier,benjides/MusicGenreClassifier,public,True,0,1,0,0,0,0,1,1,2019-02-26T18:14:30Z,2019-10-03T21:47:09Z,2019-09-22T22:06:00Z,,True,True,False
https://github.com/MachineLP/PyTorch_image_classifier,MachineLP/PyTorch_image_classifier,public,True,261,13,69,7,4,3,6,3,2018-04-11T09:35:10Z,2026-05-13T04:33:08Z,2024-01-29T12:12:52Z,efficientnet;image-classification;resnest;seresnext,True,True,False
https://github.com/paulagd/GCE,paulagd/GCE,public,True,2,1,0,0,0,0,0,5,2020-10-19T09:27:39Z,2026-02-26T07:10:41Z,2021-02-24T14:50:10Z,,True,True,False
https://github.com/awarenessxz/acoustic-scene-classification,awarenessxz/acoustic-scene-classification,public,True,3,0,1,0,0,0,3,2,2019-03-17T06:01:05Z,2025-12-18T17:28:29Z,2019-04-20T12:39:54Z,,True,False,False
https://github.com/grant-pittman/ML-FIFA-Stats,grant-pittman/ML-FIFA-Stats,public,True,0,1,0,0,0,0,0,3,2020-10-09T01:35:10Z,2020-10-21T21:21:28Z,2020-10-21T21:21:25Z,,True,True,False
https://github.com/danifranco/EM_Image_Segmentation,danifranco/EM_Image_Segmentation,public,True,201,7,41,,,,,21,2019-02-28T15:35:09Z,2026-06-03T09:37:07Z,2026-06-03T09:37:02Z,biomedical-image-processing;classification;computer-vision;convolutional-neural-networks;deep-learning;denoising;image-processing;image-segmentation;instance-segmentation;machine-learning;medical-imaging;object-detection;python;pytorch;segmentation;self-supervised-learning;semantic-segmentation;super-resolution,True,True,False
https://github.com/michi-d/bundestweets,michi-d/bundestweets,public,True,1,1,0,0,0,1,2,2,2020-07-05T20:25:53Z,2020-11-05T12:59:21Z,2023-05-01T13:43:48Z,,True,True,False
https://github.com/sahivy13/clients_from_hell_heroku,sahivy13/clients_from_hell_heroku,public,True,0,1,0,0,0,0,0,1,2020-10-12T06:18:57Z,2020-10-16T07:33:05Z,2020-10-16T07:33:02Z,,True,True,False
https://github.com/nyu-mll/jiant-v1-legacy,nyu-mll/jiant-v1-legacy,public,True,22,12,10,115,1004,0,1,49,2020-09-17T16:51:41Z,2025-02-10T07:21:40Z,2020-10-08T18:24:49Z,,True,True,False
https://github.com/jschiefner/covid19-classification,jschiefner/covid19-classification,public,True,2,1,0,0,0,0,0,5,2020-08-11T10:20:22Z,2020-11-02T12:20:44Z,2020-10-04T23:20:32Z,,True,False,False
https://github.com/dmcinerney/ehr-extraction-models,dmcinerney/ehr-extraction-models,public,True,6,4,1,0,0,8,13,4,2019-09-05T17:27:02Z,2025-01-20T20:55:09Z,2022-12-08T04:26:34Z,,True,True,False
https://github.com/wazeerzulfikar/deep-split-ensembles,wazeerzulfikar/deep-split-ensembles,public,True,8,3,5,1,0,8,14,5,2020-03-25T03:26:29Z,2022-11-14T01:12:55Z,2022-12-08T04:26:35Z,machine-learning;uncertainty-estimation,True,True,False
https://github.com/ashok-arjun/Zero-Shot-Sketch-Based-Image-Retrieval,ashok-arjun/Zero-Shot-Sketch-Based-Image-Retrieval,public,True,26,2,3,2,2,4,8,2,2020-07-29T06:29:15Z,2025-11-06T09:13:02Z,2023-10-03T23:33:28Z,computer-vision;deep-learning;domain-adversarial;gradient-reversal-layer;image-retrieval;machine-learning;pytorch;sketch-based-image-retrieval;zero-shot-learning,True,True,False
https://github.com/SamujjwalSam/Short-text_GNN,SamujjwalSam/Short-text_GNN,public,True,7,2,1,0,0,2,2,1,2020-05-28T13:37:50Z,2024-03-08T10:49:04Z,2023-06-02T07:22:54Z,classification;domain-adaptation;gcn;shorttext;text-classification,True,True,False
https://github.com/fznsakib/great-ape-behaviour-detector,fznsakib/great-ape-behaviour-detector,public,True,5,1,0,1,18,8,18,1,2019-11-18T16:33:02Z,2024-03-11T16:24:02Z,2022-12-08T07:38:13Z,,True,True,False
https://github.com/ns-rokuyon/kaggle-bengali-classification,ns-rokuyon/kaggle-bengali-classification,public,True,0,1,0,0,0,0,0,1,2020-01-27T10:49:12Z,2020-03-17T12:43:33Z,2020-03-17T06:15:45Z,,True,True,False
https://github.com/kumatheworld/niaoge,kumatheworld/niaoge,public,True,0,1,0,0,0,0,28,3,2020-08-31T10:08:14Z,2025-06-16T21:02:58Z,2025-06-16T21:03:01Z,,True,True,False
https://github.com/lRomul/argus-alaska,lRomul/argus-alaska,public,True,3,2,0,0,0,4,3,2,2020-05-05T13:24:36Z,2023-05-31T13:49:34Z,2023-07-23T15:07:48Z,computer-vision;deep-learning;kaggle;kaggle-competition;pytorch;steganalysis,True,True,False
https://github.com/lRomul/argus-bengali-ai,lRomul/argus-bengali-ai,public,True,3,2,0,0,0,4,8,2,2020-01-05T23:05:03Z,2023-03-08T00:59:44Z,2022-11-22T07:56:18Z,,True,True,False
https://github.com/gesiscss/sexism_custom_classifier,gesiscss/sexism_custom_classifier,public,True,7,11,4,0,0,2,1,1,2020-08-13T10:29:34Z,2024-11-15T22:26:44Z,2021-02-11T11:36:22Z,bert;natural-language-processing;nlp;sckit-learn;sexism-detection,True,True,False
https://github.com/a-luengen/anytimeDnn,a-luengen/anytimeDnn,public,True,1,1,1,0,0,3,0,3,2020-07-22T16:14:46Z,2024-02-10T14:51:20Z,2024-02-10T14:51:16Z,,True,True,False
https://github.com/vndee/ab2sa,vndee/ab2sa,public,True,1,1,0,0,0,0,0,1,2020-09-08T02:50:11Z,2020-10-01T15:27:04Z,2020-09-20T10:09:55Z,,True,True,False
https://github.com/wazeerzulfikar/alzheimers-dementia,wazeerzulfikar/alzheimers-dementia,public,True,64,7,17,0,1,8,14,5,2020-06-08T00:30:45Z,2026-03-09T15:03:23Z,2022-12-08T04:25:59Z,alzheimer-dementia;machine-learning,True,True,False
https://github.com/vietdung126/BankClassify,vietdung126/BankClassify,public,True,0,1,0,0,0,6,2,2,2020-09-02T12:19:28Z,2020-09-02T12:21:08Z,2023-02-16T02:10:35Z,,True,True,False
https://github.com/ihaeyong/drama-graph,ihaeyong/drama-graph,public,True,8,7,1,4,4,11,19,13,2020-04-29T00:30:40Z,2024-01-27T03:17:26Z,2022-12-08T11:26:54Z,behavior-recognition;caption-generation;face-detection;knowlege-graph;lexicon-generation;multimodal-deep-learning;person-detection;place-recognition;predicates-classification;sound-event-localization;video-processing,True,True,False
https://github.com/shalomma/ToBark,shalomma/ToBark,public,True,0,1,0,0,0,2,1,1,2020-07-14T07:41:52Z,2020-09-11T11:42:47Z,2023-07-06T22:14:38Z,,True,True,False
https://github.com/SwatiSSwain/SwatiSSwain-REP-Project-Three,SwatiSSwain/SwatiSSwain-REP-Project-Three,public,True,1,2,3,0,0,0,0,3,2020-08-15T18:55:51Z,2020-08-25T22:15:30Z,2020-08-25T21:43:14Z,,True,True,False
https://github.com/amirhk/recourse,amirhk/recourse,public,True,37,3,6,,,,,30,2020-03-16T12:59:09Z,2026-03-24T08:37:41Z,2022-12-27T15:48:23Z,algorithmic-recourse;causality;counterfactual-explanations;explainable-ai;explainable-ml;machine-learning;xai,True,True,False
https://github.com/swapnanildutta/Mushroom-Classification-Web-App,swapnanildutta/Mushroom-Classification-Web-App,public,True,0,1,1,0,0,4,81,3,2020-08-14T09:39:26Z,2022-04-04T07:52:33Z,2023-03-07T00:02:00Z,classification;classification-algorithm;machine-learning;machine-learning-algorithms;python3;streamlit;streamlit-webapp;webapp,True,True,False
https://github.com/guillermoim/deepfakes-policy-optimization,guillermoim/deepfakes-policy-optimization,public,True,0,3,0,0,0,16,10,6,2020-05-24T17:31:51Z,2024-07-30T07:23:41Z,2024-07-30T07:23:38Z,,True,True,False
https://github.com/AxekA13/ModelTracking,AxekA13/ModelTracking,public,True,0,2,0,0,0,3,2,1,2020-07-02T08:52:41Z,2020-08-14T20:11:33Z,2023-06-12T21:28:50Z,,True,True,False
https://github.com/kangakum36/FlowAI,kangakum36/FlowAI,public,True,1,1,2,0,0,1,9,2,2019-11-18T05:07:45Z,2025-09-01T23:11:54Z,2023-03-25T01:00:07Z,,True,True,False
https://github.com/iUssel/MiningPersonalityInGerman,iUssel/MiningPersonalityInGerman,public,True,2,1,2,0,0,0,9,1,2020-03-17T16:53:09Z,2024-12-04T14:35:52Z,2023-01-28T14:06:08Z,,True,True,False
https://github.com/Maryam-Ah/Insurance-Charges-Prediction-App-with-Azure-and-Streamit,Maryam-Ah/Insurance-Charges-Prediction-App-with-Azure-and-Streamit,public,True,1,1,0,0,0,0,0,1,2020-08-08T15:49:51Z,2021-02-05T04:17:09Z,2021-02-05T04:17:06Z,,True,True,False
https://github.com/timvdh123/simula_smarthome,timvdh123/simula_smarthome,public,True,2,2,1,0,0,8,11,3,2020-07-10T13:29:24Z,2022-03-26T14:58:57Z,2022-12-08T11:22:08Z,,True,True,False
https://github.com/KIT-ISAS/TrackSort_Neural_Public,KIT-ISAS/TrackSort_Neural_Public,public,True,2,0,0,0,0,0,0,4,2020-08-07T09:20:32Z,2023-05-01T16:24:01Z,2021-09-16T11:47:56Z,,True,True,False
https://github.com/bindog/nlp-training,bindog/nlp-training,public,True,3,2,1,0,0,1,0,3,2020-08-03T08:09:58Z,2025-08-07T12:25:32Z,2024-07-25T11:13:24Z,,True,True,False
https://github.com/ryansteed/learning-appearance-bias,ryansteed/learning-appearance-bias,public,True,0,1,0,0,0,0,0,1,2018-12-03T23:36:22Z,2022-04-26T16:06:25Z,2022-06-22T14:39:03Z,,True,True,False
https://github.com/vndee/bertvi-sentiment,vndee/bertvi-sentiment,public,True,4,0,4,0,0,6,5,1,2020-08-01T03:58:47Z,2026-01-11T05:10:41Z,2022-12-08T11:20:28Z,,True,True,False
https://github.com/sampathkethineedi/bert-topic-sentiment,sampathkethineedi/bert-topic-sentiment,public,True,9,2,4,2,0,3,4,2,2020-07-29T16:22:25Z,2025-10-30T16:02:02Z,2022-08-06T05:52:40Z,aspect-based-sentiment-analysis;bert;fastapi;multi-label-classification;streamlit;transformers,True,True,False
https://github.com/flawnson/Generic_GNN,flawnson/Generic_GNN,public,True,1,1,0,0,0,1,0,1,2020-06-14T22:46:12Z,2021-01-30T18:41:18Z,2024-07-25T11:00:00Z,,True,True,False
https://github.com/mdork/Steganalysis-DeepVision-Project,mdork/Steganalysis-DeepVision-Project,public,True,0,1,0,,,,,1,2020-06-12T17:47:29Z,2020-12-08T19:58:23Z,2020-12-08T19:58:21Z,image-steganalysis,True,True,False
https://github.com/stefanDeveloper/covid-19-neural-network,stefanDeveloper/covid-19-neural-network,public,True,0,1,0,0,1,0,0,1,2020-06-22T15:41:33Z,2026-03-24T10:44:16Z,2020-11-26T16:40:54Z,covid-19;covid19;heidelberg;heidelberg-university;pytorch,True,True,False
https://github.com/microsoft/robustdg,microsoft/robustdg,public,True,175,6,29,1,9,14,27,5,2020-06-12T09:28:19Z,2025-08-25T10:33:50Z,2023-10-03T04:31:58Z,artificial-intelligence;causality;domain-generalization;machine-learning;privacy-preserving-machine-learning,True,True,False
https://github.com/gmftbyGMFTBY/OpenDialog,gmftbyGMFTBY/OpenDialog,public,True,107,6,21,0,2,5,0,1,2020-03-15T05:46:41Z,2026-05-17T01:14:16Z,2023-07-06T22:14:20Z,bert;chinese;corpus;gan-based;generative;gpt2;multi-view;open-domain;pytorch;reinforcement-learning;retrieval;transformers;wechat;wechat-api,True,True,False
https://github.com/shawnd29/eda-webapp,shawnd29/eda-webapp,public,True,2,0,3,1,0,3,0,1,2020-07-14T21:31:33Z,2021-01-14T03:40:55Z,2023-07-06T22:19:45Z,machine-learning;nocode,True,True,False
https://github.com/arpanadhikari1/CPLP,arpanadhikari1/CPLP,public,True,1,1,0,0,0,2,0,1,2020-02-05T13:06:49Z,2020-09-24T14:32:27Z,2024-06-17T22:55:43Z,,True,True,False
https://github.com/arpanadhikari1/FER,arpanadhikari1/FER,public,True,1,1,0,0,0,2,0,1,2020-02-05T14:49:24Z,2020-09-24T14:33:16Z,2022-06-22T02:30:21Z,,True,True,False
https://github.com/anhdhbn/facerec,anhdhbn/facerec,public,True,0,1,1,0,0,3,6,6,2020-05-27T12:01:23Z,2020-09-23T21:07:17Z,2023-03-01T20:35:49Z,,True,True,False
https://github.com/TienSFU25/983-test,TienSFU25/983-test,public,True,0,1,1,0,0,2,9,2,2020-07-06T02:17:00Z,2020-08-14T06:13:54Z,2023-03-24T23:03:30Z,,True,True,False
https://github.com/micts/anomaly-detection-robotic-vehicle,micts/anomaly-detection-robotic-vehicle,public,True,2,1,0,0,0,2,0,1,2020-07-02T15:17:51Z,2020-09-30T07:52:48Z,2023-05-01T21:43:11Z,,True,True,False
https://github.com/nicolasfacchinetti97/progettoBioInf,nicolasfacchinetti97/progettoBioInf,public,True,0,2,1,0,0,2,4,3,2020-05-11T08:43:19Z,2021-06-09T01:01:38Z,2021-06-08T21:54:54Z,,True,True,False
https://github.com/mystery2828/playwithML,mystery2828/playwithML,public,True,9,2,7,0,0,5,19,5,2020-06-12T04:22:09Z,2021-11-04T18:02:23Z,2023-05-01T21:24:08Z,automl;heroku;machine-learning;machine-learning-algorithms;pandas;python3;sklearn;streamlit,True,True,False
https://github.com/kayjanw/test-app,kayjanw/test-app,public,True,2,1,1,0,0,12,92,3,2020-04-24T08:05:06Z,2026-06-01T18:11:03Z,2026-06-01T18:09:59Z,,True,True,False
https://github.com/THUDM/GCC,THUDM/GCC,public,True,333,10,56,10,16,2,1,5,2020-06-16T05:51:15Z,2026-01-22T06:14:25Z,2023-07-06T21:59:36Z,contrastive-learning;graph-neural-networks;pre-training,True,True,False
https://github.com/ptv1p3r/neuralnet_breastcancer,ptv1p3r/neuralnet_breastcancer,public,True,0,1,0,0,0,10,10,4,2020-05-22T10:34:33Z,2020-07-07T11:23:50Z,2022-12-08T10:12:15Z,,True,True,False
https://github.com/pyyush/GraphML,pyyush/GraphML,public,True,14,2,3,1,0,1,9,2,2020-04-14T14:58:26Z,2025-05-21T17:32:56Z,2023-03-25T00:34:41Z,clustering;gcn;graph-clustering;graph-convolutional-networks;graph-neural-networks,True,True,False
https://github.com/hellohaptik/multi-task-NLP,hellohaptik/multi-task-NLP,public,True,374,17,51,11,0,4,11,4,2020-03-31T08:19:50Z,2026-04-27T19:49:08Z,2022-11-21T21:57:10Z,context-awareness;entailment;intent-classification;machine-comprehension;multitask-learning;named-entity-recognition;nli-tasks;nlp;nlp-apis;nlp-datasets;nlp-library;pytorch;ranking;sentence-classification;sequence-labeling;transformers,True,True,False
https://github.com/leonoravesterbacka/carl-torch,leonoravesterbacka/carl-torch,public,True,6,1,3,2,0,7,18,4,2020-04-15T08:53:32Z,2022-04-20T08:00:30Z,2023-01-27T01:13:18Z,classifier;monte-carlos-samples;neural-network;pytorch,True,True,False
https://github.com/todatech/csda-lab,todatech/csda-lab,public,True,0,1,2,0,0,17,21,5,2020-05-06T17:13:03Z,2020-09-03T13:23:08Z,2022-12-08T09:52:29Z,,True,True,False
https://github.com/DmitriiDenisov/research_oversampling,DmitriiDenisov/research_oversampling,public,True,2,1,0,1,0,4,10,2,2019-11-30T22:25:01Z,2022-09-28T05:34:26Z,2022-11-21T22:53:17Z,,True,True,False
https://github.com/svil1502/heroku,svil1502/heroku,public,True,0,1,0,0,0,0,0,1,2020-05-10T14:18:53Z,2020-05-17T13:26:36Z,2020-05-17T13:26:34Z,,True,True,False
https://github.com/epsilonai/mahmoud-abdelsattar-CeditCardFraud,epsilonai/mahmoud-abdelsattar-CeditCardFraud,public,True,0,1,0,0,0,3,0,1,2020-05-05T20:58:57Z,2020-05-05T21:05:48Z,2022-09-30T19:56:12Z,,True,True,False
https://github.com/thundersparkf/tweet,thundersparkf/tweet,public,True,0,1,0,0,0,21,13,1,2020-04-30T16:54:49Z,2020-05-10T10:42:05Z,2022-12-08T07:27:56Z,,True,True,False
https://github.com/PJvanderLaan/IR-user-intent,PJvanderLaan/IR-user-intent,public,True,0,2,0,0,0,1,9,3,2020-03-31T09:24:37Z,2020-04-17T11:33:55Z,2023-07-06T21:58:33Z,,True,True,False
https://github.com/FMuenke/structured_segmentation,FMuenke/structured_segmentation,public,True,3,1,0,1,4,0,0,5,2020-04-12T16:47:13Z,2025-06-06T22:24:25Z,2024-10-14T06:33:25Z,,True,True,False
https://github.com/OliverSaarela/ml-probability,OliverSaarela/ml-probability,public,True,2,2,0,0,4,0,0,4,2020-01-30T12:32:43Z,2023-01-28T03:13:10Z,2020-05-14T11:43:19Z,,True,True,False
https://github.com/auto-flow/auto-flow,auto-flow/auto-flow,public,True,68,4,6,0,0,0,0,3,2020-04-16T10:56:00Z,2025-08-07T12:25:09Z,2022-01-22T08:39:13Z,automl;catboost;data-minig;data-sicence;lightgbm;machine-learning;workflow,True,True,False
https://github.com/ejson03/DWM-Mini-Project,ejson03/DWM-Mini-Project,public,True,2,1,2,0,0,0,0,3,2020-04-11T07:59:44Z,2023-07-12T05:38:43Z,2020-05-11T00:06:04Z,data-mining;flask;heroku;machine-learning;reactjs,True,True,False
https://github.com/Frakma/IFT725-Projet,Frakma/IFT725-Projet,public,True,0,1,0,0,0,0,0,6,2020-02-20T23:23:53Z,2020-04-12T02:39:07Z,2020-04-12T02:39:05Z,,True,True,False
https://github.com/iliasprc/COVIDNet,iliasprc/COVIDNet,public,True,81,5,19,5,5,0,4,4,2020-03-31T15:17:29Z,2025-03-25T03:43:14Z,2023-05-25T12:35:08Z,covid-19;python3;pytorch;pytorch-implementation;xray,True,True,False
https://github.com/taylorplumer/classifiers-dash,taylorplumer/classifiers-dash,public,True,5,2,2,0,0,4,1,2,2020-03-17T05:03:36Z,2024-08-12T19:58:53Z,2023-05-01T21:37:37Z,binary-classification;dash-plotly;machine-learning;python,True,True,False
https://github.com/AmadouSadouAbihi/Leaf-classification,AmadouSadouAbihi/Leaf-classification,public,True,2,1,0,0,15,0,80,7,2020-03-19T18:27:01Z,2020-04-11T23:41:36Z,2020-04-12T00:10:54Z,leaf-classification;machine-learning;python;universit-de-sherbrooke,True,True,False
https://github.com/luanps/comex_stat,luanps/comex_stat,public,True,0,1,0,0,0,8,0,1,2020-03-06T19:30:07Z,2024-10-14T09:46:55Z,2022-12-08T03:45:03Z,,True,True,False
https://github.com/luanps/airbnb,luanps/airbnb,public,True,0,1,0,0,0,8,0,1,2020-02-27T20:39:15Z,2024-10-14T09:45:57Z,2022-12-08T03:44:40Z,,True,True,False
https://github.com/svenkilian/Financial,svenkilian/Financial,public,True,2,0,4,0,0,0,0,1,2019-12-08T16:23:52Z,2025-12-22T07:31:11Z,2020-02-18T15:43:56Z,,True,True,False
https://github.com/randilu/Impact-Analysis-Module-codebase,randilu/Impact-Analysis-Module-codebase,public,True,0,0,0,0,0,5,6,2,2019-03-05T15:34:04Z,2021-03-14T12:31:20Z,2022-12-08T01:50:58Z,,True,True,False
https://github.com/BloomTech-Labs/omega2020-ds,BloomTech-Labs/omega2020-ds,public,True,5,4,9,2,1,0,72,14,2019-12-11T19:37:27Z,2024-10-10T01:43:44Z,2020-08-25T02:12:36Z,labspt11,True,True,False
https://github.com/daniel235/RNAmodificationClassifier,daniel235/RNAmodificationClassifier,public,True,1,1,0,0,0,17,19,1,2020-01-21T20:16:39Z,2024-06-09T18:55:09Z,2022-12-08T06:18:41Z,,True,True,False
https://github.com/bot-zen/naacl_flp_st,bot-zen/naacl_flp_st,public,True,8,1,3,0,0,2,10,2,2018-03-15T23:06:10Z,2024-09-07T15:56:11Z,2023-07-24T13:08:37Z,,True,True,False
https://github.com/koukyo1994/kaggle-dsb2019,koukyo1994/kaggle-dsb2019,public,True,17,1,1,0,0,18,16,1,2019-11-06T10:25:44Z,2026-04-19T06:49:33Z,2022-11-22T03:37:44Z,,True,True,False
https://github.com/omar-mohamed/X-Ray-Report-Generation,omar-mohamed/X-Ray-Report-Generation,public,True,17,0,5,2,1,8,19,1,2019-07-16T20:23:49Z,2024-08-15T11:17:42Z,2024-07-25T12:18:35Z,conditioning;deep-learning;medical-images;radiology-reports;recurrent-neural-networks;report-generator,True,True,False
https://github.com/CIDARLAB/neural-optimizer,CIDARLAB/neural-optimizer,public,True,3,6,2,0,0,8,10,5,2020-01-14T18:02:41Z,2023-11-25T09:24:47Z,2023-02-02T06:42:29Z,,True,True,False
https://github.com/teotsi/Data_Mining_project,teotsi/Data_Mining_project,public,True,0,1,0,0,0,7,12,6,2019-11-18T13:46:43Z,2021-06-27T07:31:07Z,2022-12-08T03:21:41Z,data-mining;machine-learning;prediction,True,True,False
https://github.com/RicherMans/Speaker-Anti-Spoofing-Classifiers,RicherMans/Speaker-Anti-Spoofing-Classifiers,public,True,18,1,5,0,1,4,1,4,2019-12-17T06:12:08Z,2025-12-09T13:35:24Z,2024-07-25T10:57:58Z,anti-spoofing;baseline;dataset;spoofing;spoofing-attack;spoofs,True,True,False
https://github.com/alessiosavi/PyRecognizer,alessiosavi/PyRecognizer,public,True,37,4,14,8,16,57,190,5,2019-11-23T11:23:11Z,2025-12-29T20:44:30Z,2026-01-16T16:31:57Z,celebrities;cuda-support;face-detection;face-recognition;facial-recognition;gpu-support;mlp;mlp-networks;neural-network;photos;rest-api;video-guide,True,True,False
https://github.com/GinGinWang/MTQ,GinGinWang/MTQ,public,True,7,2,3,0,0,5,7,2,2019-03-24T20:19:10Z,2021-08-16T07:29:57Z,2022-11-22T04:36:06Z,,True,True,False
https://github.com/dirichletcal/experiments_neurips,dirichletcal/experiments_neurips,public,True,21,1,5,0,1,2,2,6,2019-10-27T20:08:11Z,2024-06-04T06:23:54Z,2023-03-25T00:58:47Z,,True,True,False
https://github.com/kasperekt/EnsembleDiversity,kasperekt/EnsembleDiversity,public,True,0,1,1,0,0,2,10,1,2019-04-10T16:04:43Z,2019-10-19T17:17:36Z,2023-07-06T21:35:40Z,,True,False,False
https://github.com/aauss/EventEpi,aauss/EventEpi,public,True,5,0,8,5,4,3,10,4,2018-11-12T16:12:15Z,2025-10-20T15:13:20Z,2021-08-08T10:14:14Z,,True,True,False
https://github.com/micado-scale/component-optimizer,micado-scale/component-optimizer,public,True,0,1,1,0,0,3,3,5,2019-08-28T13:20:56Z,2022-02-21T16:03:44Z,2023-05-01T23:27:59Z,,True,True,False
https://github.com/nestoor22/apartmentML,nestoor22/apartmentML,public,True,4,0,0,0,0,18,27,3,2019-07-22T19:57:59Z,2020-04-20T08:55:40Z,2022-12-08T07:01:26Z,,True,True,False
https://github.com/naver/claf,naver/claf,public,True,215,14,33,4,16,1,17,5,2019-02-25T07:47:44Z,2026-03-30T05:37:14Z,2021-03-26T00:34:11Z,clova;framework;language;natural-language-processing;nlp;pytorch,True,True,False
https://github.com/ZihengZZH/bipolar-disorder,ZihengZZH/bipolar-disorder,public,True,43,1,17,1,1,4,11,1,2019-02-04T17:04:12Z,2026-04-30T10:57:44Z,2022-11-21T21:32:18Z,affective-computing;automatic-detection;mental-health;multimodal-learning,True,True,False
https://github.com/stefanoteso/calimocho,stefanoteso/calimocho,public,True,5,3,3,0,1,2,10,1,2018-12-02T12:10:02Z,2021-12-15T11:08:40Z,2023-03-24T23:16:07Z,explainable-ai;interactive-learning;machine-learning;neural-nets;paper;python,True,False,False
https://github.com/xadrianzetx/fullstack.ai,xadrianzetx/fullstack.ai,public,True,754,0,47,0,0,0,2,1,2019-07-06T19:02:28Z,2026-03-28T13:48:24Z,2022-12-30T11:16:59Z,,True,True,False
https://github.com/szymon6927/bio-gen-calc,szymon6927/bio-gen-calc,public,True,7,2,2,1,0,1,54,5,2018-04-29T11:01:39Z,2024-03-14T14:52:18Z,2020-06-16T16:40:03Z,,True,True,False
https://github.com/dodinhtrung97/stock_data_processor,dodinhtrung97/stock_data_processor,public,True,1,1,3,0,0,0,0,5,2019-08-14T04:31:57Z,2022-11-29T15:08:25Z,2019-08-14T04:34:38Z,,True,True,False
https://github.com/Prabhu204/Very-Deep-Convolutional-Networks-for-Large-Scale-Image-Recognition,Prabhu204/Very-Deep-Convolutional-Networks-for-Large-Scale-Image-Recognition,public,True,21,1,8,0,0,3,0,2,2019-08-02T17:53:09Z,2025-12-17T05:01:04Z,2024-07-25T10:12:47Z,deep-neural-networks;image-recognition;python3;pytorch;vdcnn,True,True,False
https://github.com/Garfounkel/emotion_analysis,Garfounkel/emotion_analysis,public,True,1,3,1,0,0,0,0,1,2018-11-25T18:45:57Z,2021-12-07T23:20:50Z,2021-12-07T23:20:47Z,,True,True,False
https://github.com/shitian-taiger/relational-extraction,shitian-taiger/relational-extraction,public,True,1,0,0,0,0,3,3,3,2019-06-19T07:07:05Z,2024-08-18T04:19:32Z,2022-06-21T22:24:09Z,,True,True,False
https://github.com/jakobzmrzlikar/DataBench,jakobzmrzlikar/DataBench,public,True,0,1,0,,,,,3,2018-07-16T12:12:50Z,2022-03-19T09:43:44Z,2022-05-26T20:23:18Z,deep-learning;machine-learning;meta-learning,True,True,False
https://github.com/BUPT-GAMMA/OpenHINE,BUPT-GAMMA/OpenHINE,public,True,327,9,48,1,13,1,20,5,2019-06-23T04:17:33Z,2026-04-24T00:06:43Z,2023-03-25T01:21:32Z,,True,True,False
https://github.com/dwidemann/self_supervision_for_transfer_learning,dwidemann/self_supervision_for_transfer_learning,public,True,1,0,0,0,0,7,7,3,2019-06-24T22:08:24Z,2019-12-12T18:52:15Z,2022-12-08T05:17:11Z,,True,True,False
https://github.com/jtbricker/aidp,jtbricker/aidp,public,True,4,1,3,2,8,3,0,3,2019-06-05T04:28:08Z,2021-04-06T16:42:34Z,2023-07-06T21:44:46Z,,True,True,False
https://github.com/namisan/mt-dnn,namisan/mt-dnn,public,True,2257,53,408,22,165,2,69,22,2019-02-19T22:58:26Z,2026-05-28T12:30:08Z,2024-03-07T16:23:07Z,bert;deep-learning;machine-reading-comprehension;microsoft;multi-task-learning;named-entity-recognition;natural-language-understanding;nlp;pytorch;ranking,True,True,False
https://github.com/pywash/pywash,pywash/pywash,public,True,5,4,1,0,0,2,5,2,2019-02-12T10:08:32Z,2026-03-05T04:57:48Z,2023-05-22T22:15:59Z,,True,True,False
https://github.com/szymanskir/SpeechCommands-RNN,szymanskir/SpeechCommands-RNN,public,True,1,0,0,0,0,11,26,2,2019-05-20T17:38:37Z,2019-12-21T16:49:01Z,2022-12-08T05:09:39Z,,True,True,False
https://github.com/tjcubing/TJCubing,tjcubing/TJCubing,public,True,0,0,1,0,0,9,6,1,2019-05-12T02:00:38Z,2021-06-04T18:28:07Z,2021-06-08T22:38:07Z,,True,True,False
https://github.com/TrueWarg/hrmlp,TrueWarg/hrmlp,public,True,0,0,0,0,0,0,9,1,2019-01-16T17:49:53Z,2019-09-21T10:18:38Z,2019-05-13T20:00:59Z,hrml;ml;prediction;python,True,True,False
https://github.com/kohjingyu/lasagna,kohjingyu/lasagna,public,True,3,1,0,0,0,0,0,2,2019-02-24T13:32:15Z,2022-03-18T06:23:29Z,2019-04-23T11:46:00Z,,True,True,False
https://github.com/thomaskuestner/CNNArt,thomaskuestner/CNNArt,public,True,25,8,17,2,57,1,54,24,2017-11-02T13:29:23Z,2025-09-18T23:04:48Z,2020-02-23T01:08:29Z,deep-learning;gui;motion-detection,True,True,False
https://github.com/danhlee/squads,danhlee/squads,public,True,1,1,0,0,0,7,8,3,2019-03-27T01:22:33Z,2020-02-13T19:44:41Z,2022-12-08T05:46:44Z,,True,True,False
https://github.com/ArronHZG/cancer2.0,ArronHZG/cancer2.0,public,True,1,0,0,0,0,0,0,1,2019-03-15T12:28:56Z,2019-06-03T09:17:54Z,2019-03-28T12:06:23Z,,True,True,False
https://github.com/felixSchober/ABSA-Transformer,felixSchober/ABSA-Transformer,public,True,12,2,3,0,0,4,43,3,2018-11-17T11:53:48Z,2026-05-24T20:05:26Z,2023-03-24T22:39:46Z,,True,True,False
https://github.com/yusuke0519/constrastive_predictive_coding,yusuke0519/constrastive_predictive_coding,public,True,5,2,1,0,0,11,13,1,2019-02-20T13:32:08Z,2025-06-16T17:45:23Z,2022-11-22T03:26:22Z,,True,True,False
https://github.com/amirrassafi/PFSBS,amirrassafi/PFSBS,public,True,0,1,1,0,0,0,0,2,2019-02-01T14:45:11Z,2019-04-26T17:11:36Z,2019-04-26T17:11:34Z,,True,True,False
https://github.com/national-basketball-association/NPS,national-basketball-association/NPS,public,True,0,4,0,1,0,3,21,4,2019-02-07T23:12:07Z,2019-04-26T07:17:58Z,2022-12-08T01:35:39Z,,True,True,False
https://github.com/TsunndokuSeniorProject/back-end,TsunndokuSeniorProject/back-end,public,True,0,3,0,0,1,9,12,4,2018-09-26T07:59:26Z,2019-05-22T15:55:29Z,2022-12-08T04:50:47Z,,True,True,False
https://github.com/nshaud/DeepHyperX,nshaud/DeepHyperX,public,True,491,2,126,29,20,3,7,7,2019-01-25T18:53:32Z,2026-05-29T19:41:57Z,2022-09-30T18:50:52Z,,True,True,False
https://github.com/senakicir/ntds_project,senakicir/ntds_project,public,True,0,4,0,0,0,0,0,11,2018-10-09T08:29:04Z,2019-01-23T13:58:31Z,2019-01-23T13:58:29Z,,True,True,False
https://github.com/victorkifer/ecg-af-detection-physionet-2017,victorkifer/ecg-af-detection-physionet-2017,public,True,26,1,6,0,0,0,0,3,2019-01-08T08:09:23Z,2025-11-25T10:24:52Z,2019-01-08T09:21:46Z,atrial-fibrillation;ecg;machine-learning;physionet;qrs-detection,True,True,False
https://github.com/pchampio/sentence-entailment,pchampio/sentence-entailment,public,True,4,3,1,0,0,0,11,4,2018-11-12T15:39:47Z,2023-05-04T05:28:03Z,2019-01-16T10:13:46Z,language-model;nli;pytorch;rnn;sentence-classification;univ-lemans,True,False,False
https://github.com/samarthbhargav/hackathon4good,samarthbhargav/hackathon4good,public,True,0,2,9,0,0,1,1,3,2018-11-17T09:02:16Z,2018-11-18T12:09:23Z,2019-03-14T11:50:25Z,,True,True,False
https://github.com/AlexDel/levheimcube,AlexDel/levheimcube,public,True,11,3,0,1,1,7,18,8,2018-11-05T11:04:54Z,2023-09-17T07:32:07Z,2023-02-16T04:41:24Z,levheim-cube;natural-language-processing;sentiment-analysis;sentiment-classification,True,True,False
https://github.com/kairosart/factors,kairosart/factors,public,True,0,1,0,0,0,39,38,1,2018-11-04T20:54:48Z,2019-05-26T19:16:08Z,2022-12-08T04:50:28Z,,True,True,False
https://github.com/garyblocks/scientist,garyblocks/scientist,public,True,1,0,0,,,,,1,2018-04-05T04:33:42Z,2019-03-25T03:14:11Z,2019-03-25T03:14:10Z,,True,True,False
https://github.com/plstcharles/thelper,plstcharles/thelper,public,True,15,7,7,1,4,1,22,7,2018-07-27T03:38:51Z,2022-10-26T08:32:05Z,2021-01-18T20:02:06Z,data-augmentation;data-loader;deep-learning;machine-learning;models;pytorch;training,True,True,False
https://github.com/KDD-OpenSource/DeepADoTS,KDD-OpenSource/DeepADoTS,public,True,596,16,116,12,70,1,135,8,2018-04-20T13:54:52Z,2026-05-29T11:48:40Z,2026-04-13T17:23:00Z,anomaly-detection;deep-learning;pytorch;tensorflow;time-series;timeseries,True,True,False
