repo,loc_reachable,commit_count,size_kb,contributors,stars,forks,closed_prs,age_days,findings_total,findings_pipeline,density_total,density_pipeline
https://github.com/glev1/credit-service,256,53,8313,1,0,0,0,14,25,4,97.656,15.625
https://github.com/zhouqibing0000m/saif-mahmudd,1448,78,23885,1,1,0,0,0,8,6,5.525,4.144
https://github.com/hagairavid18/OCT_project,758,377,5934,1,0,0,0,34,20,0,26.385,0.0
https://github.com/ChristianDjurhuus/mlops_g27,231,239,420,4,3,2,28,14,27,3,116.883,12.987
https://github.com/songwan/HTPPs,1169,59,27268,1,1,1,0,293,8,8,6.843,6.843
https://github.com/hailuteju/deploying-ml-model,490,117,4625,1,0,3,0,20,45,6,91.837,12.245
https://github.com/keyjhk/ABSA,2235,64,5435,1,0,0,0,0,24,14,10.738,6.264
https://github.com/vita-epfl/looking,3031,168,76618,4,30,10,0,357,72,9,23.755,2.969
https://github.com/Youcef9797/CNN,2704,134,176,7,0,0,0,0,3,1,1.109,0.37
https://github.com/timfronteau/SAMproject,742,106,360068,3,1,0,15,53,15,3,20.216,4.043
https://github.com/Supreeth-Shetty/Projectathon---Simplified-AI,7762,491,25809,8,0,0,0,0,152,86,19.583,11.08
https://github.com/uoo723/PMGT,4221,119,217,1,17,4,0,73,4,4,0.948,0.948
https://github.com/ankitsharma6652/Scania-Truck-Failures,1816,54,111001,2,1,0,1,113,23,17,12.665,9.361
https://github.com/vcsrot/Project03_MLOps,286,54,28470,2,0,0,0,2,11,0,38.462,0.0
https://github.com/jasma-balasangameshwara/Publish-an-ML-on-Heroku-with-FastAPI,303,166,3638,2,2,0,1,802,3,0,9.901,0.0
https://github.com/CS-433/ml-project-2-abs,925,66,109876,3,0,1,0,37,1,1,1.081,1.081
https://github.com/boostcampaitech2/final-project-level3-nlp-12,2630,81,78204,7,9,5,19,234,46,9,17.49,3.422
https://github.com/leouchoa/deploy_bureau_census_classifier_with_fastAPI,840,56,385,1,0,0,0,21,22,5,26.19,5.952
https://github.com/rgwoodiii/heroku_api,229,117,1962,1,0,0,0,36,12,0,52.402,0.0
https://github.com/KasperSkytte/ASMC-prediction,2176,275,556164,5,23,7,,1789,7,7,3.217,3.217
https://github.com/kaist-dmlab/Time-CAD,2543,104,75569,3,6,2,12,646,13,0,5.112,0.0
https://github.com/LemengDai/Final_Project,991,113,2456,4,0,3,0,46,1,1,1.009,1.009
https://github.com/jhammarstedt/SLN-on-Sound,1499,130,575275,5,0,0,0,146,8,5,5.337,3.336
https://github.com/zhaoyanpeng/vipant,9889,94,6627,5,22,3,0,343,28,27,2.831,2.73
https://github.com/happyfuntimegroup/machinelearning,1354,274,8154,4,1,1,0,41,6,4,4.431,2.954
https://github.com/A-F-V/XAI-Cancer-Diagnosis,5039,209,670202,2,4,0,12,729,105,1,20.837,0.198
https://github.com/Larkinnjm1/GLCM_svm_model,765,64,6379,4,9,1,3,1200,0,0,0.0,0.0
https://github.com/mandiehyewon/goodviews_ecg,2148,125,2282,3,6,2,0,1202,4,2,1.862,0.931
https://github.com/spyroot/shapenet,5308,59,23518,1,0,2,0,4,10,9,1.884,1.696
https://github.com/PanyiDong/My_AutoML,29949,722,86187,1,11,0,,1568,39,5,1.302,0.167
https://github.com/ITU-AI-ML-in-5G-Challenge/fedipc-spatial-reuse,1713,74,919,3,0,0,0,0,20,12,11.675,7.005
https://github.com/kolxy/cyber-security-analysis,591,89,14185,3,4,0,0,24,0,0,0.0,0.0
https://github.com/Shaza-Is/Re-IDOL,1374,123,14170,2,6,1,0,56,2,0,1.456,0.0
https://github.com/ptigas/geoeffectivenet,2380,83,146854,2,4,5,0,273,19,10,7.983,4.202
https://github.com/hansen1416/football-prediction,957,106,207477,1,0,0,0,86,1,0,1.045,0.0
https://github.com/Simplified-Artificial-Intelligence/SimplifiedAI,7762,495,25673,9,1,1,21,105,152,86,19.583,11.08
https://github.com/bgauzere/deep-ged,1612,212,1825,8,0,0,10,744,35,1,21.712,0.62
https://github.com/joren015/MercariProject,1227,80,4953,4,1,0,0,54,16,16,13.04,13.04
https://github.com/ThatOneGoat/sidewalk-cv-2021,1847,434,22437,22,5,3,,574,12,4,6.497,2.166
https://github.com/juneskiafc/bert-probing,4819,236,945,1,2,1,0,384,93,8,19.299,1.66
https://github.com/simonamtoft/generative-convergence,237,196,105522,3,2,0,0,96,0,0,0.0,0.0
https://github.com/gaylordmarville/MLDOPS-P4,410,107,2159,4,0,0,59,46,16,1,39.024,2.439
https://github.com/navidstuv/self_path,2351,146,266,1,9,5,19,581,17,15,7.231,6.38
https://github.com/georgii-nigm/Improvements-to-ML-algorithms,406,145,88624,3,0,1,,136,0,0,0.0,0.0
https://github.com/z404/reviewzon-backend,2157,65,15720,2,1,0,7,777,13,13,6.027,6.027
https://github.com/boostcampaitech2/klue-level2-nlp-04,734,56,28734,6,0,5,0,41,19,12,25.886,16.349
https://github.com/NouamaneTazi/ml_project_example,861,99,16902,3,4,0,16,37,0,0,0.0,0.0
https://github.com/apoorvjha/SmokeFireDetection,316,55,351161,2,1,0,0,85,2,0,6.329,0.0
https://github.com/DavidMachajewski/fer_fmpn_pytorch,6366,125,233202,1,1,0,0,208,44,33,6.912,5.184
https://github.com/diascarolina/project-insurance-forecast,87,52,1970,1,11,0,0,59,10,1,114.943,11.494
https://github.com/Zukang-Liao/ML4ML-invariance-testing,662,175,1503,2,22,0,0,1781,9,1,13.595,1.511
https://github.com/nikmall/MTT-Sentiment-Classification,2112,279,136,1,2,1,1,273,6,6,2.841,2.841
https://github.com/sethusaim/Wafer-Fault-Prediction-using-MlFlow,4602,140,13870,1,0,0,1,160,4,4,0.869,0.869
https://github.com/nananana-Banana/2021-nh-bigdata-competition,600,146,175905,5,0,0,37,404,3,1,5.0,1.667
https://github.com/paras2612/CauseBox,14023,65,66103,2,22,6,0,67,117,59,8.343,4.207
https://github.com/YefanZhou/dispersion-score,5278,52,19440,1,10,2,0,107,60,17,11.368,3.221
https://github.com/linhlt-it-ee/wiki_builder,78287,88,18679,4,1,0,0,705,5,5,0.064,0.064
https://github.com/DFKI-SignLanguage/EASIER-EkmanClassifier,2616,218,255,3,0,0,0,1427,70,0,26.758,0.0
https://github.com/wenqi006/SlideGraph,753,54,13566,1,57,12,0,123,6,5,7.968,6.64
https://github.com/StevRamos/video_summarization,3100,66,35968,1,19,4,0,135,23,23,7.419,7.419
https://github.com/esvs2202/Concrete-Compressive-Strength-Prediction,1407,83,4758,1,22,9,0,637,3,0,2.132,0.0
https://github.com/rurusasu/OrigNet,5751,109,8264,1,1,1,1,141,7,7,1.217,1.217
https://github.com/binaybehera/test-model,183,50,69,1,0,1,0,93,6,6,32.787,32.787
https://github.com/Alok589/thesis_project,816,68,14396,1,0,0,0,1365,10,1,12.255,1.225
https://github.com/kangzh015/zhongguoyikeda,8905,513,582234,3,0,0,0,0,64,20,7.187,2.246
https://github.com/flowerpot-ai/stabilizer,438,83,87,3,41,4,18,199,4,2,9.132,4.566
https://github.com/soni-ratnesh/Deploying-a-Machine-Learning-Model-on-Heroku-with-FastAPI,333,84,878,2,1,3,0,0,3,1,9.009,3.003
https://github.com/IAbda/FORESEE_ETHZ,995,56,112996,2,0,0,0,287,6,0,6.03,0.0
https://github.com/TCC-joaorobson-ViniciusBernardo/backend,712,50,2320,2,0,0,4,87,5,4,7.022,5.618
https://github.com/LerysG/Project_7_OC_dashboard,531,67,22982,1,1,2,4,15,3,3,5.65,5.65
https://github.com/Baukmeister/stefanos_angels,836,140,3753,7,0,1,20,46,0,0,0.0,0.0
https://github.com/jeetv/GMVD,2022,68,18479,2,26,4,1,884,10,5,4.946,2.473
https://github.com/adeshkin/road_segment,415,80,29094,2,3,0,0,129,2,2,4.819,4.819
https://github.com/christinalchang/take-a-hike,754,149,10437,1,0,0,0,0,9,4,11.936,5.305
https://github.com/khalld/trashbin-classifier,634,179,295487,3,2,0,1,218,4,4,6.309,6.309
https://github.com/anonymous-nips2021/ASRGLUE,2670,70,3337,2,0,1,0,474,25,6,9.363,2.247
https://github.com/uhh-lt/neural-coref,2611,131,165,4,11,1,0,504,18,7,6.894,2.681
https://github.com/fundsan/census_project,302,88,1847,1,0,0,0,45,41,12,135.762,39.735
https://github.com/lamartine-sl/census-app-mlops,279,52,1011,1,1,0,0,22,17,6,60.932,21.505
https://github.com/JeffWang0325/Image-Identification-for-Self-Driving-Cars,5764,1315,18274,139,52,13,617,1741,51,40,8.848,6.94
https://github.com/LuciaHrovatin/AML-3D_object_classification,802,117,4733,5,2,0,1,169,5,5,6.234,6.234
https://github.com/ChelseaGuan/Improving-Phishing-Detection-Models,5139,58,12702,1,0,4,0,144,62,39,12.065,7.589
https://github.com/f-castellanos/lbp-pyramid,1314,83,109768,1,0,0,0,689,20,16,15.221,12.177
https://github.com/alekseyen/ScoringWebServer,416,63,1810,1,0,0,0,0,6,2,14.423,4.808
https://github.com/waterwheel31/scalableMLpipeline,250,66,1762,2,0,0,0,4,11,0,44.0,0.0
https://github.com/hiimmuc/Speaker-verification-pytorch,3536,371,31846,3,7,2,,319,64,11,18.1,3.111
https://github.com/peymanrasouli/CARE,3248,381,17755,2,5,1,0,578,14,0,4.31,0.0
https://github.com/gsq7474741/Paddle-NCR,2806,95,31130,3,2,1,0,985,14,4,4.989,1.426
https://github.com/eduard357/car-price-estimation,143,62,1007,1,0,0,0,124,1,0,6.993,0.0
https://github.com/kyshel/ich,2062,134,674,1,0,0,0,75,7,7,3.395,3.395
https://github.com/alimirzazadeh/SemisupervisedAttention,2688,221,1276,18,13,3,22,560,3,3,1.116,1.116
https://github.com/3neutronstar/criminal-cargo-detection,2144,235,318,4,3,0,0,48,9,9,4.198,4.198
https://github.com/sallyqiansun/network-eval,1580,76,142610,5,0,0,0,238,0,0,0.0,0.0
https://github.com/Tawfiqh/ML-Model-Comparison,797,67,11283,3,0,0,8,38,0,0,0.0,0.0
https://github.com/Tawfiqh/Car-Regression,717,61,11245,3,0,0,0,10,0,0,0.0,0.0
https://github.com/MIR-MU/regemt,2408,274,11730,7,1,2,1,1502,19,11,7.89,4.568
https://github.com/mariusbock/dl-for-har,2671,194,36068,7,63,33,9,1367,0,0,0.0,0.0
https://github.com/VineetKT/ML_fastapi_on_Heroku_CI-CD,258,77,5148,1,2,2,4,8,11,0,42.636,0.0
https://github.com/kdziedzic66/hate_speech,676,65,820,3,0,0,0,6,7,6,10.355,8.876
https://github.com/cyfronet-fid/recommender-system,11076,163,2528,6,11,2,181,1349,6,2,0.542,0.181
https://github.com/Jokoe66/TianchiTrafficEstimation,2499,197,22599,3,4,1,7,697,13,4,5.202,1.601
https://github.com/RAraghavarora/DFTB,333,487,987018,1,1,0,0,194,1,0,3.003,0.0
https://github.com/ogunlao/saint,1172,93,17410,5,30,11,1,885,1,1,0.853,0.853
https://github.com/johnmatzakos/detect-covid-19-in-xray-images,353,70,83,2,1,0,0,279,0,0,0.0,0.0
https://github.com/takeru1205/AutoEncoderForClassification,886,79,59,1,1,0,5,102,24,6,27.088,6.772
https://github.com/iamraymondlow/poi-conflation-tool,2351,70,2445,2,0,0,0,166,7,7,2.977,2.977
https://github.com/Pit-CL/footprintwifi,699,66,738,1,0,0,0,35,0,0,0.0,0.0
https://github.com/Alexhaoge/MLSR,1920,73,24450,5,2,1,0,276,1,0,0.521,0.0
https://github.com/rvorias/ind_knn_ad,802,67,10728,2,167,50,2,1184,2,2,2.494,2.494
https://github.com/joepalermo/dm_math_solvers,2534,420,181719,6,3,0,18,300,13,5,5.13,1.973
https://github.com/Raghuveer1997/Sentiment_Analysis,351,67,1754,1,0,0,0,1032,6,4,17.094,11.396
https://github.com/elenamer/ecg_classification_DL,4652,189,7621,3,20,2,4,857,27,17,5.804,3.654
https://github.com/tomerkeren42/MetabolicRate,801,60,178,2,0,0,0,16,1,1,1.248,1.248
https://github.com/imanefarah/ocp-heroku,281,62,109,1,0,0,0,17,6,0,21.352,0.0
https://github.com/GiuliaLanzillotta/CausalAE,8725,165,103341,1,3,2,0,420,28,28,3.209,3.209
https://github.com/ZhaoqingLiu/FuzzyTrees,2564,166,28284,2,28,5,0,1510,1,0,0.39,0.0
https://github.com/ML4ITS/mtad-gat-pytorch,3664,483,942787,3,394,89,9,946,13,8,3.548,2.183
https://github.com/marcobenito/hipf,2517,56,4171,4,0,0,0,666,12,10,4.768,3.973
https://github.com/Keredu/Intracranial-Hemorrhage-Detection,1060,51,181,2,3,1,0,959,3,2,2.83,1.887
https://github.com/Hydrospheredata/hydro-visualization,1691,216,75929,12,3,2,57,1096,7,4,4.14,2.365
https://github.com/JeroendenBoef/GraphPOPE,506,66,294401,1,2,0,2,136,1,1,1.976,1.976
https://github.com/viramya-shah/Improving-Customer-Experience,1346,51,9997,2,0,1,1,142,44,41,32.689,30.461
https://github.com/SeiyaMatsuda/LIFont,2550,205,509971,1,4,0,,350,6,4,2.353,1.569
https://github.com/icik251/HWR_group_5,2079,99,13029,3,0,0,6,61,10,3,4.81,1.443
https://github.com/DrFab1/va_explainable_ai,1070,127,6879,4,0,0,0,357,0,0,0.0,0.0
https://github.com/UVA-MCPS-Lab/CARNA,1385,161,419988,3,0,0,0,0,5,5,3.61,3.61
https://github.com/jozieLamp/CARNA,1439,207,524994,3,6,0,0,1334,5,5,3.475,3.475
https://github.com/paragrapharamus/msdp,5558,77,1446,1,0,0,0,70,1,1,0.18,0.18
https://github.com/pelekhs/RiskML,1588,160,2295,2,1,0,11,385,5,3,3.149,1.889
https://github.com/sanghyeonp/MP-Net,4852,71,7908,3,0,1,5,529,7,3,1.443,0.618
https://github.com/jckuri/Heroku_FastAPI,523,197,3229,2,1,0,0,753,15,0,28.681,0.0
https://github.com/PowerLineSeg/PointCAD,9998,1679,92642,28,7,1,0,0,90,18,9.002,1.8
https://github.com/cassiahh/TCC,787,99,162015,1,1,0,0,69,0,0,0.0,0.0
https://github.com/kavko8/jiant_slovene,21534,1940,4894,62,0,2,0,554,39,7,1.811,0.325
https://github.com/KostyaRyabov/phishDetect,6658,66,1119914,1,1,4,0,146,53,49,7.96,7.36
https://github.com/tdeng-zuel/scRNA-FeatureSelection,2357,126,6918,1,4,1,,725,1,1,0.424,0.424
https://github.com/joaopedromattos/GNEE,964,73,3151,5,1,0,1,132,1,1,1.037,1.037
https://github.com/AnetaKaczynska/ProtoPNet,4564,97,101788,8,0,0,0,0,4,0,0.876,0.0
https://github.com/hcw-00/STPM_anomaly_detection,445,99,94784,3,86,10,4,81,1,0,2.247,0.0
https://github.com/gauravbajodia/SynGen,1243,131,686,1,1,1,0,15,2,2,1.609,1.609
https://github.com/EastGit0/JITNet_segmentation,5073,303,21630,4,1,0,0,5,14,3,2.76,0.591
https://github.com/bohniti/jigsaw-puzzle-solver,660,168,104511,2,4,1,3,99,0,0,0.0,0.0
https://github.com/anisurahaman/First,1990,132,16886,6,0,0,0,0,10,4,5.025,2.01
https://github.com/skywalker0803r/Tomofun-Dog-Voice-Recognition-AI-Million-Challenge,933,88,107150,2,2,5,1,13,8,3,8.574,3.215
https://github.com/mehrdadep/deep-learning-nids,1388,75,65,3,25,8,0,1669,0,0,0.0,0.0
https://github.com/micqu/hotel-challenge,622,60,4656,2,1,1,0,39,2,1,3.215,1.608
https://github.com/tyiannak/readys,4605,270,2196,3,13,4,20,883,21,9,4.56,1.954
https://github.com/VumBleBot/odqa_baseline_code,4247,473,7114,6,76,12,74,831,51,46,12.008,10.831
https://github.com/QVPR/Patch-NetVLAD,1854,88,7188,6,590,78,10,1177,19,1,10.248,0.539
https://github.com/JonasStankevicius/ConvPoint_Keras,6514,3,18810,1,5,2,0,3,0,0,0.0,0.0
https://github.com/saadabbasi/anomoly-detection,569,91,115,1,0,0,0,104,1,0,1.757,0.0
https://github.com/phykn/xai_tree,2268,204,783,1,2,0,,488,0,0,0.0,0.0
https://github.com/ryanpram/indonlu-facqa,3005,89,4938,6,0,0,0,0,46,46,15.308,15.308
https://github.com/heinrichreimer/modern-talking,4183,692,92114,8,5,1,,1630,31,31,7.411,7.411
https://github.com/Protein-Engineering-Framework/PyPEF,10318,206,162683,1,26,4,1,1593,35,11,3.392,1.066
https://github.com/Venky0892/NLP_APP,1062,67,7608,1,0,0,0,52,4,2,3.766,1.883
https://github.com/galikatz/phd_2021_new,1240,101,63934,2,0,0,0,967,2,0,1.613,0.0
https://github.com/Pex2892/PEAK,924,93,588,2,4,0,1,111,0,0,0.0,0.0
https://github.com/DuoJiang/Importance-Weighting-in-Deep-Learning,605,51,11426,7,0,2,14,10,3,1,4.959,1.653
https://github.com/deep-wind/miniproject,440,432,47716,1,0,0,0,690,7,1,15.909,2.273
https://github.com/anik-jha/tnp,9778,86,147001,5,0,0,0,0,11,4,1.125,0.409
https://github.com/aj-naik/Women-Diabetes-Detector,272,215,180,2,3,0,113,787,23,16,84.559,58.824
https://github.com/worldtaboonpong/datast,731,275,10236,5,0,0,0,172,4,4,5.472,5.472
https://github.com/Bosti07/Financial_fraud_detection,502,98,1204,1,0,0,0,60,0,0,0.0,0.0
https://github.com/amalolan/vehicle-counter,3160,79,503767,4,5,3,2,105,0,0,0.0,0.0
https://github.com/A6a7H/Rich,1613,80,76,3,0,0,,799,9,9,5.58,5.58
https://github.com/flawnson/Ouroboros,3824,313,196105,4,1,0,15,587,27,13,7.061,3.4
https://github.com/cheesama/shopee-product-matching,455,163,586,4,4,0,0,12,2,2,4.396,4.396
https://github.com/julsunny/darthradar,1997,85,23473,10,0,0,0,0,2,0,1.002,0.0
https://github.com/princeton-nlp/SimCSE,1534,105,42408,13,3651,533,16,1279,53,8,34.55,5.215
https://github.com/adblackx/ODR,1577,124,8894,7,1,0,1,27,2,0,1.268,0.0
https://github.com/karthikbhamidipati/multi-task-speech-classification,1020,64,41444,2,28,2,9,1502,6,6,5.882,5.882
https://github.com/AtlantixJJ/LinearGAN,10906,73,23944,6,26,4,0,367,153,28,14.029,2.567
https://github.com/nayeemrizve/invariance-equivariance,2537,68,2074,1,38,11,1,734,12,9,4.73,3.547
https://github.com/jforbis/make-that-bread,511,107,65073,3,0,0,38,16,10,2,19.569,3.914
https://github.com/ASUS-AICS/LibMultiLabel,4730,2194,1893,25,153,28,,1304,16,5,3.383,1.057
https://github.com/angusev/SCGAN,1277,311,10665,3,0,0,0,198,7,2,5.482,1.566
https://github.com/infinityAJ/stock_smart,253,72,12857,1,0,0,0,8,1,0,3.953,0.0
https://github.com/fedem96/predict-cancer-variables,2225,73,2684,1,0,0,0,286,8,7,3.596,3.146
https://github.com/jpmcd/jiant-v1-legacy,16817,1662,3102,49,0,0,0,7,71,47,4.222,2.795
https://github.com/AhmedAbouzaid1/Medical-Question-Answering-System,314,57,56404,1,12,4,0,39,9,2,28.662,6.369
https://github.com/iloveslowfood/RelationExtraction,1379,108,34497,1,1,0,,11,33,25,23.93,18.129
https://github.com/justinhchae/stocks,1752,249,4697,3,8,4,12,86,0,0,0.0,0.0
https://github.com/TheJorseman/EmotionNeuralInterface,2752,86,309,1,0,0,0,420,22,5,7.994,1.817
https://github.com/Yunnglin/GeoQA,1693,52,3586,1,0,0,0,74,13,9,7.679,5.316
https://github.com/AlexKay28/MedConcNorm,1633,76,33152,2,6,1,0,106,21,17,12.86,10.41
https://github.com/ShengtianSang/SemaTyP,1117,64,7718,1,8,2,0,0,22,21,19.696,18.8
https://github.com/onurbil/emotion_from_speech,799,84,160918,3,0,1,0,34,1,1,1.252,1.252
https://github.com/yyh0806/Ameme_public,22706,78,2291,3,0,0,0,1136,51,8,2.246,0.352
https://github.com/BitLab16/Machine-learning,407,78,16536,3,2,0,4,77,0,0,0.0,0.0
https://github.com/tim-inzitari/Hearthstone-Deck-Clusterer,1621,86,44173,4,1,0,2,582,9,1,5.552,0.617
https://github.com/andreapdr/gFun,4579,130,336,3,4,0,3,916,52,34,11.356,7.425
https://github.com/indobenchmark/indonlu,0,105,9665,,,,,,0,0,,
https://github.com/samantamrityunjay/Automatic-assignment-of-ICD10-codes,1198,63,47164,3,22,4,1,1052,2,2,1.669,1.669
https://github.com/saif-mahmud/self-attention-HAR,1448,78,24340,3,50,12,1,82,8,6,5.525,4.144
https://github.com/dastronmighty/dl-project,2757,97,134163,2,0,0,0,45,1,0,0.363,0.0
https://github.com/tayebiarasteh/retweet,2016,139,163039,2,11,5,0,524,7,6,3.472,2.976
https://github.com/mikitachab/deepfake-detection,709,60,278,1,0,0,0,234,3,2,4.231,2.821
https://github.com/mhezarei/ai-bot,2234,134,36442,4,8,3,0,16,14,4,6.267,1.791
https://github.com/TakeruEndo/kaggle_Cassava,1408,62,7354,1,0,1,3,57,28,1,19.886,0.71
https://github.com/bahtman/Adv_ML_Lira,1026,222,37118,5,0,0,5,70,8,6,7.797,5.848
https://github.com/mb010/EquivariantSelfAttention,4574,141,77230,2,3,2,4,613,41,40,8.964,8.745
https://github.com/leebebeto/Missing-children,4967,129,38004,4,0,0,0,553,18,6,3.624,1.208
https://github.com/victor-basisai/credit-scoring,408,104,3515,7,0,4,8,504,5,1,12.255,2.451
https://github.com/samsudinng/speech_accent_recognition,1447,51,67593,1,0,0,0,86,17,1,11.748,0.691
https://github.com/bastianatte/StockRegr,1558,119,211,2,0,0,0,128,0,0,0.0,0.0
https://github.com/sting1000/generator,985,97,108892,6,0,0,0,156,24,19,24.365,19.289
https://github.com/jaymody/misinformation-detection-with-transformers,2464,407,1229,1,5,2,1,836,15,4,6.088,1.623
https://github.com/TatianaMoteuN/flair,25195,3069,4577,170,0,2,0,657,58,50,2.302,1.985
https://github.com/Murali-group/supervised-grns,2068,67,251,4,0,0,11,223,1,1,0.484,0.484
https://github.com/human-analysis/pytorchnet,7238,65,274,3,32,14,6,1685,16,2,2.211,0.276
https://github.com/mpoiitis/iSpine,4910,107,45194,2,5,0,0,343,59,59,12.016,12.016
https://github.com/talha12981/sahte,697,67,990,1,0,0,0,2,22,22,31.564,31.564
https://github.com/liqing-ustc/ANS,1934,372,305719,1,5,2,0,675,4,2,2.068,1.034
https://github.com/tarkantemizoz/Cost-Sensitive-Learning,3453,65,512254,2,0,0,0,1106,4,4,1.158,1.158
https://github.com/Hethsron/deepmwoo,1261,87,98915,2,0,1,0,210,0,0,0.0,0.0
https://github.com/dfdazac/blp,1282,148,328,1,64,8,1,1168,17,14,13.261,10.92
https://github.com/reach1dev/api-ml-web-tool,2009,232,2602,1,2,0,0,1,6,6,2.987,2.987
https://github.com/ialab-puc/segmentation_guided_attention,1671,271,4839,1,5,0,14,1446,10,4,5.984,2.394
https://github.com/hojunroks/label2vec,805,66,1831,1,1,0,0,63,1,1,1.242,1.242
https://github.com/mslovett21/decaf-pegasus-covid,945,73,49416,4,0,0,0,170,6,0,6.349,0.0
https://github.com/DevMilk/AutoNLP-CLSF,520,77,21452,1,1,0,3,17,0,0,0.0,0.0
https://github.com/mengtinglll/deepke,2079,74,2225,2,0,0,0,0,8,8,3.848,3.848
https://github.com/RayRuizhiLiao/resnet_chestxray,2164,104,30956,2,1,2,0,400,8,4,3.697,1.848
https://github.com/elBichon/online_machine_learning,397,190,454,2,1,0,40,74,5,5,12.594,12.594
https://github.com/mcps5601/TimeGAN-tensorflow2,2134,73,753,1,6,2,0,110,5,5,2.343,2.343
https://github.com/EricPostMaster/market-research-cluster-analysis,385,89,26620,2,14,3,1,85,1,1,2.597,2.597
https://github.com/Javihaus/Auto-ML-app-with-dash,1458,55,1530,1,1,1,0,2,2,2,1.372,1.372
https://github.com/uoo723/M2m_text,6920,189,880,1,1,0,0,265,12,7,1.734,1.012
https://github.com/silencedsre/Fusemachines-AI-Training,259,128,608,2,0,0,10,10,10,10,38.61,38.61
https://github.com/delinhquent/unnatural-reviews-detector,2217,389,5024,1,0,0,0,132,11,5,4.962,2.255
https://github.com/CRJoshuaa/Data-Mining-Project,303,111,2871,3,1,0,0,119,0,0,0.0,0.0
https://github.com/mastrHyperion98/CNN-Music-Classifier,343,69,88963,3,0,0,12,1695,0,0,0.0,0.0
https://github.com/alexchungio/Multi-Lable-Classification-Planet,2567,54,621,1,0,0,0,91,5,3,1.948,1.169
https://github.com/Zerkles/SRUDA,765,101,23833,7,0,0,2,151,3,3,3.922,3.922
https://github.com/oddeirikigland/ist-data-science,2579,51,4502,3,0,0,14,57,3,3,1.163,1.163
https://github.com/9DemonFox/simpleLearning,6681,233,239629,5,8,0,62,121,2,1,0.299,0.15
https://github.com/nicoloverardo/master-degree-thesis,4779,403,105184,1,3,0,0,752,0,0,0.0,0.0
https://github.com/CHeffernan087/NBA_Machine_Learning_Model,1248,180,26348,5,0,0,28,41,3,1,2.404,0.801
https://github.com/Jason0917/Normalizing-Flow-Based-Defect-Detection,1297,50,501,7,2,0,0,1,7,4,5.397,3.084
https://github.com/cristianokunas/Sentiment_Analysis,214,62,789,6,0,0,14,1086,0,0,0.0,0.0
https://github.com/LucaUrban/prova_streamlit,1179,940,7808,1,0,0,0,426,8,3,6.785,2.545
https://github.com/rodrigorivera/mds20_returney,945,66,16138,3,0,2,,44,1,0,1.058,0.0
https://github.com/isabelcachola/ML-Fall2020-Final-Project,737,82,120228,6,1,0,11,35,23,17,31.208,23.066
https://github.com/nantesmetropole/school_meal_forecast_xgboost,1853,126,1126,4,4,4,4,404,0,0,0.0,0.0
https://github.com/tanmaymane18/AI202513,422,188,421,1,0,0,0,1548,8,8,18.957,18.957
https://github.com/NawasNaziru/REVENUE-PREDICTION-USING-IBM-AI-ENTERPRISE-WORKFLOW,680,78,998,1,0,0,0,1,18,4,26.471,5.882
https://github.com/Tinusf/ml_cancer_screening,422,77,131109,2,0,0,13,91,0,0,0.0,0.0
https://github.com/DWhistle/virus-hack,1003,124,112,3,0,0,0,10,2,2,1.994,1.994
https://github.com/adamjstewart/crop_yield_prediction,860,67,20549,1,19,10,0,53,0,0,0.0,0.0
https://github.com/mlai-student/Lab2020-21ClusteringCovidData,1344,128,7974,4,0,0,0,124,26,8,19.345,5.952
https://github.com/YuhaoCheng/PyAnomaly,10553,267,6657,1,110,16,10,454,17,12,1.611,1.137
https://github.com/easylearn-fmri/easylearn_dev,8905,513,583359,3,39,15,56,1102,64,20,7.187,2.246
https://github.com/Fosso/trackdecpred,530,73,35362,2,1,0,26,26,0,0,0.0,0.0
https://github.com/kzinmr/mlflow_bert_ja,1156,83,425,1,0,1,0,692,43,4,37.197,3.46
https://github.com/MatthiasJakobs/explainable-interactive-website,710,70,28171,6,4,0,0,54,4,2,5.634,2.817
https://github.com/anhtuanhsgs/ColorRL,5632,59,52090,2,11,1,24,1944,160,3,28.409,0.533
https://github.com/hmashrique/Car-Price-Prediction,489,55,117312,2,0,2,0,15,20,16,40.9,32.72
https://github.com/IShengFang/Digital_Medicine_2020Fall_RSNA_ICH_Detection,834,66,1100,4,0,0,0,10,3,2,3.597,2.398
https://github.com/ebottabi/LiveAI,8006,89,4630,1,0,3,0,-20,30,11,3.747,1.374
https://github.com/alexaor/tdt4173,1906,198,36058,3,0,0,30,49,3,3,1.574,1.574
https://github.com/feldlime/X5RetailHeroUplift,1251,117,9414,4,3,3,11,59,4,4,3.197,3.197
https://github.com/Preeti24/Youtube-comments,942,111,31494,1,0,0,1,960,10,5,10.616,5.308
https://github.com/invett/nn.based.intersection.classficator,6719,1040,36064,3,4,1,2,1392,86,18,12.8,2.679
https://github.com/unitaryai/detoxify,485,267,53305,14,1250,142,58,2021,3,0,6.186,0.0
https://github.com/nyu-mll/online-code-for-edge-probing,16897,1670,50724,49,5,2,0,0,71,47,4.202,2.782
https://github.com/PhilippKrueger/ml-many-body-localization,624,58,84368,3,1,0,8,866,3,3,4.808,4.808
https://github.com/noycohen100/MARCO-GE,1797,88,4218,1,9,4,0,252,1,1,0.556,0.556
https://github.com/tmcphee/Hotel-Review-Analyzer,847,108,144168,4,0,1,0,43,27,10,31.877,11.806
https://github.com/wjensheng/recursion,3629,197,79643,2,2,0,1,34,13,9,3.582,2.48
https://github.com/Allovertom/YouReadAtBranch,313,84,462,4,0,1,0,40,7,4,22.364,12.78
https://github.com/techblogp/MusicVideoCommentAnalyzer,940,134,322,1,0,1,0,121,5,5,5.319,5.319
https://github.com/machouz/TextClassificationScript,4156,83,1948,5,0,1,0,29,12,9,2.887,2.166
https://github.com/microsoft/datadrivenmodel,4256,420,214581,15,22,22,37,1093,57,32,13.393,7.519
https://github.com/ben-hawks/pytorch-jet-classify,1760,198,232,3,9,8,19,1225,22,3,12.5,1.705
https://github.com/chen-jimmy/AutoBot,192,59,28740,4,1,0,0,1,2,0,10.417,0.0
https://github.com/bentanlw/ebacs_plp_project,1226,53,94139,1,0,0,0,80,14,14,11.419,11.419
https://github.com/YuehuaZhu/ProxyGML,1728,78,2733,2,58,8,1,201,1,1,0.579,0.579
https://github.com/e2e-retrieval-in-continuous-space/e2e-retrieval,1410,112,113,2,0,0,28,556,10,10,7.092,7.092
https://github.com/benjides/MusicGenreClassifier,1003,51,1550,1,0,0,1,208,3,3,2.991,2.991
https://github.com/MachineLP/PyTorch_image_classifier,821,129,3272,3,261,69,6,2119,16,3,19.488,3.654
https://github.com/paulagd/GCE,4831,265,40933,5,2,0,0,128,6,2,1.242,0.414
https://github.com/awarenessxz/acoustic-scene-classification,2387,96,27914,2,3,1,3,34,8,6,3.351,2.514
https://github.com/grant-pittman/ML-FIFA-Stats,678,59,3572,3,0,0,0,12,0,0,0.0,0.0
https://github.com/danifranco/EM_Image_Segmentation,22418,3125,1295640,21,201,41,,2651,30,8,1.338,0.357
https://github.com/michi-d/bundestweets,2709,60,13568,2,1,0,2,1029,10,0,3.691,0.0
https://github.com/sahivy13/clients_from_hell_heroku,1610,55,388,1,0,0,0,4,18,11,11.18,6.832
https://github.com/nyu-mll/jiant-v1-legacy,16817,1662,52363,49,22,10,1,21,71,47,4.222,2.795
https://github.com/jschiefner/covid19-classification,588,110,163,5,2,0,0,54,0,0,0.0,0.0
https://github.com/dmcinerney/ehr-extraction-models,2025,96,3066,4,6,1,13,1189,16,11,7.901,5.432
https://github.com/wazeerzulfikar/deep-split-ensembles,2723,286,2472,5,8,5,14,988,0,0,0.0,0.0
https://github.com/ashok-arjun/Zero-Shot-Sketch-Based-Image-Retrieval,603,163,18662,2,26,3,8,1161,1,0,1.658,0.0
https://github.com/SamujjwalSam/Short-text_GNN,6791,162,573,1,7,1,2,1099,16,13,2.356,1.914
https://github.com/fznsakib/great-ape-behaviour-detector,2305,134,3129,1,5,0,18,1115,43,0,18.655,0.0
https://github.com/ns-rokuyon/kaggle-bengali-classification,3846,67,443,1,0,0,0,49,4,3,1.04,0.78
https://github.com/kumatheworld/niaoge,416,133,86,3,0,0,28,1750,1,1,2.404,2.404
https://github.com/lRomul/argus-alaska,1292,126,97,2,3,0,3,1174,1,1,0.774,0.774
https://github.com/lRomul/argus-bengali-ai,1919,197,2011,2,3,0,8,1051,9,2,4.69,1.042
https://github.com/gesiscss/sexism_custom_classifier,1770,80,33807,1,7,4,1,182,9,9,5.085,5.085
https://github.com/a-luengen/anytimeDnn,2661,193,9406,3,1,1,0,1297,11,4,4.134,1.503
https://github.com/vndee/ab2sa,704,81,3008,1,1,0,0,12,12,5,17.045,7.102
https://github.com/wazeerzulfikar/alzheimers-dementia,1527,230,1048,5,64,17,14,913,10,10,6.549,6.549
https://github.com/vietdung126/BankClassify,2421,309,463,2,0,0,2,896,7,0,2.891,0.0
https://github.com/ihaeyong/drama-graph,2949,318,211001,13,8,1,19,953,53,3,17.972,1.017
https://github.com/shalomma/ToBark,529,156,71,1,0,0,1,1087,7,6,13.233,11.342
https://github.com/SwatiSSwain/SwatiSSwain-REP-Project-Three,418,50,7786,3,1,3,0,10,3,2,7.177,4.785
https://github.com/amirhk/recourse,6786,381,1193,30,37,6,,1016,14,5,2.063,0.737
https://github.com/swapnanildutta/Mushroom-Classification-Web-App,132,72,429,3,0,1,81,934,7,0,53.03,0.0
https://github.com/guillermoim/deepfakes-policy-optimization,1336,78,215327,6,0,0,10,1527,2,1,1.497,0.749
https://github.com/AxekA13/ModelTracking,486,100,744,1,0,0,2,1075,14,8,28.807,16.461
https://github.com/kangakum36/FlowAI,435,132,485112,2,1,2,9,1222,11,7,25.287,16.092
https://github.com/iUssel/MiningPersonalityInGerman,5835,75,4962,1,2,2,9,1046,7,1,1.2,0.171
https://github.com/Maryam-Ah/Insurance-Charges-Prediction-App-with-Azure-and-Streamit,324,55,5735,1,1,0,0,180,8,8,24.691,24.691
https://github.com/timvdh123/simula_smarthome,1787,63,91975,3,2,1,11,880,0,0,0.0,0.0
https://github.com/KIT-ISAS/TrackSort_Neural_Public,3907,283,207452,4,2,0,0,405,0,0,0.0,0.0
https://github.com/bindog/nlp-training,20976,118,449,3,3,1,0,1452,10,5,0.477,0.238
https://github.com/ryansteed/learning-appearance-bias,737,98,454475,1,0,0,0,1296,18,10,24.423,13.569
https://github.com/vndee/bertvi-sentiment,1410,129,4928,1,4,4,5,859,18,9,12.766,6.383
https://github.com/sampathkethineedi/bert-topic-sentiment,645,78,2498,2,9,4,4,737,11,6,17.054,9.302
https://github.com/flawnson/Generic_GNN,1390,150,133,1,1,0,0,1501,5,5,3.597,3.597
https://github.com/mdork/Steganalysis-DeepVision-Project,1737,107,243172,1,0,0,,179,2,2,1.151,1.151
https://github.com/stefanDeveloper/covid-19-neural-network,756,64,502796,1,0,0,0,157,3,0,3.968,0.0
https://github.com/microsoft/robustdg,7387,166,68735,5,175,29,27,1207,93,30,12.59,4.061
https://github.com/gmftbyGMFTBY/OpenDialog,16169,96,1551,1,107,21,0,1208,85,59,5.257,3.649
https://github.com/shawnd29/eda-webapp,14553,121,7797,1,2,3,0,1087,1,1,0.069,0.069
https://github.com/arpanadhikari1/CPLP,232,59,1950,1,1,0,0,1594,0,0,0.0,0.0
https://github.com/arpanadhikari1/FER,141,57,30214,1,1,0,0,867,1,0,7.092,0.0
https://github.com/anhdhbn/facerec,1563,71,17672,6,0,1,6,1008,24,18,15.355,11.516
https://github.com/TienSFU25/983-test,1062,55,121101,2,0,1,9,991,3,3,2.825,2.825
https://github.com/micts/anomaly-detection-robotic-vehicle,393,64,388,1,2,0,0,1033,12,4,30.534,10.178
https://github.com/nicolasfacchinetti97/progettoBioInf,1051,93,111,3,0,1,4,393,0,0,0.0,0.0
https://github.com/mystery2828/playwithML,580,112,3845,5,9,7,19,1053,40,0,68.966,0.0
https://github.com/kayjanw/test-app,11618,962,151794,3,2,1,92,2229,10,9,0.861,0.775
https://github.com/THUDM/GCC,2369,242,577,5,333,56,1,1115,8,1,3.377,0.422
https://github.com/ptv1p3r/neuralnet_breastcancer,556,90,144,4,0,0,10,929,2,2,3.597,3.597
https://github.com/pyyush/GraphML,489,150,546,2,14,3,9,1074,0,0,0.0,0.0
https://github.com/hellohaptik/multi-task-NLP,2478,88,7825,4,374,51,11,965,3,1,1.211,0.404
https://github.com/leonoravesterbacka/carl-torch,2234,208,875,4,6,3,18,1016,12,8,5.372,3.581
https://github.com/todatech/csda-lab,2493,147,40636,5,0,2,21,945,12,9,4.813,3.61
https://github.com/DmitriiDenisov/research_oversampling,772,94,942,2,2,0,10,1087,0,0,0.0,0.0
https://github.com/svil1502/heroku,259,56,33,1,0,0,0,6,13,3,50.193,11.583
https://github.com/epsilonai/mahmoud-abdelsattar-CeditCardFraud,199,56,1073,1,0,0,0,877,0,0,0.0,0.0
https://github.com/thundersparkf/tweet,610,71,106,1,0,0,13,951,0,0,0.0,0.0
https://github.com/PJvanderLaan/IR-user-intent,1040,96,969,3,0,0,9,1192,4,4,3.846,3.846
https://github.com/FMuenke/structured_segmentation,2954,109,1972,5,3,0,0,1645,0,0,0.0,0.0
https://github.com/OliverSaarela/ml-probability,433,116,11203,4,2,0,0,104,0,0,0.0,0.0
https://github.com/auto-flow/auto-flow,10952,270,12877,3,68,6,0,645,69,40,6.3,3.652
https://github.com/ejson03/DWM-Mini-Project,427,62,18763,3,2,2,0,29,3,3,7.026,7.026
https://github.com/Frakma/IFT725-Projet,905,88,409,6,0,0,0,51,4,4,4.42,4.42
https://github.com/iliasprc/COVIDNet,2179,67,51306,4,81,19,4,1149,3,1,1.377,0.459
https://github.com/taylorplumer/classifiers-dash,435,65,5957,2,5,2,1,1140,0,0,0.0,0.0
https://github.com/AmadouSadouAbihi/Leaf-classification,772,170,35383,7,2,0,80,23,0,0,0.0,0.0
https://github.com/luanps/comex_stat,795,126,8580,1,0,0,0,1006,3,3,3.774,3.774
https://github.com/luanps/airbnb,802,81,2314,1,0,0,0,1014,3,3,3.741,3.741
https://github.com/svenkilian/Financial,5201,145,11819,1,2,4,0,71,0,0,0.0,0.0
https://github.com/randilu/Impact-Analysis-Module-codebase,1042,56,991,2,0,0,6,1373,2,0,1.919,0.0
https://github.com/BloomTech-Labs/omega2020-ds,2523,301,61586,14,5,9,72,257,33,16,13.08,6.342
https://github.com/daniel235/RNAmodificationClassifier,2006,93,3941,1,1,0,19,1051,3,3,1.496,1.496
https://github.com/bot-zen/naacl_flp_st,899,63,90,2,8,3,10,1956,1,1,1.112,1.112
https://github.com/koukyo1994/kaggle-dsb2019,12732,128,57713,1,17,1,16,1111,10,2,0.785,0.157
https://github.com/omar-mohamed/X-Ray-Report-Generation,1145,58,56312,1,17,5,19,1835,17,3,14.847,2.62
https://github.com/CIDARLAB/neural-optimizer,3974,86,30369,5,3,2,10,1114,4,0,1.007,0.0
https://github.com/teotsi/Data_Mining_project,94,97,1403,6,0,0,12,1115,0,0,0.0,0.0
https://github.com/RicherMans/Speaker-Anti-Spoofing-Classifiers,1191,52,150,4,18,5,1,1682,5,5,4.198,4.198
https://github.com/alessiosavi/PyRecognizer,1508,203,30487,5,37,14,190,2246,15,6,9.947,3.979
https://github.com/GinGinWang/MTQ,5615,153,85005,2,7,3,7,1338,6,6,1.069,1.069
https://github.com/dirichletcal/experiments_neurips,4897,470,97569,6,21,5,2,1244,2,2,0.408,0.408
https://github.com/kasperekt/EnsembleDiversity,2041,97,103193,1,0,1,10,1548,2,1,0.98,0.49
https://github.com/aauss/EventEpi,1448,381,25449,4,5,8,10,999,19,17,13.122,11.74
https://github.com/micado-scale/component-optimizer,3661,149,97668,5,0,1,3,1342,8,0,2.185,0.0
https://github.com/nestoor22/apartmentML,954,86,2457,3,4,0,27,1234,4,4,4.193,4.193
https://github.com/naver/claf,17513,170,9024,5,215,33,17,759,36,10,2.056,0.571
https://github.com/ZihengZZH/bipolar-disorder,4610,79,26843,1,43,17,11,1386,7,7,1.518,1.518
https://github.com/stefanoteso/calimocho,921,81,9772,1,5,3,10,1573,4,4,4.343,4.343
https://github.com/xadrianzetx/fullstack.ai,459,89,6922,1,754,47,2,1272,7,3,15.251,6.536
https://github.com/szymon6927/bio-gen-calc,3419,670,1676,5,7,2,54,779,43,2,12.577,0.585
https://github.com/dodinhtrung97/stock_data_processor,2407,145,16588,5,1,3,0,0,8,4,3.324,1.662
https://github.com/Prabhu204/Very-Deep-Convolutional-Networks-for-Large-Scale-Image-Recognition,378,63,7337,2,21,8,0,1818,8,2,21.164,5.291
https://github.com/Garfounkel/emotion_analysis,1381,50,2835,1,1,1,0,1108,38,38,27.516,27.516
https://github.com/shitian-taiger/relational-extraction,1319,151,7931,3,1,0,3,1098,53,11,40.182,8.34
https://github.com/jakobzmrzlikar/DataBench,581,112,4580,3,0,0,,1410,0,0,0.0,0.0
https://github.com/BUPT-GAMMA/OpenHINE,5616,67,1415,5,327,48,20,1370,4,1,0.712,0.178
https://github.com/dwidemann/self_supervision_for_transfer_learning,1423,69,2078,3,1,0,7,1262,31,11,21.785,7.73
https://github.com/jtbricker/aidp,854,70,4415,3,4,3,0,1492,3,3,3.513,3.513
https://github.com/namisan/mt-dnn,8688,582,2061,22,2257,408,69,1842,33,9,3.798,1.036
https://github.com/pywash/pywash,2180,80,533,2,5,1,5,1560,3,3,1.376,1.376
https://github.com/szymanskir/SpeechCommands-RNN,685,90,91,2,1,0,26,1297,3,3,4.38,4.38
https://github.com/tjcubing/TJCubing,1736,150,112793,1,0,1,6,758,5,5,2.88,2.88
https://github.com/TrueWarg/hrmlp,669,70,365,1,0,0,9,117,0,0,0.0,0.0
https://github.com/kohjingyu/lasagna,1096,93,20268,2,3,0,0,57,17,11,15.511,10.036
https://github.com/thomaskuestner/CNNArt,3144,636,49775,24,25,17,54,842,62,4,19.72,1.272
https://github.com/danhlee/squads,1262,94,3847,3,1,0,8,1352,9,9,7.132,7.132
https://github.com/ArronHZG/cancer2.0,1352,79,4374,1,1,0,0,12,3,0,2.219,0.0
https://github.com/felixSchober/ABSA-Transformer,8786,545,49627,3,12,3,43,1588,43,35,4.894,3.984
https://github.com/yusuke0519/constrastive_predictive_coding,1002,69,4364,1,5,1,13,1370,6,2,5.988,1.996
https://github.com/amirrassafi/PFSBS,522,52,235,2,0,1,0,84,11,0,21.073,0.0
https://github.com/national-basketball-association/NPS,3372,162,1656,4,0,0,21,1399,5,5,1.483,1.483
https://github.com/TsunndokuSeniorProject/back-end,1445,224,437259,4,0,0,12,1533,12,10,8.304,6.92
https://github.com/nshaud/DeepHyperX,2704,134,215,7,491,126,7,1343,3,1,1.109,0.37
https://github.com/senakicir/ntds_project,2137,293,15149,11,0,0,0,106,3,3,1.404,1.404
https://github.com/victorkifer/ecg-af-detection-physionet-2017,519,73,31547,3,26,6,0,0,5,0,9.634,0.0
https://github.com/pchampio/sentence-entailment,880,54,747,4,4,1,11,64,1,1,1.136,1.136
https://github.com/samarthbhargav/hackathon4good,917,90,68,3,0,9,1,117,4,4,4.362,4.362
https://github.com/AlexDel/levheimcube,153,131,16807,8,11,0,18,1563,8,3,52.288,19.608
https://github.com/kairosart/factors,3453,313,15501,1,0,0,38,1494,39,22,11.295,6.371
https://github.com/garyblocks/scientist,2973,67,140,1,1,0,,353,0,0,0.0,0.0
https://github.com/plstcharles/thelper,18180,1465,1982,7,15,7,22,906,53,33,2.915,1.815
https://github.com/KDD-OpenSource/DeepADoTS,3474,135,3762,8,596,116,135,2915,10,9,2.879,2.591
