predictor,outcome,n_repos,spearman_rho
loc_reachable,findings_total,407,0.425
loc_reachable,findings_pipeline,407,0.433
loc_reachable,density_total,407,-0.188
loc_reachable,density_pipeline,407,-0.048
commit_count,findings_total,407,0.24
commit_count,findings_pipeline,407,0.191
commit_count,density_total,406,-0.038
commit_count,density_pipeline,406,-0.04
size_kb,findings_total,408,0.111
size_kb,findings_pipeline,408,0.085
size_kb,density_total,407,-0.001
size_kb,density_pipeline,407,-0.03
contributors,findings_total,407,0.074
contributors,findings_pipeline,407,0.045
contributors,density_total,407,-0.079
contributors,density_pipeline,407,-0.066
stars,findings_total,250,0.21
stars,findings_pipeline,250,0.13
stars,density_total,250,0.016
stars,density_pipeline,250,-0.022
forks,findings_total,200,0.11
forks,findings_pipeline,200,0.099
forks,density_total,200,0.047
forks,density_pipeline,200,0.058
closed_prs,findings_total,192,0.182
closed_prs,findings_pipeline,192,0.057
closed_prs,density_total,192,0.124
closed_prs,density_pipeline,192,-0.005
age_days,findings_total,385,0.131
age_days,findings_pipeline,385,0.107
age_days,density_total,385,-0.047
age_days,density_pipeline,385,-0.024
