repo,repo_key,n_reachable_files,n_files_found,loc_reachable,clone_ok
https://github.com/glev1/credit-service,glev1__credit-service,5,5,256,True
https://github.com/zhouqibing0000m/saif-mahmudd,zhouqibing0000m__saif-mahmudd,23,23,1448,True
https://github.com/hagairavid18/OCT_project,hagairavid18__OCT_project,7,7,758,True
https://github.com/ChristianDjurhuus/mlops_g27,ChristianDjurhuus__mlops_g27,3,3,231,True
https://github.com/songwan/HTPPs,songwan__HTPPs,10,10,1169,True
https://github.com/hailuteju/deploying-ml-model,hailuteju__deploying-ml-model,5,5,490,True
https://github.com/keyjhk/ABSA,keyjhk__ABSA,8,8,2235,True
https://github.com/vita-epfl/looking,vita-epfl__looking,5,5,3031,True
https://github.com/Youcef9797/CNN,Youcef9797__CNN,6,6,2704,True
https://github.com/timfronteau/SAMproject,timfronteau__SAMproject,13,13,742,True
https://github.com/Supreeth-Shetty/Projectathon---Simplified-AI,Supreeth-Shetty__Projectathon---Simplified-AI,29,29,7762,True
https://github.com/uoo723/PMGT,uoo723__PMGT,23,23,4221,True
https://github.com/ankitsharma6652/Scania-Truck-Failures,ankitsharma6652__Scania-Truck-Failures,12,12,1816,True
https://github.com/vcsrot/Project03_MLOps,vcsrot__Project03_MLOps,4,4,286,True
https://github.com/jasma-balasangameshwara/Publish-an-ML-on-Heroku-with-FastAPI,jasma-balasangameshwara__Publish-an-ML-on-Heroku-with-FastAPI,3,3,303,True
https://github.com/CS-433/ml-project-2-abs,CS-433__ml-project-2-abs,4,4,925,True
https://github.com/boostcampaitech2/final-project-level3-nlp-12,boostcampaitech2__final-project-level3-nlp-12,20,20,2630,True
https://github.com/leouchoa/deploy_bureau_census_classifier_with_fastAPI,leouchoa__deploy_bureau_census_classifier_with_fastAPI,8,8,840,True
https://github.com/rgwoodiii/heroku_api,rgwoodiii__heroku_api,2,2,229,True
https://github.com/KasperSkytte/ASMC-prediction,KasperSkytte__ASMC-prediction,10,10,2176,True
https://github.com/kaist-dmlab/Time-CAD,kaist-dmlab__Time-CAD,10,10,2543,True
https://github.com/LemengDai/Final_Project,LemengDai__Final_Project,5,5,991,True
https://github.com/jhammarstedt/SLN-on-Sound,jhammarstedt__SLN-on-Sound,15,15,1499,True
https://github.com/zhaoyanpeng/vipant,zhaoyanpeng__vipant,51,51,9889,True
https://github.com/happyfuntimegroup/machinelearning,happyfuntimegroup__machinelearning,23,23,1354,True
https://github.com/A-F-V/XAI-Cancer-Diagnosis,A-F-V__XAI-Cancer-Diagnosis,41,41,5039,True
https://github.com/Larkinnjm1/GLCM_svm_model,Larkinnjm1__GLCM_svm_model,4,4,765,True
https://github.com/mandiehyewon/goodviews_ecg,mandiehyewon__goodviews_ecg,16,16,2148,True
https://github.com/spyroot/shapenet,spyroot__shapenet,24,24,5308,True
https://github.com/PanyiDong/My_AutoML,PanyiDong__My_AutoML,78,78,29949,True
https://github.com/ITU-AI-ML-in-5G-Challenge/fedipc-spatial-reuse,ITU-AI-ML-in-5G-Challenge__fedipc-spatial-reuse,25,25,1713,True
https://github.com/kolxy/cyber-security-analysis,kolxy__cyber-security-analysis,4,4,591,True
https://github.com/Shaza-Is/Re-IDOL,Shaza-Is__Re-IDOL,14,14,1374,True
https://github.com/ptigas/geoeffectivenet,ptigas__geoeffectivenet,10,10,2380,True
https://github.com/hansen1416/football-prediction,hansen1416__football-prediction,5,5,957,True
https://github.com/Simplified-Artificial-Intelligence/SimplifiedAI,Simplified-Artificial-Intelligence__SimplifiedAI,29,29,7762,True
https://github.com/bgauzere/deep-ged,bgauzere__deep-ged,11,11,1612,True
https://github.com/joren015/MercariProject,joren015__MercariProject,7,7,1227,True
https://github.com/ThatOneGoat/sidewalk-cv-2021,ThatOneGoat__sidewalk-cv-2021,9,9,1847,True
https://github.com/juneskiafc/bert-probing,juneskiafc__bert-probing,26,26,4819,True
https://github.com/simonamtoft/generative-convergence,simonamtoft__generative-convergence,1,1,237,True
https://github.com/gaylordmarville/MLDOPS-P4,gaylordmarville__MLDOPS-P4,4,4,410,True
https://github.com/navidstuv/self_path,navidstuv__self_path,14,14,2351,True
https://github.com/georgii-nigm/Improvements-to-ML-algorithms,georgii-nigm__Improvements-to-ML-algorithms,11,11,406,True
https://github.com/z404/reviewzon-backend,z404__reviewzon-backend,7,7,2157,True
https://github.com/boostcampaitech2/klue-level2-nlp-04,boostcampaitech2__klue-level2-nlp-04,5,5,734,True
https://github.com/NouamaneTazi/ml_project_example,NouamaneTazi__ml_project_example,9,9,861,True
https://github.com/apoorvjha/SmokeFireDetection,apoorvjha__SmokeFireDetection,2,2,316,True
https://github.com/DavidMachajewski/fer_fmpn_pytorch,DavidMachajewski__fer_fmpn_pytorch,17,17,6366,True
https://github.com/diascarolina/project-insurance-forecast,diascarolina__project-insurance-forecast,1,1,87,True
https://github.com/Zukang-Liao/ML4ML-invariance-testing,Zukang-Liao__ML4ML-invariance-testing,4,4,662,True
https://github.com/nikmall/MTT-Sentiment-Classification,nikmall__MTT-Sentiment-Classification,12,12,2112,True
https://github.com/sethusaim/Wafer-Fault-Prediction-using-MlFlow,sethusaim__Wafer-Fault-Prediction-using-MlFlow,24,24,4602,True
https://github.com/nananana-Banana/2021-nh-bigdata-competition,nananana-Banana__2021-nh-bigdata-competition,5,5,600,True
https://github.com/paras2612/CauseBox,paras2612__CauseBox,67,67,14023,True
https://github.com/YefanZhou/dispersion-score,YefanZhou__dispersion-score,29,29,5278,True
https://github.com/linhlt-it-ee/wiki_builder,linhlt-it-ee__wiki_builder,24,24,78287,True
https://github.com/DFKI-SignLanguage/EASIER-EkmanClassifier,DFKI-SignLanguage__EASIER-EkmanClassifier,20,20,2616,True
https://github.com/wenqi006/SlideGraph,wenqi006__SlideGraph,4,4,753,True
https://github.com/StevRamos/video_summarization,StevRamos__video_summarization,24,24,3100,True
https://github.com/esvs2202/Concrete-Compressive-Strength-Prediction,esvs2202__Concrete-Compressive-Strength-Prediction,6,6,1407,True
https://github.com/rurusasu/OrigNet,rurusasu__OrigNet,42,42,5751,True
https://github.com/binaybehera/test-model,binaybehera__test-model,2,2,183,True
https://github.com/Alok589/thesis_project,Alok589__thesis_project,5,5,816,True
https://github.com/kangzh015/zhongguoyikeda,kangzh015__zhongguoyikeda,29,29,8905,True
https://github.com/flowerpot-ai/stabilizer,flowerpot-ai__stabilizer,7,7,438,True
https://github.com/soni-ratnesh/Deploying-a-Machine-Learning-Model-on-Heroku-with-FastAPI,soni-ratnesh__Deploying-a-Machine-Learning-Model-on-Heroku-with-FastAPI,5,5,333,True
https://github.com/IAbda/FORESEE_ETHZ,IAbda__FORESEE_ETHZ,11,11,995,True
https://github.com/TCC-joaorobson-ViniciusBernardo/backend,TCC-joaorobson-ViniciusBernardo__backend,18,18,712,True
https://github.com/LerysG/Project_7_OC_dashboard,LerysG__Project_7_OC_dashboard,2,2,531,True
https://github.com/Baukmeister/stefanos_angels,Baukmeister__stefanos_angels,12,12,836,True
https://github.com/jeetv/GMVD,jeetv__GMVD,12,12,2022,True
https://github.com/adeshkin/road_segment,adeshkin__road_segment,3,3,415,True
https://github.com/christinalchang/take-a-hike,christinalchang__take-a-hike,7,7,754,True
https://github.com/khalld/trashbin-classifier,khalld__trashbin-classifier,6,6,634,True
https://github.com/anonymous-nips2021/ASRGLUE,anonymous-nips2021__ASRGLUE,5,5,2670,True
https://github.com/uhh-lt/neural-coref,uhh-lt__neural-coref,9,9,2611,True
https://github.com/fundsan/census_project,fundsan__census_project,3,3,302,True
https://github.com/lamartine-sl/census-app-mlops,lamartine-sl__census-app-mlops,3,3,279,True
https://github.com/JeffWang0325/Image-Identification-for-Self-Driving-Cars,JeffWang0325__Image-Identification-for-Self-Driving-Cars,15,15,5764,True
https://github.com/LuciaHrovatin/AML-3D_object_classification,LuciaHrovatin__AML-3D_object_classification,5,5,802,True
https://github.com/ChelseaGuan/Improving-Phishing-Detection-Models,ChelseaGuan__Improving-Phishing-Detection-Models,12,12,5139,True
https://github.com/f-castellanos/lbp-pyramid,f-castellanos__lbp-pyramid,5,5,1314,True
https://github.com/alekseyen/ScoringWebServer,alekseyen__ScoringWebServer,3,3,416,True
https://github.com/waterwheel31/scalableMLpipeline,waterwheel31__scalableMLpipeline,2,2,250,True
https://github.com/hiimmuc/Speaker-verification-pytorch,hiimmuc__Speaker-verification-pytorch,13,13,3536,True
https://github.com/peymanrasouli/CARE,peymanrasouli__CARE,17,17,3248,True
https://github.com/gsq7474741/Paddle-NCR,gsq7474741__Paddle-NCR,12,12,2806,True
https://github.com/eduard357/car-price-estimation,eduard357__car-price-estimation,1,1,143,True
https://github.com/kyshel/ich,kyshel__ich,4,4,2062,True
https://github.com/alimirzazadeh/SemisupervisedAttention,alimirzazadeh__SemisupervisedAttention,20,20,2688,True
https://github.com/3neutronstar/criminal-cargo-detection,3neutronstar__criminal-cargo-detection,19,19,2144,True
https://github.com/sallyqiansun/network-eval,sallyqiansun__network-eval,14,14,1580,True
https://github.com/Tawfiqh/ML-Model-Comparison,Tawfiqh__ML-Model-Comparison,10,10,797,True
https://github.com/Tawfiqh/Car-Regression,Tawfiqh__Car-Regression,9,9,717,True
https://github.com/MIR-MU/regemt,MIR-MU__regemt,15,15,2408,True
https://github.com/mariusbock/dl-for-har,mariusbock__dl-for-har,10,10,2671,True
https://github.com/VineetKT/ML_fastapi_on_Heroku_CI-CD,VineetKT__ML_fastapi_on_Heroku_CI-CD,4,4,258,True
https://github.com/kdziedzic66/hate_speech,kdziedzic66__hate_speech,13,13,676,True
https://github.com/cyfronet-fid/recommender-system,cyfronet-fid__recommender-system,161,161,11076,True
https://github.com/Jokoe66/TianchiTrafficEstimation,Jokoe66__TianchiTrafficEstimation,15,15,2499,True
https://github.com/RAraghavarora/DFTB,RAraghavarora__DFTB,1,1,333,True
https://github.com/ogunlao/saint,ogunlao__saint,16,16,1172,True
https://github.com/johnmatzakos/detect-covid-19-in-xray-images,johnmatzakos__detect-covid-19-in-xray-images,5,5,353,True
https://github.com/takeru1205/AutoEncoderForClassification,takeru1205__AutoEncoderForClassification,5,5,886,True
https://github.com/iamraymondlow/poi-conflation-tool,iamraymondlow__poi-conflation-tool,8,8,2351,True
https://github.com/Pit-CL/footprintwifi,Pit-CL__footprintwifi,1,1,699,True
https://github.com/Alexhaoge/MLSR,Alexhaoge__MLSR,6,6,1920,True
https://github.com/rvorias/ind_knn_ad,rvorias__ind_knn_ad,4,4,802,True
https://github.com/joepalermo/dm_math_solvers,joepalermo__dm_math_solvers,15,15,2534,True
https://github.com/Raghuveer1997/Sentiment_Analysis,Raghuveer1997__Sentiment_Analysis,4,4,351,True
https://github.com/elenamer/ecg_classification_DL,elenamer__ecg_classification_DL,23,23,4652,True
https://github.com/tomerkeren42/MetabolicRate,tomerkeren42__MetabolicRate,6,6,801,True
https://github.com/imanefarah/ocp-heroku,imanefarah__ocp-heroku,1,1,281,True
https://github.com/GiuliaLanzillotta/CausalAE,GiuliaLanzillotta__CausalAE,41,41,8725,True
https://github.com/ZhaoqingLiu/FuzzyTrees,ZhaoqingLiu__FuzzyTrees,10,10,2564,True
https://github.com/ML4ITS/mtad-gat-pytorch,ML4ITS__mtad-gat-pytorch,9,9,3664,True
https://github.com/marcobenito/hipf,marcobenito__hipf,15,15,2517,True
https://github.com/Keredu/Intracranial-Hemorrhage-Detection,Keredu__Intracranial-Hemorrhage-Detection,13,13,1060,True
https://github.com/Hydrospheredata/hydro-visualization,Hydrospheredata__hydro-visualization,13,13,1691,True
https://github.com/JeroendenBoef/GraphPOPE,JeroendenBoef__GraphPOPE,2,2,506,True
https://github.com/viramya-shah/Improving-Customer-Experience,viramya-shah__Improving-Customer-Experience,7,7,1346,True
https://github.com/SeiyaMatsuda/LIFont,SeiyaMatsuda__LIFont,15,15,2550,True
https://github.com/icik251/HWR_group_5,icik251__HWR_group_5,9,9,2079,True
https://github.com/DrFab1/va_explainable_ai,DrFab1__va_explainable_ai,1,1,1070,True
https://github.com/UVA-MCPS-Lab/CARNA,UVA-MCPS-Lab__CARNA,3,3,1385,True
https://github.com/jozieLamp/CARNA,jozieLamp__CARNA,3,3,1439,True
https://github.com/paragrapharamus/msdp,paragrapharamus__msdp,26,26,5558,True
https://github.com/pelekhs/RiskML,pelekhs__RiskML,8,8,1588,True
https://github.com/sanghyeonp/MP-Net,sanghyeonp__MP-Net,55,55,4852,True
https://github.com/jckuri/Heroku_FastAPI,jckuri__Heroku_FastAPI,4,4,523,True
https://github.com/PowerLineSeg/PointCAD,PowerLineSeg__PointCAD,61,61,9998,True
https://github.com/cassiahh/TCC,cassiahh__TCC,4,4,787,True
https://github.com/kavko8/jiant_slovene,kavko8__jiant_slovene,149,149,21534,True
https://github.com/KostyaRyabov/phishDetect,KostyaRyabov__phishDetect,6,6,6658,True
https://github.com/tdeng-zuel/scRNA-FeatureSelection,tdeng-zuel__scRNA-FeatureSelection,21,21,2357,True
https://github.com/joaopedromattos/GNEE,joaopedromattos__GNEE,6,6,964,True
https://github.com/AnetaKaczynska/ProtoPNet,AnetaKaczynska__ProtoPNet,21,21,4564,True
https://github.com/hcw-00/STPM_anomaly_detection,hcw-00__STPM_anomaly_detection,1,1,445,True
https://github.com/gauravbajodia/SynGen,gauravbajodia__SynGen,2,2,1243,True
https://github.com/EastGit0/JITNet_segmentation,EastGit0__JITNet_segmentation,38,38,5073,True
https://github.com/bohniti/jigsaw-puzzle-solver,bohniti__jigsaw-puzzle-solver,6,6,660,True
https://github.com/anisurahaman/First,anisurahaman__First,2,2,1990,True
https://github.com/skywalker0803r/Tomofun-Dog-Voice-Recognition-AI-Million-Challenge,skywalker0803r__Tomofun-Dog-Voice-Recognition-AI-Million-Challenge,4,4,933,True
https://github.com/mehrdadep/deep-learning-nids,mehrdadep__deep-learning-nids,9,9,1388,True
https://github.com/micqu/hotel-challenge,micqu__hotel-challenge,4,4,622,True
https://github.com/tyiannak/readys,tyiannak__readys,18,18,4605,True
https://github.com/VumBleBot/odqa_baseline_code,VumBleBot__odqa_baseline_code,35,35,4247,True
https://github.com/QVPR/Patch-NetVLAD,QVPR__Patch-NetVLAD,11,11,1854,True
https://github.com/JonasStankevicius/ConvPoint_Keras,JonasStankevicius__ConvPoint_Keras,12,12,6514,True
https://github.com/saadabbasi/anomoly-detection,saadabbasi__anomoly-detection,3,3,569,True
https://github.com/phykn/xai_tree,phykn__xai_tree,29,29,2268,True
https://github.com/ryanpram/indonlu-facqa,ryanpram__indonlu-facqa,9,9,3005,True
https://github.com/heinrichreimer/modern-talking,heinrichreimer__modern-talking,23,23,4183,True
https://github.com/Protein-Engineering-Framework/PyPEF,Protein-Engineering-Framework__PyPEF,32,32,10318,True
https://github.com/Venky0892/NLP_APP,Venky0892__NLP_APP,5,5,1062,True
https://github.com/galikatz/phd_2021_new,galikatz__phd_2021_new,5,5,1240,True
https://github.com/Pex2892/PEAK,Pex2892__PEAK,7,7,924,True
https://github.com/DuoJiang/Importance-Weighting-in-Deep-Learning,DuoJiang__Importance-Weighting-in-Deep-Learning,6,6,605,True
https://github.com/deep-wind/miniproject,deep-wind__miniproject,1,1,440,True
https://github.com/anik-jha/tnp,anik-jha__tnp,37,37,9778,True
https://github.com/aj-naik/Women-Diabetes-Detector,aj-naik__Women-Diabetes-Detector,1,1,272,True
https://github.com/worldtaboonpong/datast,worldtaboonpong__datast,9,9,731,True
https://github.com/Bosti07/Financial_fraud_detection,Bosti07__Financial_fraud_detection,2,2,502,True
https://github.com/amalolan/vehicle-counter,amalolan__vehicle-counter,18,18,3160,True
https://github.com/A6a7H/Rich,A6a7H__Rich,13,13,1613,True
https://github.com/flawnson/Ouroboros,flawnson__Ouroboros,32,32,3824,True
https://github.com/cheesama/shopee-product-matching,cheesama__shopee-product-matching,6,6,455,True
https://github.com/julsunny/darthradar,julsunny__darthradar,11,11,1997,True
https://github.com/princeton-nlp/SimCSE,princeton-nlp__SimCSE,3,3,1534,True
https://github.com/adblackx/ODR,adblackx__ODR,17,17,1577,True
https://github.com/karthikbhamidipati/multi-task-speech-classification,karthikbhamidipati__multi-task-speech-classification,14,14,1020,True
https://github.com/AtlantixJJ/LinearGAN,AtlantixJJ__LinearGAN,36,36,10906,True
https://github.com/nayeemrizve/invariance-equivariance,nayeemrizve__invariance-equivariance,14,14,2537,True
https://github.com/jforbis/make-that-bread,jforbis__make-that-bread,3,3,511,True
https://github.com/ASUS-AICS/LibMultiLabel,ASUS-AICS__LibMultiLabel,18,18,4730,True
https://github.com/angusev/SCGAN,angusev__SCGAN,13,13,1277,True
https://github.com/infinityAJ/stock_smart,infinityAJ__stock_smart,3,3,253,True
https://github.com/fedem96/predict-cancer-variables,fedem96__predict-cancer-variables,16,16,2225,True
https://github.com/jpmcd/jiant-v1-legacy,jpmcd__jiant-v1-legacy,52,52,16817,True
https://github.com/AhmedAbouzaid1/Medical-Question-Answering-System,AhmedAbouzaid1__Medical-Question-Answering-System,1,1,314,True
https://github.com/iloveslowfood/RelationExtraction,iloveslowfood__RelationExtraction,10,10,1379,True
https://github.com/justinhchae/stocks,justinhchae__stocks,14,14,1752,True
https://github.com/TheJorseman/EmotionNeuralInterface,TheJorseman__EmotionNeuralInterface,24,24,2752,True
https://github.com/Yunnglin/GeoQA,Yunnglin__GeoQA,12,12,1693,True
https://github.com/AlexKay28/MedConcNorm,AlexKay28__MedConcNorm,20,20,1633,True
https://github.com/ShengtianSang/SemaTyP,ShengtianSang__SemaTyP,4,4,1117,True
https://github.com/onurbil/emotion_from_speech,onurbil__emotion_from_speech,6,6,799,True
https://github.com/yyh0806/Ameme_public,yyh0806__Ameme_public,115,115,22706,True
https://github.com/BitLab16/Machine-learning,BitLab16__Machine-learning,20,20,407,True
https://github.com/tim-inzitari/Hearthstone-Deck-Clusterer,tim-inzitari__Hearthstone-Deck-Clusterer,11,11,1621,True
https://github.com/andreapdr/gFun,andreapdr__gFun,25,25,4579,True
https://github.com/indobenchmark/indonlu,indobenchmark__indonlu,0,0,0,True
https://github.com/samantamrityunjay/Automatic-assignment-of-ICD10-codes,samantamrityunjay__Automatic-assignment-of-ICD10-codes,22,22,1198,True
https://github.com/saif-mahmud/self-attention-HAR,saif-mahmud__self-attention-HAR,23,23,1448,True
https://github.com/dastronmighty/dl-project,dastronmighty__dl-project,23,23,2757,True
https://github.com/tayebiarasteh/retweet,tayebiarasteh__retweet,7,7,2016,True
https://github.com/mikitachab/deepfake-detection,mikitachab__deepfake-detection,11,11,709,True
https://github.com/mhezarei/ai-bot,mhezarei__ai-bot,30,30,2234,True
https://github.com/TakeruEndo/kaggle_Cassava,TakeruEndo__kaggle_Cassava,8,8,1408,True
https://github.com/bahtman/Adv_ML_Lira,bahtman__Adv_ML_Lira,9,9,1026,True
https://github.com/mb010/EquivariantSelfAttention,mb010__EquivariantSelfAttention,19,19,4574,True
https://github.com/leebebeto/Missing-children,leebebeto__Missing-children,13,13,4967,True
https://github.com/victor-basisai/credit-scoring,victor-basisai__credit-scoring,2,2,408,True
https://github.com/samsudinng/speech_accent_recognition,samsudinng__speech_accent_recognition,19,19,1447,True
https://github.com/bastianatte/StockRegr,bastianatte__StockRegr,7,7,1558,True
https://github.com/sting1000/generator,sting1000__generator,6,6,985,True
https://github.com/jaymody/misinformation-detection-with-transformers,jaymody__misinformation-detection-with-transformers,7,7,2464,True
https://github.com/TatianaMoteuN/flair,TatianaMoteuN__flair,29,29,25195,True
https://github.com/Murali-group/supervised-grns,Murali-group__supervised-grns,9,9,2068,True
https://github.com/human-analysis/pytorchnet,human-analysis__pytorchnet,50,50,7238,True
https://github.com/mpoiitis/iSpine,mpoiitis__iSpine,33,33,4910,True
https://github.com/talha12981/sahte,talha12981__sahte,6,6,697,True
https://github.com/liqing-ustc/ANS,liqing-ustc__ANS,12,12,1934,True
https://github.com/tarkantemizoz/Cost-Sensitive-Learning,tarkantemizoz__Cost-Sensitive-Learning,22,22,3453,True
https://github.com/Hethsron/deepmwoo,Hethsron__deepmwoo,6,6,1261,True
https://github.com/dfdazac/blp,dfdazac__blp,4,4,1282,True
https://github.com/reach1dev/api-ml-web-tool,reach1dev__api-ml-web-tool,8,8,2009,True
https://github.com/ialab-puc/segmentation_guided_attention,ialab-puc__segmentation_guided_attention,18,18,1671,True
https://github.com/hojunroks/label2vec,hojunroks__label2vec,6,6,805,True
https://github.com/mslovett21/decaf-pegasus-covid,mslovett21__decaf-pegasus-covid,11,11,945,True
https://github.com/DevMilk/AutoNLP-CLSF,DevMilk__AutoNLP-CLSF,8,8,520,True
https://github.com/mengtinglll/deepke,mengtinglll__deepke,26,26,2079,True
https://github.com/RayRuizhiLiao/resnet_chestxray,RayRuizhiLiao__resnet_chestxray,8,8,2164,True
https://github.com/elBichon/online_machine_learning,elBichon__online_machine_learning,2,2,397,True
https://github.com/mcps5601/TimeGAN-tensorflow2,mcps5601__TimeGAN-tensorflow2,18,18,2134,True
https://github.com/EricPostMaster/market-research-cluster-analysis,EricPostMaster__market-research-cluster-analysis,1,1,385,True
https://github.com/Javihaus/Auto-ML-app-with-dash,Javihaus__Auto-ML-app-with-dash,1,1,1458,True
https://github.com/uoo723/M2m_text,uoo723__M2m_text,21,21,6920,True
https://github.com/silencedsre/Fusemachines-AI-Training,silencedsre__Fusemachines-AI-Training,6,6,259,True
https://github.com/delinhquent/unnatural-reviews-detector,delinhquent__unnatural-reviews-detector,25,25,2217,True
https://github.com/CRJoshuaa/Data-Mining-Project,CRJoshuaa__Data-Mining-Project,1,1,303,True
https://github.com/mastrHyperion98/CNN-Music-Classifier,mastrHyperion98__CNN-Music-Classifier,1,1,343,True
https://github.com/alexchungio/Multi-Lable-Classification-Planet,alexchungio__Multi-Lable-Classification-Planet,13,13,2567,True
https://github.com/Zerkles/SRUDA,Zerkles__SRUDA,6,6,765,True
https://github.com/oddeirikigland/ist-data-science,oddeirikigland__ist-data-science,18,18,2579,True
https://github.com/9DemonFox/simpleLearning,9DemonFox__simpleLearning,38,38,6681,True
https://github.com/nicoloverardo/master-degree-thesis,nicoloverardo__master-degree-thesis,6,6,4779,True
https://github.com/CHeffernan087/NBA_Machine_Learning_Model,CHeffernan087__NBA_Machine_Learning_Model,10,10,1248,True
https://github.com/Jason0917/Normalizing-Flow-Based-Defect-Detection,Jason0917__Normalizing-Flow-Based-Defect-Detection,8,8,1297,True
https://github.com/cristianokunas/Sentiment_Analysis,cristianokunas__Sentiment_Analysis,2,2,214,True
https://github.com/LucaUrban/prova_streamlit,LucaUrban__prova_streamlit,1,1,1179,True
https://github.com/rodrigorivera/mds20_returney,rodrigorivera__mds20_returney,10,10,945,True
https://github.com/isabelcachola/ML-Fall2020-Final-Project,isabelcachola__ML-Fall2020-Final-Project,4,4,737,True
https://github.com/nantesmetropole/school_meal_forecast_xgboost,nantesmetropole__school_meal_forecast_xgboost,19,19,1853,True
https://github.com/tanmaymane18/AI202513,tanmaymane18__AI202513,1,1,422,True
https://github.com/NawasNaziru/REVENUE-PREDICTION-USING-IBM-AI-ENTERPRISE-WORKFLOW,NawasNaziru__REVENUE-PREDICTION-USING-IBM-AI-ENTERPRISE-WORKFLOW,4,4,680,True
https://github.com/Tinusf/ml_cancer_screening,Tinusf__ml_cancer_screening,5,5,422,True
https://github.com/DWhistle/virus-hack,DWhistle__virus-hack,16,16,1003,True
https://github.com/adamjstewart/crop_yield_prediction,adamjstewart__crop_yield_prediction,5,5,860,True
https://github.com/mlai-student/Lab2020-21ClusteringCovidData,mlai-student__Lab2020-21ClusteringCovidData,17,17,1344,True
https://github.com/YuhaoCheng/PyAnomaly,YuhaoCheng__PyAnomaly,85,85,10553,True
https://github.com/easylearn-fmri/easylearn_dev,easylearn-fmri__easylearn_dev,29,29,8905,True
https://github.com/Fosso/trackdecpred,Fosso__trackdecpred,5,5,530,True
https://github.com/kzinmr/mlflow_bert_ja,kzinmr__mlflow_bert_ja,1,1,1156,True
https://github.com/MatthiasJakobs/explainable-interactive-website,MatthiasJakobs__explainable-interactive-website,4,4,710,True
https://github.com/anhtuanhsgs/ColorRL,anhtuanhsgs__ColorRL,25,25,5632,True
https://github.com/hmashrique/Car-Price-Prediction,hmashrique__Car-Price-Prediction,3,3,489,True
https://github.com/IShengFang/Digital_Medicine_2020Fall_RSNA_ICH_Detection,IShengFang__Digital_Medicine_2020Fall_RSNA_ICH_Detection,9,9,834,True
https://github.com/ebottabi/LiveAI,ebottabi__LiveAI,12,12,8006,True
https://github.com/alexaor/tdt4173,alexaor__tdt4173,12,12,1906,True
https://github.com/feldlime/X5RetailHeroUplift,feldlime__X5RetailHeroUplift,10,10,1251,True
https://github.com/Preeti24/Youtube-comments,Preeti24__Youtube-comments,5,5,942,True
https://github.com/invett/nn.based.intersection.classficator,invett__nn.based.intersection.classficator,6,6,6719,True
https://github.com/unitaryai/detoxify,unitaryai__detoxify,3,3,485,True
https://github.com/nyu-mll/online-code-for-edge-probing,nyu-mll__online-code-for-edge-probing,52,52,16897,True
https://github.com/PhilippKrueger/ml-many-body-localization,PhilippKrueger__ml-many-body-localization,8,8,624,True
https://github.com/noycohen100/MARCO-GE,noycohen100__MARCO-GE,23,23,1797,True
https://github.com/tmcphee/Hotel-Review-Analyzer,tmcphee__Hotel-Review-Analyzer,5,5,847,True
https://github.com/wjensheng/recursion,wjensheng__recursion,29,29,3629,True
https://github.com/Allovertom/YouReadAtBranch,Allovertom__YouReadAtBranch,7,7,313,True
https://github.com/techblogp/MusicVideoCommentAnalyzer,techblogp__MusicVideoCommentAnalyzer,5,5,940,True
https://github.com/machouz/TextClassificationScript,machouz__TextClassificationScript,21,21,4156,True
https://github.com/microsoft/datadrivenmodel,microsoft__datadrivenmodel,13,13,4256,True
https://github.com/ben-hawks/pytorch-jet-classify,ben-hawks__pytorch-jet-classify,8,8,1760,True
https://github.com/chen-jimmy/AutoBot,chen-jimmy__AutoBot,1,1,192,True
https://github.com/bentanlw/ebacs_plp_project,bentanlw__ebacs_plp_project,7,7,1226,True
https://github.com/YuehuaZhu/ProxyGML,YuehuaZhu__ProxyGML,7,7,1728,True
https://github.com/e2e-retrieval-in-continuous-space/e2e-retrieval,e2e-retrieval-in-continuous-space__e2e-retrieval,10,10,1410,True
https://github.com/benjides/MusicGenreClassifier,benjides__MusicGenreClassifier,17,17,1003,True
https://github.com/MachineLP/PyTorch_image_classifier,MachineLP__PyTorch_image_classifier,13,13,821,True
https://github.com/paulagd/GCE,paulagd__GCE,21,21,4831,True
https://github.com/awarenessxz/acoustic-scene-classification,awarenessxz__acoustic-scene-classification,10,10,2387,True
https://github.com/grant-pittman/ML-FIFA-Stats,grant-pittman__ML-FIFA-Stats,1,1,678,True
https://github.com/danifranco/EM_Image_Segmentation,danifranco__EM_Image_Segmentation,16,16,22418,True
https://github.com/michi-d/bundestweets,michi-d__bundestweets,15,15,2709,True
https://github.com/sahivy13/clients_from_hell_heroku,sahivy13__clients_from_hell_heroku,4,4,1610,True
https://github.com/nyu-mll/jiant-v1-legacy,nyu-mll__jiant-v1-legacy,52,52,16817,True
https://github.com/jschiefner/covid19-classification,jschiefner__covid19-classification,7,7,588,True
https://github.com/dmcinerney/ehr-extraction-models,dmcinerney__ehr-extraction-models,20,20,2025,True
https://github.com/wazeerzulfikar/deep-split-ensembles,wazeerzulfikar__deep-split-ensembles,8,8,2723,True
https://github.com/ashok-arjun/Zero-Shot-Sketch-Based-Image-Retrieval,ashok-arjun__Zero-Shot-Sketch-Based-Image-Retrieval,6,6,603,True
https://github.com/SamujjwalSam/Short-text_GNN,SamujjwalSam__Short-text_GNN,28,28,6791,True
https://github.com/fznsakib/great-ape-behaviour-detector,fznsakib__great-ape-behaviour-detector,12,12,2305,True
https://github.com/ns-rokuyon/kaggle-bengali-classification,ns-rokuyon__kaggle-bengali-classification,16,16,3846,True
https://github.com/kumatheworld/niaoge,kumatheworld__niaoge,5,5,416,True
https://github.com/lRomul/argus-alaska,lRomul__argus-alaska,15,15,1292,True
https://github.com/lRomul/argus-bengali-ai,lRomul__argus-bengali-ai,22,22,1919,True
https://github.com/gesiscss/sexism_custom_classifier,gesiscss__sexism_custom_classifier,24,24,1770,True
https://github.com/a-luengen/anytimeDnn,a-luengen__anytimeDnn,14,14,2661,True
https://github.com/vndee/ab2sa,vndee__ab2sa,5,5,704,True
https://github.com/wazeerzulfikar/alzheimers-dementia,wazeerzulfikar__alzheimers-dementia,8,8,1527,True
https://github.com/vietdung126/BankClassify,vietdung126__BankClassify,13,13,2421,True
https://github.com/ihaeyong/drama-graph,ihaeyong__drama-graph,14,14,2949,True
https://github.com/shalomma/ToBark,shalomma__ToBark,5,5,529,True
https://github.com/SwatiSSwain/SwatiSSwain-REP-Project-Three,SwatiSSwain__SwatiSSwain-REP-Project-Three,2,2,418,True
https://github.com/amirhk/recourse,amirhk__recourse,19,19,6786,True
https://github.com/swapnanildutta/Mushroom-Classification-Web-App,swapnanildutta__Mushroom-Classification-Web-App,1,1,132,True
https://github.com/guillermoim/deepfakes-policy-optimization,guillermoim__deepfakes-policy-optimization,8,8,1336,True
https://github.com/AxekA13/ModelTracking,AxekA13__ModelTracking,5,5,486,True
https://github.com/kangakum36/FlowAI,kangakum36__FlowAI,8,8,435,True
https://github.com/iUssel/MiningPersonalityInGerman,iUssel__MiningPersonalityInGerman,29,29,5835,True
https://github.com/Maryam-Ah/Insurance-Charges-Prediction-App-with-Azure-and-Streamit,Maryam-Ah__Insurance-Charges-Prediction-App-with-Azure-and-Streamit,1,1,324,True
https://github.com/timvdh123/simula_smarthome,timvdh123__simula_smarthome,7,7,1787,True
https://github.com/KIT-ISAS/TrackSort_Neural_Public,KIT-ISAS__TrackSort_Neural_Public,8,8,3907,True
https://github.com/bindog/nlp-training,bindog__nlp-training,41,41,20976,True
https://github.com/ryansteed/learning-appearance-bias,ryansteed__learning-appearance-bias,6,6,737,True
https://github.com/vndee/bertvi-sentiment,vndee__bertvi-sentiment,14,14,1410,True
https://github.com/sampathkethineedi/bert-topic-sentiment,sampathkethineedi__bert-topic-sentiment,4,4,645,True
https://github.com/flawnson/Generic_GNN,flawnson__Generic_GNN,16,16,1390,True
https://github.com/mdork/Steganalysis-DeepVision-Project,mdork__Steganalysis-DeepVision-Project,7,7,1737,True
https://github.com/stefanDeveloper/covid-19-neural-network,stefanDeveloper__covid-19-neural-network,8,8,756,True
https://github.com/microsoft/robustdg,microsoft__robustdg,43,43,7387,True
https://github.com/gmftbyGMFTBY/OpenDialog,gmftbyGMFTBY__OpenDialog,65,65,16169,True
https://github.com/shawnd29/eda-webapp,shawnd29__eda-webapp,7,7,14553,True
https://github.com/arpanadhikari1/CPLP,arpanadhikari1__CPLP,1,1,232,True
https://github.com/arpanadhikari1/FER,arpanadhikari1__FER,1,1,141,True
https://github.com/anhdhbn/facerec,anhdhbn__facerec,7,7,1563,True
https://github.com/TienSFU25/983-test,TienSFU25__983-test,10,10,1062,True
https://github.com/micts/anomaly-detection-robotic-vehicle,micts__anomaly-detection-robotic-vehicle,3,3,393,True
https://github.com/nicolasfacchinetti97/progettoBioInf,nicolasfacchinetti97__progettoBioInf,9,9,1051,True
https://github.com/mystery2828/playwithML,mystery2828__playwithML,1,1,580,True
https://github.com/kayjanw/test-app,kayjanw__test-app,63,63,11618,True
https://github.com/THUDM/GCC,THUDM__GCC,12,12,2369,True
https://github.com/ptv1p3r/neuralnet_breastcancer,ptv1p3r__neuralnet_breastcancer,6,6,556,True
https://github.com/pyyush/GraphML,pyyush__GraphML,4,4,489,True
https://github.com/hellohaptik/multi-task-NLP,hellohaptik__multi-task-NLP,11,11,2478,True
https://github.com/leonoravesterbacka/carl-torch,leonoravesterbacka__carl-torch,11,11,2234,True
https://github.com/todatech/csda-lab,todatech__csda-lab,13,13,2493,True
https://github.com/DmitriiDenisov/research_oversampling,DmitriiDenisov__research_oversampling,6,6,772,True
https://github.com/svil1502/heroku,svil1502__heroku,1,1,259,True
https://github.com/epsilonai/mahmoud-abdelsattar-CeditCardFraud,epsilonai__mahmoud-abdelsattar-CeditCardFraud,4,4,199,True
https://github.com/thundersparkf/tweet,thundersparkf__tweet,6,6,610,True
https://github.com/PJvanderLaan/IR-user-intent,PJvanderLaan__IR-user-intent,10,10,1040,True
https://github.com/FMuenke/structured_segmentation,FMuenke__structured_segmentation,37,37,2954,True
https://github.com/OliverSaarela/ml-probability,OliverSaarela__ml-probability,4,4,433,True
https://github.com/auto-flow/auto-flow,auto-flow__auto-flow,75,75,10952,True
https://github.com/ejson03/DWM-Mini-Project,ejson03__DWM-Mini-Project,8,8,427,True
https://github.com/Frakma/IFT725-Projet,Frakma__IFT725-Projet,8,8,905,True
https://github.com/iliasprc/COVIDNet,iliasprc__COVIDNet,18,18,2179,True
https://github.com/taylorplumer/classifiers-dash,taylorplumer__classifiers-dash,7,7,435,True
https://github.com/AmadouSadouAbihi/Leaf-classification,AmadouSadouAbihi__Leaf-classification,12,12,772,True
https://github.com/luanps/comex_stat,luanps__comex_stat,5,5,795,True
https://github.com/luanps/airbnb,luanps__airbnb,5,5,802,True
https://github.com/svenkilian/Financial,svenkilian__Financial,10,10,5201,True
https://github.com/randilu/Impact-Analysis-Module-codebase,randilu__Impact-Analysis-Module-codebase,13,13,1042,True
https://github.com/BloomTech-Labs/omega2020-ds,BloomTech-Labs__omega2020-ds,8,8,2523,True
https://github.com/daniel235/RNAmodificationClassifier,daniel235__RNAmodificationClassifier,15,15,2006,True
https://github.com/bot-zen/naacl_flp_st,bot-zen__naacl_flp_st,1,1,899,True
https://github.com/koukyo1994/kaggle-dsb2019,koukyo1994__kaggle-dsb2019,70,70,12732,True
https://github.com/omar-mohamed/X-Ray-Report-Generation,omar-mohamed__X-Ray-Report-Generation,16,16,1145,True
https://github.com/CIDARLAB/neural-optimizer,CIDARLAB__neural-optimizer,34,34,3974,True
https://github.com/teotsi/Data_Mining_project,teotsi__Data_Mining_project,1,1,94,True
https://github.com/RicherMans/Speaker-Anti-Spoofing-Classifiers,RicherMans__Speaker-Anti-Spoofing-Classifiers,6,6,1191,True
https://github.com/alessiosavi/PyRecognizer,alessiosavi__PyRecognizer,7,7,1508,True
https://github.com/GinGinWang/MTQ,GinGinWang__MTQ,30,30,5615,True
https://github.com/dirichletcal/experiments_neurips,dirichletcal__experiments_neurips,13,13,4897,True
https://github.com/kasperekt/EnsembleDiversity,kasperekt__EnsembleDiversity,51,51,2041,True
https://github.com/aauss/EventEpi,aauss__EventEpi,7,7,1448,True
https://github.com/micado-scale/component-optimizer,micado-scale__component-optimizer,9,9,3661,True
https://github.com/nestoor22/apartmentML,nestoor22__apartmentML,11,11,954,True
https://github.com/naver/claf,naver__claf,148,148,17513,True
https://github.com/ZihengZZH/bipolar-disorder,ZihengZZH__bipolar-disorder,16,16,4610,True
https://github.com/stefanoteso/calimocho,stefanoteso__calimocho,7,7,921,True
https://github.com/xadrianzetx/fullstack.ai,xadrianzetx__fullstack.ai,6,6,459,True
https://github.com/szymon6927/bio-gen-calc,szymon6927__bio-gen-calc,61,61,3419,True
https://github.com/dodinhtrung97/stock_data_processor,dodinhtrung97__stock_data_processor,34,34,2407,True
https://github.com/Prabhu204/Very-Deep-Convolutional-Networks-for-Large-Scale-Image-Recognition,Prabhu204__Very-Deep-Convolutional-Networks-for-Large-Scale-Image-Recognition,3,3,378,True
https://github.com/Garfounkel/emotion_analysis,Garfounkel__emotion_analysis,11,11,1381,True
https://github.com/shitian-taiger/relational-extraction,shitian-taiger__relational-extraction,7,7,1319,True
https://github.com/jakobzmrzlikar/DataBench,jakobzmrzlikar__DataBench,4,4,581,True
https://github.com/BUPT-GAMMA/OpenHINE,BUPT-GAMMA__OpenHINE,18,18,5616,True
https://github.com/dwidemann/self_supervision_for_transfer_learning,dwidemann__self_supervision_for_transfer_learning,17,17,1423,True
https://github.com/jtbricker/aidp,jtbricker__aidp,9,9,854,True
https://github.com/namisan/mt-dnn,namisan__mt-dnn,33,33,8688,True
https://github.com/pywash/pywash,pywash__pywash,18,18,2180,True
https://github.com/szymanskir/SpeechCommands-RNN,szymanskir__SpeechCommands-RNN,10,10,685,True
https://github.com/tjcubing/TJCubing,tjcubing__TJCubing,5,5,1736,True
https://github.com/TrueWarg/hrmlp,TrueWarg__hrmlp,24,24,669,True
https://github.com/kohjingyu/lasagna,kohjingyu__lasagna,5,5,1096,True
https://github.com/thomaskuestner/CNNArt,thomaskuestner__CNNArt,22,22,3144,True
https://github.com/danhlee/squads,danhlee__squads,5,5,1262,True
https://github.com/ArronHZG/cancer2.0,ArronHZG__cancer2.0,8,8,1352,True
https://github.com/felixSchober/ABSA-Transformer,felixSchober__ABSA-Transformer,42,42,8786,True
https://github.com/yusuke0519/constrastive_predictive_coding,yusuke0519__constrastive_predictive_coding,6,6,1002,True
https://github.com/amirrassafi/PFSBS,amirrassafi__PFSBS,7,7,522,True
https://github.com/national-basketball-association/NPS,national-basketball-association__NPS,7,7,3372,True
https://github.com/TsunndokuSeniorProject/back-end,TsunndokuSeniorProject__back-end,8,8,1445,True
https://github.com/nshaud/DeepHyperX,nshaud__DeepHyperX,6,6,2704,True
https://github.com/senakicir/ntds_project,senakicir__ntds_project,13,13,2137,True
https://github.com/victorkifer/ecg-af-detection-physionet-2017,victorkifer__ecg-af-detection-physionet-2017,12,12,519,True
https://github.com/pchampio/sentence-entailment,pchampio__sentence-entailment,7,7,880,True
https://github.com/samarthbhargav/hackathon4good,samarthbhargav__hackathon4good,7,7,917,True
https://github.com/AlexDel/levheimcube,AlexDel__levheimcube,2,2,153,True
https://github.com/kairosart/factors,kairosart__factors,9,9,3453,True
https://github.com/garyblocks/scientist,garyblocks__scientist,21,21,2973,True
https://github.com/plstcharles/thelper,plstcharles__thelper,58,58,18180,True
https://github.com/KDD-OpenSource/DeepADoTS,KDD-OpenSource__DeepADoTS,22,22,3474,True
